 ==================== ALOHA result file ====================
 \t\t S \t\t RZheg \t\t K_cpl 
 (-0.54487654085541126     , 0.10149763754793442     ) (  21.493243746966318     ,  0.0000000000000000     ) ( 6.33806623393979880E-003,-4.69924738949337780E-003)
 (-7.83344697647239269E-002, 8.30856799490111569E-003) (  0.0000000000000000     ,  0.0000000000000000     ) (  0.0000000000000000     ,  0.0000000000000000     )
 ( 6.69638941160070195E-002, 5.52358476735208687E-002) (  0.0000000000000000     ,  0.0000000000000000     ) (-5.59003364713579623E-004,-1.53551209617553940E-005)
 (-0.22723214846306491     , 9.76129679105892101E-002) (  0.0000000000000000     ,  0.0000000000000000     ) ( 1.24393459784795271E-003,-4.51218720000040683E-003)
 (-0.12768798431579337     ,-4.81394657341761220E-002) (  0.0000000000000000     ,  0.0000000000000000     ) ( 1.16122084828202679E-003,-2.10442859394478353E-004)
 (-4.59475794243541097E-002,-2.26090399464599322E-002) (  0.0000000000000000     ,  0.0000000000000000     ) ( 1.22822833408544159E-004, 5.22658993314211438E-005)
 (-3.01710726252834641E-002, 6.47100830127251836E-002) (  0.0000000000000000     ,  0.0000000000000000     ) (-1.87868301351154596E-003,-2.92248560209448782E-003)
 (-2.73028808739300341E-002, 4.53864091680515700E-003) (  0.0000000000000000     ,  0.0000000000000000     ) ( 4.92350539872834819E-004,-5.64627733016494129E-004)
 (-7.55420032955056702E-003, 8.91550669381509816E-004) (  0.0000000000000000     ,  0.0000000000000000     ) ( 6.05509821284473500E-005, 2.27912570401090113E-005)
 ( 9.23237153272645286E-003, 3.02881378233938944E-002) (  0.0000000000000000     ,  0.0000000000000000     ) (-2.81400420671174857E-003,-5.42916653908610911E-004)
 (-8.32065088618786156E-003, 6.24976159034631475E-003) (  0.0000000000000000     ,  0.0000000000000000     ) ( 3.46380847799396143E-007,-6.11356570975221279E-004)
 (-1.79878248967651447E-003, 1.18035213398049962E-003) (  0.0000000000000000     ,  0.0000000000000000     ) ( 5.07995485570194896E-005,-1.10564077968198386E-005)
 ( 1.71573732388453810E-002, 8.48146033037668924E-003) (  0.0000000000000000     ,  0.0000000000000000     ) (-2.08104986341324559E-003, 1.47536615359540840E-003)
 (-1.67227757277743248E-003, 5.04798175111049411E-003) (  0.0000000000000000     ,  0.0000000000000000     ) (-3.52687240375815572E-004,-3.89739530703527026E-004)
 (-1.71610298982519696E-004, 1.02850647004985277E-003) (  0.0000000000000000     ,  0.0000000000000000     ) ( 2.75907562441830475E-005,-3.62441673998390270E-005)
 ( 1.22874592929554868E-002,-3.30047365695047964E-003) (  0.0000000000000000     ,  0.0000000000000000     ) (-4.09638534350483820E-004, 2.31203980784868129E-003)
 ( 1.37300023897846688E-003, 3.09582540257174067E-003) (  0.0000000000000000     ,  0.0000000000000000     ) (-4.65985779119683894E-004,-3.21297719512587244E-005)
 ( 1.60158421350212188E-004, 4.42446721935185012E-004) (  0.0000000000000000     ,  0.0000000000000000     ) (-2.00264645921011221E-006,-4.14961804160885803E-005)
 ( 4.64329864741149217E-003,-7.78400357738160808E-003) (  0.0000000000000000     ,  0.0000000000000000     ) ( 1.20111733871814839E-003, 1.79270765718497977E-003)
 ( 2.50061486041817764E-003, 1.20328157611581418E-003) (  0.0000000000000000     ,  0.0000000000000000     ) (-3.28794653465600245E-004, 2.81524827008268572E-004)
 ( 3.92728157207725744E-004,-3.00818359785729386E-005) (  0.0000000000000000     ,  0.0000000000000000     ) (-2.65041523885897966E-005,-2.63451353357582787E-005)
 (-1.64994624838956001E-003,-6.49101567747890559E-003) (  0.0000000000000000     ,  0.0000000000000000     ) ( 1.94409520943394074E-003, 3.88810353078501291E-004)
 ( 2.11114227941384697E-003,-1.69863421079593201E-004) (  0.0000000000000000     ,  0.0000000000000000     ) (-4.30272456662974040E-005, 4.06540395987822496E-004)
 ( 4.58516493146242062E-004, 2.83862897646210218E-005) (  0.0000000000000000     ,  0.0000000000000000     ) (-3.52633843158845677E-005,-1.15428039227914471E-006)
 (-5.09146462505577838E-003,-2.81737656103277180E-003) (  0.0000000000000000     ,  0.0000000000000000     ) ( 1.55055707945597407E-003,-1.05351660681256266E-003)
 ( 9.00613264428563876E-004,-6.69770541022522551E-004) (  0.0000000000000000     ,  0.0000000000000000     ) ( 2.30373832036914489E-004, 3.02928422229397818E-004)
 ( 8.61792978910015824E-005,-1.87889710240536173E-004) (  0.0000000000000000     ,  0.0000000000000000     ) (-2.46413868946037026E-005, 2.18907905533685792E-005)
 (-3.84225860115780873E-003, 1.57705489483885085E-003) (  0.0000000000000000     ,  0.0000000000000000     ) ( 3.47302071175228000E-004,-1.77342026295858606E-003)
 (-4.47810708924459809E-004,-1.05440486220359964E-003) (  0.0000000000000000     ,  0.0000000000000000     ) ( 3.52797177671952363E-004, 5.23724982446662681E-005)
 (-1.74421891628352764E-004, 3.81842388301086618E-004) (  0.0000000000000000     ,  0.0000000000000000     ) (-2.98064919298567237E-006, 2.83310836858896901E-005)
 (-2.45513022771938006E-003, 2.96075526452735946E-003) (  0.0000000000000000     ,  0.0000000000000000     ) (-9.21437224685846745E-004,-1.45574737113272228E-003)
 (-1.23428593619593035E-003,-8.45036089316716205E-004) (  0.0000000000000000     ,  0.0000000000000000     ) ( 2.73735251976033294E-004,-2.02213850164958638E-004)
 (-1.88188283146278689E-004,-4.39778107654757928E-004) (  0.0000000000000000     ,  0.0000000000000000     ) ( 1.92606890563786722E-005, 2.35918515257712765E-005)
 ( 2.19030216019863179E-004, 3.02799478141637778E-003) (  0.0000000000000000     ,  0.0000000000000000     ) (-1.57193536690994275E-003,-3.72339990464199766E-004)
 (-9.18620892318558219E-004, 1.80073017993682711E-004) (  0.0000000000000000     ,  0.0000000000000000     ) ( 5.18236500967013942E-005,-3.26708585958541281E-004)
 (-2.55851573809607889E-005,-2.32160711663686823E-005) (  0.0000000000000000     ,  0.0000000000000000     ) ( 2.79229369245708803E-005, 3.79640111743603256E-006)
 ( 2.89445929901309754E-003, 1.23402876839764529E-003) (  0.0000000000000000     ,  0.0000000000000000     ) (-1.31069642483873979E-003, 8.33277347499296263E-004)
 (-6.99211092099359536E-004, 2.09332437639827570E-004) (  0.0000000000000000     ,  0.0000000000000000     ) (-1.77690915779922152E-004,-2.64143186196695318E-004)
 ( 1.98872592238239708E-004, 8.09067234394743751E-004) (  0.0000000000000000     ,  0.0000000000000000     ) ( 1.81003850937512526E-005,-1.71629263676460304E-005)
 ( 2.89334255154997293E-003,-9.99656548454445079E-004) (  0.0000000000000000     ,  0.0000000000000000     ) (-3.45115459221472540E-004, 1.49150732946954517E-003)
 (-5.96697960825593983E-005,-7.30564416363659595E-005) (  0.0000000000000000     ,  0.0000000000000000     ) (-2.95904746295498047E-004,-6.08620468424281240E-005)
 (-1.24641195456764802E-004,-2.23196114351823064E-004) (  0.0000000000000000     ,  0.0000000000000000     ) ( 3.79595296703618262E-006,-2.59846103359063813E-005)
 ( 1.78491229597190328E-003,-1.69211949453737845E-003) (  0.0000000000000000     ,  0.0000000000000000     ) ( 7.46428804988656398E-004, 1.28239357783107330E-003)
 (-6.97666225674429337E-004,-8.65962974334082668E-004) (  0.0000000000000000     ,  0.0000000000000000     ) (-2.29671894220272079E-004, 1.62432163956499344E-004)
 (-1.18000055326088090E-005, 1.88913153345353856E-004) (  0.0000000000000000     ,  0.0000000000000000     ) (-1.49068872094138112E-005,-2.13828879373572468E-005)
 (-1.15230837788114554E-003,-1.50398048958110637E-003) (  0.0000000000000000     ,  0.0000000000000000     ) ( 1.36583001009397379E-003, 3.76621852740823915E-004)
 ( 1.51011392810367008E-003, 3.77009932157368094E-005) (  0.0000000000000000     ,  0.0000000000000000     ) (-6.19888482552974140E-005, 2.81186950552753643E-004)
 (-1.05891485045675804E-004,-1.27348551234215826E-004) (  0.0000000000000000     ,  0.0000000000000000     ) (-2.42929960110183791E-005,-4.25239958371561834E-006)
 (-9.78714228174780822E-004, 5.39010594755685380E-004) (  0.0000000000000000     ,  0.0000000000000000     ) ( 1.17864887216016442E-003,-6.85635960831692398E-004)
 ( 1.31970182705764064E-003,-6.96851781079972903E-004) (  0.0000000000000000     ,  0.0000000000000000     ) ( 1.46285475722151599E-004, 2.39797595816112276E-004)
 (-1.70898023855357742E-004, 4.45681232280453516E-004) (  0.0000000000000000     ,  0.0000000000000000     ) (-1.98410390453131679E-005, 1.06932866175590178E-005)
 (-7.83344697647239130E-002, 8.30856799490105671E-003) (  0.0000000000000000     ,  0.0000000000000000     ) (  0.0000000000000000     ,  0.0000000000000000     )
 (-0.83107467503082444     , 0.51372124377265049     ) (  28.876873835844489     , -28.876873835844489     ) ( 2.30400040001401589E-003, 7.75770482325758036E-005)
 (-1.37927094730992527E-002,-1.28900735512401370E-002) (  0.0000000000000000     ,  0.0000000000000000     ) (  0.0000000000000000     ,  0.0000000000000000     )
 ( 0.10389131990912485     , 7.31760136170496456E-002) (  0.0000000000000000     ,  0.0000000000000000     ) (-1.16122084828202744E-003, 2.10442859398196462E-004)
 ( 3.73369465712047321E-002, 7.00381931463441576E-002) (  0.0000000000000000     ,  0.0000000000000000     ) (-2.48456912372583118E-004,-1.22677950580696884E-004)
 ( 1.75722764688244805E-002, 3.34524140464293254E-002) (  0.0000000000000000     ,  0.0000000000000000     ) (-5.69939469651507659E-005,-3.97444489058320549E-006)
 ( 2.62005706328607701E-002, 8.39892911023428813E-003) (  0.0000000000000000     ,  0.0000000000000000     ) (-4.92350539873053503E-004, 5.64627733011557431E-004)
 ( 5.65494811407049516E-003, 7.69230462289057990E-003) (  0.0000000000000000     ,  0.0000000000000000     ) (-1.37245834697013281E-004,-5.18849790224602963E-005)
 ( 2.00703816100290030E-003, 2.16085849350043310E-003) (  0.0000000000000000     ,  0.0000000000000000     ) (-1.34575553992083076E-006,-9.40698651801182829E-006)
 ( 1.29302440621286204E-002,-1.03113340424578663E-003) (  0.0000000000000000     ,  0.0000000000000000     ) (-3.46380847799250612E-007, 6.11356570960592247E-004)
 ( 1.73156323752891904E-003, 2.67864400778580888E-003) (  0.0000000000000000     ,  0.0000000000000000     ) (-1.13744523950923068E-004, 2.62005114484193009E-005)
 ( 6.53955987473917423E-004, 4.99367356748437884E-004) (  0.0000000000000000     ,  0.0000000000000000     ) (-3.89020773544555906E-006,-7.92688442099379929E-006)
 ( 6.22201333992294155E-003,-4.56126571750638688E-003) (  0.0000000000000000     ,  0.0000000000000000     ) ( 3.52687240375814651E-004, 3.89739530703527026E-004)
 ( 1.03847306270015110E-003, 9.89716757682919087E-004) (  0.0000000000000000     ,  0.0000000000000000     ) (-6.14403406375478399E-005, 8.15321299497807450E-005)
 ( 4.25718772838331314E-004, 1.83440558075585356E-004) (  0.0000000000000000     ,  0.0000000000000000     ) (-7.67729280404165952E-006,-3.98874344540031833E-006)
 ( 1.38028255597068272E-003,-4.95239253205052680E-003) (  0.0000000000000000     ,  0.0000000000000000     ) ( 4.65985779119684382E-004, 3.21297719533355678E-005)
 ( 9.33775072030879278E-004,-9.84892408243482140E-005) (  0.0000000000000000     ,  0.0000000000000000     ) ( 6.80053769673954012E-006, 9.41924770157394174E-005)
 ( 1.37922890019182985E-004,-1.18504367529806206E-004) (  0.0000000000000000     ,  0.0000000000000000     ) (-7.19749222351474655E-006, 1.47942439372028362E-006)
 (-1.88999271088302503E-003,-3.29361176726705035E-003) (  0.0000000000000000     ,  0.0000000000000000     ) ( 3.28794653465600407E-004,-2.81524827009198980E-004)
 ( 7.65882881007868286E-004,-6.63050362281374594E-004) (  0.0000000000000000     ,  0.0000000000000000     ) ( 6.16182785956568982E-005, 6.10925094211657230E-005)
 (-1.92600666520341983E-005,-3.06464345690077582E-004) (  0.0000000000000000     ,  0.0000000000000000     ) (-3.77764144336537500E-006, 6.02877682232127597E-006)
 (-3.13639973287441025E-003,-9.67784954516370962E-004) (  0.0000000000000000     ,  0.0000000000000000     ) ( 4.30272456662972888E-005,-4.06540395970024233E-004)
 ( 5.42013302049388257E-004,-7.34176356480812221E-004) (  0.0000000000000000     ,  0.0000000000000000     ) ( 7.89355391525911051E-005, 2.32024201688486290E-006)
 (-2.64217497049578926E-004,-3.47471413488891043E-004) (  0.0000000000000000     ,  0.0000000000000000     ) ( 1.33153071457649815E-006, 6.70773969990972299E-006)
 (-2.59860572196221173E-003, 6.28130671709983064E-004) (  0.0000000000000000     ,  0.0000000000000000     ) (-2.30373832036915303E-004,-3.02928422229393698E-004)
 ( 1.91436018061423005E-004,-6.38121224762728677E-004) (  0.0000000000000000     ,  0.0000000000000000     ) ( 5.56488087127656248E-005,-5.04692119151233827E-005)
 (-2.20358049039901893E-004,-2.19679314848201813E-004) (  0.0000000000000000     ,  0.0000000000000000     ) ( 5.21504567501245036E-006, 4.27576687789229650E-006)
 (-1.12318264251552594E-003, 1.53434431205076260E-003) (  0.0000000000000000     ,  0.0000000000000000     ) (-3.52797177671952092E-004,-5.23724982446664713E-005)
 ( 3.50860148519349364E-004, 7.44552460919040669E-004) (  0.0000000000000000     ,  0.0000000000000000     ) ( 8.30922983968473755E-007,-7.22428855784292635E-005)
 ( 1.84006248081903578E-005,-5.26463876644997280E-005) (  0.0000000000000000     ,  0.0000000000000000     ) ( 5.69164493208019348E-006, 1.95584312886565755E-007)
 ( 9.29085516283823160E-004, 1.88598584115755568E-003) (  0.0000000000000000     ,  0.0000000000000000     ) (-2.73735251976033511E-004, 2.02213850164213466E-004)
 ( 1.91095350072425027E-004, 8.26228681222963271E-004) (  0.0000000000000000     ,  0.0000000000000000     ) (-4.60823910861901355E-005,-5.34838370254078093E-005)
 (-2.69712407116053240E-004, 4.40859700319701158E-005) (  0.0000000000000000     ,  0.0000000000000000     ) ( 5.32025005654492150E-006,-4.28861928009053719E-006)
 ( 1.53806814801627900E-003, 1.21096484589405692E-004) (  0.0000000000000000     ,  0.0000000000000000     ) (-5.18236500967015229E-005, 3.26708585958612947E-004)
 (-4.64736453715099281E-004, 1.06656087079316119E-004) (  0.0000000000000000     ,  0.0000000000000000     ) (-6.22850863360273208E-005,-7.79332324941471278E-006)
 ( 7.14995351740558427E-005,-2.00251648433440898E-004) (  0.0000000000000000     ,  0.0000000000000000     ) ( 7.05182834936258791E-007,-5.50819346780740130E-006)
 ( 1.21421202340070487E-003,-5.71360794760714628E-004) (  0.0000000000000000     ,  0.0000000000000000     ) ( 1.77690915779922152E-004, 2.64143186196687566E-004)
 (-1.75687326219538275E-003, 1.35560040889690829E-003) (  0.0000000000000000     ,  0.0000000000000000     ) (-4.79761618144970733E-005, 3.04991934666684504E-005)
 ( 2.54921682100589519E-004, 1.19215270549991959E-005) (  0.0000000000000000     ,  0.0000000000000000     ) (-4.38744857157503524E-006,-3.77772460288685360E-006)
 (-2.39036409245368313E-004,-6.45362673314019901E-004) (  0.0000000000000000     ,  0.0000000000000000     ) ( 2.95904746295498210E-004, 6.08620468424279749E-005)
 (-8.80466828415421571E-005, 8.91332904136506220E-004) (  0.0000000000000000     ,  0.0000000000000000     ) (-8.80195760056698024E-006, 6.05990566149638635E-005)
 (-1.74144797218654066E-004, 1.89035107219363157E-004) (  0.0000000000000000     ,  0.0000000000000000     ) (-5.15649060531621710E-006,-4.59228458313606360E-007)
 ( 1.29304473422298420E-003, 1.80616963066901895E-004) (  0.0000000000000000     ,  0.0000000000000000     ) ( 2.29671894220272052E-004,-1.62432163957116607E-004)
 ( 5.00112345963542684E-004,-4.54858138338845358E-005) (  0.0000000000000000     ,  0.0000000000000000     ) ( 3.41550243023792965E-005, 4.91806380091704855E-005)
 ( 1.34731345265174898E-004, 1.23853119772057799E-004) (  0.0000000000000000     ,  0.0000000000000000     ) (-3.13995180653383181E-006, 3.33509549417264566E-006)
 (-1.26130926559898959E-003,-5.87076836517088415E-004) (  0.0000000000000000     ,  0.0000000000000000     ) ( 6.19888482552975631E-005,-2.81186950552767033E-004)
 (-2.47800273925104556E-004,-1.21374014827534474E-003) (  0.0000000000000000     ,  0.0000000000000000     ) ( 5.66109451453858059E-005, 1.13493348886246244E-005)
 (-3.11579506781127974E-005,-1.99881645156127177E-004) (  0.0000000000000000     ,  0.0000000000000000     ) (-5.32414924268064126E-007, 5.04023687649268770E-006)
 (-1.31970182705352522E-003, 6.96851781097409693E-004) (  0.0000000000000000     ,  0.0000000000000000     ) (-1.46285475722151572E-004,-2.39797595816121248E-004)
 (-3.31410705538685065E-005,-2.94548011425896578E-004) (  0.0000000000000000     ,  0.0000000000000000     ) ( 4.48028933674675362E-005,-3.15451760477741271E-005)
 (-2.43407862643753965E-004,-1.77153214073274233E-004) (  0.0000000000000000     ,  0.0000000000000000     ) ( 3.26267749537640483E-006, 3.77014502533166621E-006)
 ( 6.69638941160070750E-002, 5.52358476735208132E-002) (  0.0000000000000000     ,  0.0000000000000000     ) (-5.59003364713579623E-004,-1.53551209617555261E-005)
 (-1.37927094730992718E-002,-1.28900735512401214E-002) (  0.0000000000000000     ,  0.0000000000000000     ) (  0.0000000000000000     ,  0.0000000000000000     )
 (-0.87542791742568093     , 0.44713227008989648     ) (  41.095471280805093     , -41.095471280805093     ) ( 1.27730814593763351E-003, 5.41577401345160836E-005)
 (-4.87682153148986733E-002,-1.99974411071603859E-002) (  0.0000000000000000     ,  0.0000000000000000     ) ( 1.22822833408546545E-004, 5.22658993314211709E-005)
 (-2.31039176041170358E-002,-3.44816302789599932E-002) (  0.0000000000000000     ,  0.0000000000000000     ) ( 5.69939469651506913E-005, 3.97444489058329527E-006)
 (-1.05172066712483966E-002,-1.86887793911074546E-002) (  0.0000000000000000     ,  0.0000000000000000     ) ( 2.96771044894379123E-005,-1.23293204652911382E-006)
 (-7.62857519817048031E-003, 3.12470234973095213E-003) (  0.0000000000000000     ,  0.0000000000000000     ) ( 6.05509821284473161E-005, 2.27912570401090282E-005)
 (-3.66769771251496384E-003,-1.68908549296990090E-003) (  0.0000000000000000     ,  0.0000000000000000     ) ( 1.34575553992089217E-006, 9.40698651801184354E-006)
 (-1.27653228198926845E-003,-6.24488407282703631E-004) (  0.0000000000000000     ,  0.0000000000000000     ) ( 2.85756863976466293E-007,-2.32266987253376543E-007)
 (-8.35145270183598179E-004, 2.22411515546005025E-003) (  0.0000000000000000     ,  0.0000000000000000     ) ( 5.07995485570125101E-005,-1.10564077968198674E-005)
 (-1.10893266028739591E-003, 1.44388992438289603E-004) (  0.0000000000000000     ,  0.0000000000000000     ) ( 3.89020773544544472E-006, 7.92688442099378404E-006)
 (-3.18248044937590791E-004,-2.56710757595903654E-004) (  0.0000000000000000     ,  0.0000000000000000     ) ( 2.46320573726039332E-007, 3.34915934117719373E-007)
 ( 8.08335456693788776E-004, 1.14868655727218315E-003) (  0.0000000000000000     ,  0.0000000000000000     ) ( 2.75907562441833016E-005,-3.62441673998390202E-005)
 (-3.66997759396779383E-004, 2.84713202753598005E-004) (  0.0000000000000000     ,  0.0000000000000000     ) ( 7.67729280404142574E-006, 3.98874344540029377E-006)
 (-3.44713874411010088E-004,-1.62468148658468135E-004) (  0.0000000000000000     ,  0.0000000000000000     ) ( 8.42363995292624810E-007, 3.14586817101552217E-007)
 ( 6.26957445322449632E-004, 8.78621136918605525E-005) (  0.0000000000000000     ,  0.0000000000000000     ) (-2.00264645921004106E-006,-4.14961804160885600E-005)
 ( 1.81403036578486887E-004, 3.81701360704022664E-004) (  0.0000000000000000     ,  0.0000000000000000     ) ( 7.19749222351447635E-006,-1.47942439372034207E-006)
 (-1.36135694494152952E-004,-5.63492689138955582E-005) (  0.0000000000000000     ,  0.0000000000000000     ) ( 5.35177590167476517E-007, 4.63836121334098501E-007)
 ( 2.29127770419717717E-004,-5.76849212182655824E-004) (  0.0000000000000000     ,  0.0000000000000000     ) (-2.65041523885898610E-005,-2.63451353357582583E-005)
 ( 3.68714786854762954E-004, 4.80799046440456206E-004) (  0.0000000000000000     ,  0.0000000000000000     ) ( 3.77764144336572186E-006,-6.02877682232129291E-006)
 ( 1.38081286056520453E-004,-2.34331158613860276E-004) (  0.0000000000000000     ,  0.0000000000000000     ) ( 8.45706937500109719E-007, 8.94044328377263188E-007)
 ( 1.04498523712613913E-004,-3.57671813825363272E-004) (  0.0000000000000000     ,  0.0000000000000000     ) (-3.52633843158845202E-005,-1.15428039227915128E-006)
 ( 3.89782980033042976E-004, 3.44605003990847147E-004) (  0.0000000000000000     ,  0.0000000000000000     ) (-1.33153071457660466E-006,-6.70773969990974247E-006)
 ( 4.48070116267319243E-004, 4.79573484520858884E-004) (  0.0000000000000000     ,  0.0000000000000000     ) (-9.79496219729731006E-007, 3.18653369015333999E-007)
 (-2.46988200667307492E-004,-3.82446839134812679E-004) (  0.0000000000000000     ,  0.0000000000000000     ) (-2.46413868946036992E-005, 2.18907905533532513E-005)
 ( 8.27511814625894423E-005, 1.33357142331506326E-004) (  0.0000000000000000     ,  0.0000000000000000     ) (-5.21504567501298060E-006,-4.27576687789233038E-006)
 ( 1.11308510370963562E-004, 9.57997569158301662E-005) (  0.0000000000000000     ,  0.0000000000000000     ) (-6.16302573050178837E-008,-4.40707394680262540E-007)
 (-3.99626794760764726E-004, 6.69927270607625783E-004) (  0.0000000000000000     ,  0.0000000000000000     ) (-2.98064919298562028E-006, 2.83310836858897070E-005)
 (-1.11326243213875320E-004,-2.36964335803919925E-004) (  0.0000000000000000     ,  0.0000000000000000     ) (-5.69164493208083807E-006,-1.95584312886583066E-007)
 (-5.88761511415268827E-005, 1.06459578805269371E-004) (  0.0000000000000000     ,  0.0000000000000000     ) (-1.00523715397916034E-007,-2.79857255827165221E-007)
 (-3.67809033014145754E-004,-2.10885000139876647E-004) (  0.0000000000000000     ,  0.0000000000000000     ) ( 1.92606890563786959E-005, 2.35918515257712731E-005)
 ( 2.13348991738694508E-004,-3.12341370302559805E-006) (  0.0000000000000000     ,  0.0000000000000000     ) (-5.32025005654545259E-006, 4.28861928009051517E-006)
 ( 6.20197671386425443E-005,-3.27092789756250975E-004) (  0.0000000000000000     ,  0.0000000000000000     ) ( 3.30619244695750059E-008,-3.60082716251151964E-008)
 (-4.49789098065619437E-006,-9.78393439783158928E-005) (  0.0000000000000000     ,  0.0000000000000000     ) ( 2.79229369245709074E-005, 3.79640111743603637E-006)
 (-1.06283262681733487E-004, 3.58841383501301721E-004) (  0.0000000000000000     ,  0.0000000000000000     ) (-7.05182834936297331E-007, 5.50819346780739029E-006)
 ( 1.36770278196643219E-004, 5.26011003350159101E-006) (  0.0000000000000000     ,  0.0000000000000000     ) (-6.79349742515000395E-007, 1.36220247246062615E-008)
 ( 5.62138806101680419E-004, 9.13073337289579002E-004) (  0.0000000000000000     ,  0.0000000000000000     ) ( 1.81003850937512153E-005,-1.71629263676459457E-005)
 (-2.54364312214591399E-004,-1.83961861710183605E-004) (  0.0000000000000000     ,  0.0000000000000000     ) ( 4.38744857157517669E-006, 3.77772460288686080E-006)
 (-1.31479363183355496E-003, 1.08202348821748217E-003) (  0.0000000000000000     ,  0.0000000000000000     ) (-3.88467476698110036E-007,-3.99907245425492112E-006)
 (-4.63111798163048558E-005,-4.27639040450437057E-004) (  0.0000000000000000     ,  0.0000000000000000     ) ( 3.79595296703625546E-006,-2.59846103359063711E-005)
 ( 9.67202005386998722E-005,-2.49489695488526561E-004) (  0.0000000000000000     ,  0.0000000000000000     ) ( 5.15649060531682018E-006, 4.59228458313620336E-007)
 ( 1.57779394233337363E-004,-3.81529418732589048E-004) (  0.0000000000000000     ,  0.0000000000000000     ) ( 1.81527325290883815E-007, 9.49369957945424122E-007)
 (-3.04773397330891303E-005,-5.23546291890309345E-006) (  0.0000000000000000     ,  0.0000000000000000     ) (-1.49068872094138146E-005,-2.13828879373572603E-005)
 ( 2.01354611445831816E-005, 6.09242798959969434E-006) (  0.0000000000000000     ,  0.0000000000000000     ) ( 3.13995180653428455E-006,-3.33509549417262152E-006)
 (-7.79978525924166080E-005, 2.73269333571767392E-005) (  0.0000000000000000     ,  0.0000000000000000     ) ( 3.36317002897570599E-007, 2.46710669067808437E-007)
 (-2.65102492317914433E-004,-3.94574583380437349E-004) (  0.0000000000000000     ,  0.0000000000000000     ) (-2.42929960110183385E-005,-4.25239958371560817E-006)
 ( 1.55038659683119032E-004, 3.42779215858595408E-004) (  0.0000000000000000     ,  0.0000000000000000     ) ( 5.32414924268280331E-007,-5.04023687649267754E-006)
 (-3.06005375405379317E-005,-6.48585615337236079E-005) (  0.0000000000000000     ,  0.0000000000000000     ) ( 4.84692177535572041E-007,-9.34141275612242076E-008)
 (-1.70898023859015433E-004, 4.45681232279677552E-004) (  0.0000000000000000     ,  0.0000000000000000     ) (-1.98410390453131815E-005, 1.06932866175590636E-005)
 ( 2.43407862647254338E-004, 1.77153214075008035E-004) (  0.0000000000000000     ,  0.0000000000000000     ) (-3.26267749537649207E-006,-3.77014502533165858E-006)
 ( 2.13886172489631673E-004, 4.27111382308180106E-004) (  0.0000000000000000     ,  0.0000000000000000     ) (-9.22323446857726285E-007, 5.43941864096439238E-008)
 (-0.22723214846306500     , 9.76129679105896542E-002) (  0.0000000000000000     ,  0.0000000000000000     ) ( 1.24393459784795271E-003,-4.51218720000040683E-003)
 ( 0.10389131990912499     , 7.31760136170495207E-002) (  0.0000000000000000     ,  0.0000000000000000     ) (-1.16122084828202744E-003, 2.10442859398196462E-004)
 (-4.87682153148987219E-002,-1.99974411071603998E-002) (  0.0000000000000000     ,  0.0000000000000000     ) ( 1.22822833408546545E-004, 5.22658993314211709E-005)
 (-0.45409551232698575     , 6.05111501814320583E-003) (  21.493243746966318     ,  0.0000000000000000     ) ( 6.33806623393979880E-003,-4.69924738949337780E-003)
 (-6.63992799048399328E-005, 3.87973291555498024E-003) (  0.0000000000000000     ,  0.0000000000000000     ) (  0.0000000000000000     ,  0.0000000000000000     )
 ( 9.82253670124352135E-002, 5.74292278749356233E-002) (  0.0000000000000000     ,  0.0000000000000000     ) (-5.59003364713579623E-004,-1.53551209617553940E-005)
 (-0.22755459289340485     , 6.31446871454930392E-002) (  0.0000000000000000     ,  0.0000000000000000     ) ( 1.24393459784795271E-003,-4.51218720000040683E-003)
 (-0.11632644145832745     ,-5.65353884093941772E-002) (  0.0000000000000000     ,  0.0000000000000000     ) ( 1.16122084828202679E-003,-2.10442859394478353E-004)
 (-4.25929183420653973E-002,-2.48081705119180748E-002) (  0.0000000000000000     ,  0.0000000000000000     ) ( 1.22822833408544159E-004, 5.22658993314211438E-005)
 (-3.98401851972214130E-002, 5.41820329409747198E-002) (  0.0000000000000000     ,  0.0000000000000000     ) (-1.87868301351153165E-003,-2.92248560209451861E-003)
 (-2.52210165962242633E-002, 1.12515884527286854E-004) (  0.0000000000000000     ,  0.0000000000000000     ) ( 4.92350539872850432E-004,-5.64627733015164138E-004)
 (-6.99847199912054328E-003,-2.64725652674748093E-005) (  0.0000000000000000     ,  0.0000000000000000     ) ( 6.05509821284473161E-005, 2.27912570401090282E-005)
 ( 9.94488749883562550E-004, 3.04251297964769178E-002) (  0.0000000000000000     ,  0.0000000000000000     ) (-2.81400420671174857E-003,-5.42916653908610911E-004)
 (-8.81674433243331661E-003, 3.90384218491395506E-003) (  0.0000000000000000     ,  0.0000000000000000     ) ( 3.46380847799396143E-007,-6.11356570975221279E-004)
 (-1.91280421804226647E-003, 7.40803513513372722E-004) (  0.0000000000000000     ,  0.0000000000000000     ) ( 5.07995485570194896E-005,-1.10564077968198386E-005)
 ( 1.31855813729710638E-002, 1.21596235938210631E-002) (  0.0000000000000000     ,  0.0000000000000000     ) (-2.08104986341324559E-003, 1.47536615359540840E-003)
 (-2.92652791078972961E-003, 4.11540197750037782E-003) (  0.0000000000000000     ,  0.0000000000000000     ) (-3.52687240375815572E-004,-3.89739530703527026E-004)
 (-3.34456578342254523E-004, 8.66631426819335928E-004) (  0.0000000000000000     ,  0.0000000000000000     ) ( 2.75907562441830475E-005,-3.62441673998390270E-005)
 ( 1.20569215346417145E-002, 5.61357896041453992E-004) (  0.0000000000000000     ,  0.0000000000000000     ) (-4.09638534350483820E-004, 2.31203980784868259E-003)
 ( 1.44370421218414696E-004, 3.12556986716218616E-003) (  0.0000000000000000     ,  0.0000000000000000     ) (-4.65985779119557368E-004,-3.21297719503959298E-005)
 (-1.95640994931017297E-005, 5.10729949620589109E-004) (  0.0000000000000000     ,  0.0000000000000000     ) (-2.00264645921007282E-006,-4.14961804160884380E-005)
 ( 6.42774484714296341E-003,-5.66284525454942723E-003) (  0.0000000000000000     ,  0.0000000000000000     ) ( 1.20111733871814926E-003, 1.79270765718603795E-003)
 ( 1.77016476235067463E-003, 1.67027299842249658E-003) (  0.0000000000000000     ,  0.0000000000000000     ) (-3.28794653465601979E-004, 2.81524827009049957E-004)
 ( 1.06227628938128111E-004, 1.86239138215376810E-005) (  0.0000000000000000     ,  0.0000000000000000     ) (-2.65041523885900405E-005,-2.63451353357579127E-005)
 ( 6.67625802378291771E-004,-6.50273238008871376E-003) (  0.0000000000000000     ,  0.0000000000000000     ) ( 1.94409520943394074E-003, 3.88810353078501291E-004)
 ( 1.94291327169676285E-003, 2.00231779321437123E-004) (  0.0000000000000000     ,  0.0000000000000000     ) (-4.30272456662974040E-005, 4.06540395987822496E-004)
 ( 4.11856201068425088E-004, 9.34095072369401264E-005) (  0.0000000000000000     ,  0.0000000000000000     ) (-3.52633843158845677E-005,-1.15428039227914471E-006)
 (-4.15729825082240042E-003,-4.14639222214279683E-003) (  0.0000000000000000     ,  0.0000000000000000     ) ( 1.55055707945597407E-003,-1.05351660681256266E-003)
 ( 1.51960797840314851E-003,-2.37465216656098461E-004) (  0.0000000000000000     ,  0.0000000000000000     ) ( 2.30373832036914489E-004, 3.02928422229397818E-004)
 ( 4.57752061813986971E-005,-4.04966167589539507E-004) (  0.0000000000000000     ,  0.0000000000000000     ) (-2.46413868946037026E-005, 2.18907905533685792E-005)
 (-3.39627147663092545E-003, 4.84232144527238764E-005) (  0.0000000000000000     ,  0.0000000000000000     ) ( 3.47302071175230060E-004,-1.77342026295858649E-003)
 ( 3.79438403437581040E-004,-9.09972794935295427E-004) (  0.0000000000000000     ,  0.0000000000000000     ) ( 3.52797177671956158E-004, 5.23724982446670135E-005)
 (-3.16167600852790967E-005, 5.40860042272281482E-004) (  0.0000000000000000     ,  0.0000000000000000     ) (-2.98064919298549153E-006, 2.83310836858977606E-005)
 (-3.09450452845284668E-003, 1.73255002497710634E-003) (  0.0000000000000000     ,  0.0000000000000000     ) (-9.21437224685846745E-004,-1.45574737113272228E-003)
 (-1.01580112212161663E-003,-1.13158023082106092E-003) (  0.0000000000000000     ,  0.0000000000000000     ) ( 2.73735251976033294E-004,-2.02213850164958638E-004)
 (-1.76028819330139788E-004,-4.87885464554150378E-004) (  0.0000000000000000     ,  0.0000000000000000     ) ( 1.92606890563786722E-005, 2.35918515257712765E-005)
 (-1.07723476796962934E-003, 3.10391499425942017E-003) (  0.0000000000000000     ,  0.0000000000000000     ) (-1.57193536690994275E-003,-3.72339990464199766E-004)
 (-9.82384527063718833E-004, 3.27730636270355611E-004) (  0.0000000000000000     ,  0.0000000000000000     ) ( 5.18236500967013942E-005,-3.26708585958541281E-004)
 (-2.32121131571604315E-004,-3.32240487678834196E-004) (  0.0000000000000000     ,  0.0000000000000000     ) ( 2.79229369245708803E-005, 3.79640111743603256E-006)
 ( 1.97028953083698034E-003, 2.32550644214088095E-003) (  0.0000000000000000     ,  0.0000000000000000     ) (-1.31069642483873914E-003, 8.33277347515376391E-004)
 (-6.20813620775772265E-004, 4.21148530813016087E-004) (  0.0000000000000000     ,  0.0000000000000000     ) (-1.77690915779920824E-004,-2.64143186196685452E-004)
 ( 2.84359621509137645E-004, 9.28133579656947156E-004) (  0.0000000000000000     ,  0.0000000000000000     ) ( 1.81003850937523503E-005,-1.71629263676459965E-005)
 ( 3.03807718596513145E-003, 1.20693425823732508E-004) (  0.0000000000000000     ,  0.0000000000000000     ) (-3.45115459221472540E-004, 1.49150732946954517E-003)
 ( 5.64938806388508774E-004,-1.16755195897366951E-006) (  0.0000000000000000     ,  0.0000000000000000     ) (-2.95904746295498047E-004,-6.08620468424281240E-005)
 (-1.33036990628805391E-004,-2.81518434845886645E-004) (  0.0000000000000000     ,  0.0000000000000000     ) ( 3.79595296703618262E-006,-2.59846103359063813E-005)
 ( 2.45379299395370514E-003,-1.37324348956240484E-003) (  0.0000000000000000     ,  0.0000000000000000     ) ( 7.46428804988650977E-004, 1.28239357783083477E-003)
 (-1.43754560547727480E-003,-7.38924456396852130E-004) (  0.0000000000000000     ,  0.0000000000000000     ) (-2.29671894220257117E-004, 1.62432163956595485E-004)
 ( 4.12833070038513003E-005, 1.78938779803095672E-004) (  0.0000000000000000     ,  0.0000000000000000     ) (-1.49068872094138502E-005,-2.13828879373572807E-005)
 (-1.15230837774079578E-003,-1.50398048961673130E-003) (  0.0000000000000000     ,  0.0000000000000000     ) ( 1.36583001009397379E-003, 3.76621852740823915E-004)
 ( 1.26130926558084763E-003, 5.87076836561089242E-004) (  0.0000000000000000     ,  0.0000000000000000     ) (-6.19888482552974140E-005, 2.81186950552753643E-004)
 (-2.65102492304143005E-004,-3.94574583368293525E-004) (  0.0000000000000000     ,  0.0000000000000000     ) (-2.42929960110183791E-005,-4.25239958371561834E-006)
 (-0.12768798431579340     ,-4.81394657341761151E-002) (  0.0000000000000000     ,  0.0000000000000000     ) ( 1.16122084828202679E-003,-2.10442859394478353E-004)
 ( 3.73369465712048779E-002, 7.00381931463441160E-002) (  0.0000000000000000     ,  0.0000000000000000     ) (-2.48456912372583118E-004,-1.22677950580696884E-004)
 (-2.31039176041170947E-002,-3.44816302789600002E-002) (  0.0000000000000000     ,  0.0000000000000000     ) ( 5.69939469651506913E-005, 3.97444489058329527E-006)
 (-6.63992799048109032E-005, 3.87973291555499455E-003) (  0.0000000000000000     ,  0.0000000000000000     ) (  0.0000000000000000     ,  0.0000000000000000     )
 (-0.79473540824072175     , 0.54257171763762213     ) (  28.876873835844489     , -28.876873835844489     ) ( 2.30400040001401589E-003, 7.75770482325758036E-005)
 (-4.03461047694074904E-004, 2.04324828063453450E-004) (  0.0000000000000000     ,  0.0000000000000000     ) (  0.0000000000000000     ,  0.0000000000000000     )
 ( 0.11819136966738136     , 5.87836909332437457E-002) (  0.0000000000000000     ,  0.0000000000000000     ) (-1.16122084828202744E-003, 2.10442859398196462E-004)
 ( 4.54710977731800636E-002, 7.11558657606033568E-002) (  0.0000000000000000     ,  0.0000000000000000     ) (-2.48456912372583118E-004,-1.22677950580696884E-004)
 ( 1.98738012865587663E-002, 3.38704086991116343E-002) (  0.0000000000000000     ,  0.0000000000000000     ) (-5.69939469651507659E-005,-3.97444489058320549E-006)
 ( 2.68162629567847040E-002,-2.30148614773307625E-005) (  0.0000000000000000     ,  0.0000000000000000     ) (-4.92350539873035939E-004, 5.64627733014926156E-004)
 ( 8.34690382085871360E-003, 6.77707644659648976E-003) (  0.0000000000000000     ,  0.0000000000000000     ) (-1.37245834697013390E-004,-5.18849790224603302E-005)
 ( 2.62205438486066370E-003, 2.01065969463433327E-003) (  0.0000000000000000     ,  0.0000000000000000     ) (-1.34575553992096777E-006,-9.40698651801183676E-006)
 ( 9.63307920705055304E-003,-4.57304101414944715E-003) (  0.0000000000000000     ,  0.0000000000000000     ) (-3.46380847799250612E-007, 6.11356570960592247E-004)
 ( 2.52648209003906651E-003, 1.55780937041625242E-003) (  0.0000000000000000     ,  0.0000000000000000     ) (-1.13744523950923068E-004, 2.62005114484193009E-005)
 ( 8.09599792156439442E-004, 2.69729327604656041E-004) (  0.0000000000000000     ,  0.0000000000000000     ) (-3.89020773544555906E-006,-7.92688442099379929E-006)
 ( 3.07632482297382067E-003,-4.86482108991824046E-003) (  0.0000000000000000     ,  0.0000000000000000     ) ( 3.52687240375814651E-004, 3.89739530703527026E-004)
 ( 9.27745567638932496E-004, 1.01251340774960276E-004) (  0.0000000000000000     ,  0.0000000000000000     ) (-6.14403406375478399E-005, 8.15321299497807450E-005)
 ( 4.28815657268218726E-004, 4.94648912669698061E-005) (  0.0000000000000000     ,  0.0000000000000000     ) (-7.67729280404165952E-006,-3.98874344540031833E-006)
 (-3.85680165141896096E-004,-3.53686069956962983E-003) (  0.0000000000000000     ,  0.0000000000000000     ) ( 4.65985779119557368E-004, 3.21297719539025242E-005)
 ( 4.24064875058377630E-004,-6.18940881762445076E-004) (  0.0000000000000000     ,  0.0000000000000000     ) ( 6.80053769674022029E-006, 9.41924770157393496E-005)
 ( 3.06263334184757386E-005,-1.58740994986994476E-004) (  0.0000000000000000     ,  0.0000000000000000     ) (-7.19749222351458815E-006, 1.47942439372016419E-006)
 (-2.13852823879626076E-003,-1.65750944063269672E-003) (  0.0000000000000000     ,  0.0000000000000000     ) ( 3.28794653465601979E-004,-2.81524827013820717E-004)
 ( 2.72463230127755851E-004,-8.10651758164439773E-004) (  0.0000000000000000     ,  0.0000000000000000     ) ( 6.16182785956569931E-005, 6.10925094211656823E-005)
 (-1.87331340432253242E-004,-3.97618958487025507E-004) (  0.0000000000000000     ,  0.0000000000000000     ) (-3.77764144336517129E-006, 6.02877682232125395E-006)
 (-2.26218031725865416E-003, 7.00495176711188550E-005) (  0.0000000000000000     ,  0.0000000000000000     ) ( 4.30272456662972888E-005,-4.06540395970024233E-004)
 ( 3.08219692327071524E-004,-6.80604989152669730E-004) (  0.0000000000000000     ,  0.0000000000000000     ) ( 7.89355391525911051E-005, 2.32024201688486290E-006)
 (-3.25015372981910390E-004,-3.34554079618604118E-004) (  0.0000000000000000     ,  0.0000000000000000     ) ( 1.33153071457649815E-006, 6.70773969990972299E-006)
 (-1.68882987769268500E-003, 5.49174907166008475E-004) (  0.0000000000000000     ,  0.0000000000000000     ) (-2.30373832036915303E-004,-3.02928422229393698E-004)
 ( 3.04014595132716891E-004,-2.30747599800310281E-004) (  0.0000000000000000     ,  0.0000000000000000     ) ( 5.56488087127656248E-005,-5.04692119151233827E-005)
 (-1.53345503101982129E-004,-3.22998560180237063E-004) (  0.0000000000000000     ,  0.0000000000000000     ) ( 5.21504567501245036E-006, 4.27576687789229650E-006)
 (-2.52725635886131650E-004, 1.11779226403264540E-003) (  0.0000000000000000     ,  0.0000000000000000     ) (-3.52797177671956158E-004,-5.23724982446676572E-005)
 ( 6.41234871766120846E-004, 1.13501981473713509E-003) (  0.0000000000000000     ,  0.0000000000000000     ) ( 8.30922983968610339E-007,-7.22428855784290196E-005)
 ( 1.34375917923154984E-005, 8.50412137034646477E-005) (  0.0000000000000000     ,  0.0000000000000000     ) ( 5.69164493208061022E-006, 1.95584312886572160E-007)
 ( 1.19649819823071293E-003, 1.09506994400795400E-003) (  0.0000000000000000     ,  0.0000000000000000     ) (-2.73735251976033511E-004, 2.02213850164213466E-004)
 ( 3.73386569100037785E-004, 8.17121459114529785E-004) (  0.0000000000000000     ,  0.0000000000000000     ) (-4.60823910861901355E-005,-5.34838370254078093E-005)
 (-2.56542761801686740E-004, 2.59116206275364198E-005) (  0.0000000000000000     ,  0.0000000000000000     ) ( 5.32025005654492150E-006,-4.28861928009053719E-006)
 ( 9.90355131592936689E-004,-4.50307137132244684E-004) (  0.0000000000000000     ,  0.0000000000000000     ) (-5.18236500967015229E-005, 3.26708585958612947E-004)
 (-5.14297995852562671E-004, 2.39106715456651467E-004) (  0.0000000000000000     ,  0.0000000000000000     ) (-6.22850863360273208E-005,-7.79332324941471278E-006)
 ( 1.30558838877251673E-004,-4.59919608415040014E-004) (  0.0000000000000000     ,  0.0000000000000000     ) ( 7.05182834936258791E-007,-5.50819346780740130E-006)
 ( 4.41618848129308713E-004,-5.25286987237566245E-004) (  0.0000000000000000     ,  0.0000000000000000     ) ( 1.77690915779921013E-004, 2.64143186196684476E-004)
 (-1.77520684743125135E-003, 1.48710106515935036E-003) (  0.0000000000000000     ,  0.0000000000000000     ) (-4.79761618144962195E-005, 3.04991934666684944E-005)
 ( 2.50690612990285132E-004, 1.14705825117460448E-004) (  0.0000000000000000     ,  0.0000000000000000     ) (-4.38744857157519024E-006,-3.77772460288684979E-006)
 (-5.39933974165104739E-004,-1.99040736485127351E-004) (  0.0000000000000000     ,  0.0000000000000000     ) ( 2.95904746295498210E-004, 6.08620468424279749E-005)
 ( 1.26692392812118498E-004, 1.11984414707176454E-003) (  0.0000000000000000     ,  0.0000000000000000     ) (-8.80195760056698024E-006, 6.05990566149638635E-005)
 (-1.45909064128446370E-004, 1.61991410222134529E-004) (  0.0000000000000000     ,  0.0000000000000000     ) (-5.15649060531621710E-006,-4.59228458313606360E-007)
 ( 1.43754560542956860E-003, 7.38924456434938851E-004) (  0.0000000000000000     ,  0.0000000000000000     ) ( 2.29671894220256873E-004,-1.62432163956757519E-004)
 ( 1.33770172786739521E-004,-3.52612159304416045E-004) (  0.0000000000000000     ,  0.0000000000000000     ) ( 3.41550243023774398E-005, 4.91806380091705736E-005)
 ( 1.40725565339608832E-004, 1.53170248378993587E-004) (  0.0000000000000000     ,  0.0000000000000000     ) (-3.13995180653156727E-006, 3.33509549417332625E-006)
 (-1.51011392815878095E-003,-3.77009932102929761E-005) (  0.0000000000000000     ,  0.0000000000000000     ) ( 6.19888482552975631E-005,-2.81186950552767033E-004)
 (-2.47800273926347594E-004,-1.21374014828812336E-003) (  0.0000000000000000     ,  0.0000000000000000     ) ( 5.66109451453858059E-005, 1.13493348886246244E-005)
 (-1.55038659688874411E-004,-3.42779215863050178E-004) (  0.0000000000000000     ,  0.0000000000000000     ) (-5.32414924268064126E-007, 5.04023687649268770E-006)
 (-4.59475794243541791E-002,-2.26090399464599565E-002) (  0.0000000000000000     ,  0.0000000000000000     ) ( 1.22822833408544159E-004, 5.22658993314211438E-005)
 ( 1.75722764688244805E-002, 3.34524140464293393E-002) (  0.0000000000000000     ,  0.0000000000000000     ) (-5.69939469651507659E-005,-3.97444489058320549E-006)
 (-1.05172066712483862E-002,-1.86887793911074650E-002) (  0.0000000000000000     ,  0.0000000000000000     ) ( 2.96771044894379123E-005,-1.23293204652911382E-006)
 ( 9.82253670124351025E-002, 5.74292278749356719E-002) (  0.0000000000000000     ,  0.0000000000000000     ) (-5.59003364713579623E-004,-1.53551209617555261E-005)
 (-4.03461047694075663E-004, 2.04324828063437430E-004) (  0.0000000000000000     ,  0.0000000000000000     ) (  0.0000000000000000     ,  0.0000000000000000     )
 (-0.87042984708973947     , 0.45299533381767709     ) (  41.095471280805093     , -41.095471280805093     ) ( 1.27730814593763351E-003, 5.41577401345160836E-005)
 (-4.24264025014561078E-002,-2.46951072801562706E-002) (  0.0000000000000000     ,  0.0000000000000000     ) ( 1.22822833408546545E-004, 5.22658993314211709E-005)
 (-2.00225487889596938E-002,-3.36388315106882774E-002) (  0.0000000000000000     ,  0.0000000000000000     ) ( 5.69939469651506913E-005, 3.97444489058329527E-006)
 (-9.64043594074273646E-003,-1.84169974037699039E-002) (  0.0000000000000000     ,  0.0000000000000000     ) ( 2.96771044894379123E-005,-1.23293204652911382E-006)
 (-6.83939877656889513E-003,-3.23604158926152905E-005) (  0.0000000000000000     ,  0.0000000000000000     ) ( 6.05509821284473229E-005, 2.27912570401090519E-005)
 (-2.59664342047063014E-003,-1.87820649432133462E-003) (  0.0000000000000000     ,  0.0000000000000000     ) ( 1.34575553992099001E-006, 9.40698651801185201E-006)
 (-1.02908637790196777E-003,-6.47049175106658792E-004) (  0.0000000000000000     ,  0.0000000000000000     ) ( 2.85756863976483022E-007,-2.32266987253381413E-007)
 (-1.82137694192231704E-003, 6.68547225361238047E-004) (  0.0000000000000000     ,  0.0000000000000000     ) ( 5.07995485570125101E-005,-1.10564077968198674E-005)
 (-7.45327491972245550E-004,-2.22373076180631322E-004) (  0.0000000000000000     ,  0.0000000000000000     ) ( 3.89020773544544472E-006, 7.92688442099378404E-006)
 (-2.38977038889054628E-004,-3.31672525042703411E-004) (  0.0000000000000000     ,  0.0000000000000000     ) ( 2.46320573726039332E-007, 3.34915934117719373E-007)
 (-3.39125078787479433E-004, 8.08933474128338981E-004) (  0.0000000000000000     ,  0.0000000000000000     ) ( 2.75907562441833016E-005,-3.62441673998390202E-005)
 (-3.57465253913448271E-004,-5.43855721856434385E-005) (  0.0000000000000000     ,  0.0000000000000000     ) ( 7.67729280404142574E-006, 3.98874344540029377E-006)
 (-3.33110878651217879E-004,-2.15435847285123071E-004) (  0.0000000000000000     ,  0.0000000000000000     ) ( 8.42363995292624810E-007, 3.14586817101552217E-007)
 (-1.26851008069709433E-004, 4.89254529112628008E-004) (  0.0000000000000000     ,  0.0000000000000000     ) (-2.00264645921006689E-006,-4.14961804160884787E-005)
 ( 2.06681672438149097E-005, 1.50524596270079533E-004) (  0.0000000000000000     ,  0.0000000000000000     ) ( 7.19749222351435268E-006,-1.47942439372020061E-006)
 (-1.76761786272409591E-004,-7.66833770472743543E-005) (  0.0000000000000000     ,  0.0000000000000000     ) ( 5.35177590167116634E-007, 4.63836121334084049E-007)
 ( 1.37564014570090038E-005, 1.71343641178125705E-005) (  0.0000000000000000     ,  0.0000000000000000     ) (-2.65041523885895865E-005,-2.63451353357578890E-005)
 ( 1.93400751114415712E-004, 3.85493831791847738E-004) (  0.0000000000000000     ,  0.0000000000000000     ) ( 3.77764144336551519E-006,-6.02877682232127597E-006)
 ( 6.68051417697096276E-005,-2.81210166245313901E-004) (  0.0000000000000000     ,  0.0000000000000000     ) ( 8.45706937500328677E-007, 8.94044328377264247E-007)
 ( 3.44607950693572344E-004, 9.09692821334499331E-005) (  0.0000000000000000     ,  0.0000000000000000     ) (-3.52633843158845202E-005,-1.15428039227915128E-006)
 ( 2.98945193749882083E-004, 3.39199194466621181E-004) (  0.0000000000000000     ,  0.0000000000000000     ) (-1.33153071457660466E-006,-6.70773969990974247E-006)
 ( 4.18799112959411545E-004, 4.78927469287031087E-004) (  0.0000000000000000     ,  0.0000000000000000     ) (-9.79496219729731006E-007, 3.18653369015333999E-007)
 ( 8.21789439265908602E-005,-3.42301034201296622E-004) (  0.0000000000000000     ,  0.0000000000000000     ) (-2.46413868946036992E-005, 2.18907905533532513E-005)
 ( 1.20176498381771368E-004, 2.96299531565659630E-004) (  0.0000000000000000     ,  0.0000000000000000     ) (-5.21504567501298060E-006,-4.27576687789233038E-006)
 ( 1.39706313765306021E-004, 5.90141061481575934E-005) (  0.0000000000000000     ,  0.0000000000000000     ) (-6.16302573050178837E-008,-4.40707394680262540E-007)
 (-3.56437060863498204E-005, 5.86117327622471401E-004) (  0.0000000000000000     ,  0.0000000000000000     ) (-2.98064919298553515E-006, 2.83310836858977572E-005)
 (-1.54873763706146018E-005,-7.01813007504065102E-005) (  0.0000000000000000     ,  0.0000000000000000     ) (-5.69164493208126582E-006,-1.95584312886582907E-007)
 (-7.11129777057672237E-005, 1.62420806962282999E-004) (  0.0000000000000000     ,  0.0000000000000000     ) (-1.00523715398372002E-007,-2.79857255827182480E-007)
 (-2.18298148738353464E-004,-4.91630488679204477E-004) (  0.0000000000000000     ,  0.0000000000000000     ) ( 1.92606890563786959E-005, 2.35918515257712731E-005)
 ( 2.73929311555973741E-004, 4.89885591552560859E-006) (  0.0000000000000000     ,  0.0000000000000000     ) (-5.32025005654545259E-006, 4.28861928009051517E-006)
 ( 6.48159570776832142E-005,-3.36271868634700701E-004) (  0.0000000000000000     ,  0.0000000000000000     ) ( 3.30619244695750059E-008,-3.60082716251151964E-008)
 (-1.81461996901344762E-004,-3.62046506891594219E-004) (  0.0000000000000000     ,  0.0000000000000000     ) ( 2.79229369245709074E-005, 3.79640111743603637E-006)
 (-1.42237439095378791E-004, 4.44481526363393940E-004) (  0.0000000000000000     ,  0.0000000000000000     ) (-7.05182834936297331E-007, 5.50819346780739029E-006)
 ( 1.86246728543860431E-004,-1.06981084845782104E-004) (  0.0000000000000000     ,  0.0000000000000000     ) (-6.79349742515000395E-007, 1.36220247246062615E-008)
 ( 2.71107540572205412E-004, 8.76693841126938286E-004) (  0.0000000000000000     ,  0.0000000000000000     ) ( 1.81003850937522012E-005,-1.71629263676459491E-005)
 (-2.64614099770571454E-004,-1.17243347541246462E-004) (  0.0000000000000000     ,  0.0000000000000000     ) ( 4.38744857157544944E-006, 3.77772460288685995E-006)
 (-1.32123704684840044E-003, 1.12832103582011603E-003) (  0.0000000000000000     ,  0.0000000000000000     ) (-3.88467476697765717E-007,-3.99907245425510662E-006)
 (-1.38303166062493313E-004,-3.14420092998219411E-004) (  0.0000000000000000     ,  0.0000000000000000     ) ( 3.79595296703625546E-006,-2.59846103359063711E-005)
 ( 1.61305946303038982E-004,-1.63411939782692013E-004) (  0.0000000000000000     ,  0.0000000000000000     ) ( 5.15649060531682018E-006, 4.59228458313620336E-007)
 ( 1.75457197588376065E-004,-3.89484996850140031E-004) (  0.0000000000000000     ,  0.0000000000000000     ) ( 1.81527325290883815E-007, 9.49369957945424122E-007)
 ( 4.12833070201685837E-005, 1.78938779821111616E-004) (  0.0000000000000000     ,  0.0000000000000000     ) (-1.49068872094138756E-005,-2.13828879373572874E-005)
 (-1.40725565344497852E-004,-1.53170248369393979E-004) (  0.0000000000000000     ,  0.0000000000000000     ) ( 3.13995180653194589E-006,-3.33509549417333260E-006)
 (-7.12851180656747153E-005, 3.95825162499119547E-005) (  0.0000000000000000     ,  0.0000000000000000     ) ( 3.36317002898034668E-007, 2.46710669067817490E-007)
 (-1.05891485020907788E-004,-1.27348551231258177E-004) (  0.0000000000000000     ,  0.0000000000000000     ) (-2.42929960110183385E-005,-4.25239958371560817E-006)
 ( 3.11579506742331019E-005, 1.99881645158985567E-004) (  0.0000000000000000     ,  0.0000000000000000     ) ( 5.32414924268280331E-007,-5.04023687649267754E-006)
 (-3.06005375389298295E-005,-6.48585615317247863E-005) (  0.0000000000000000     ,  0.0000000000000000     ) ( 4.84692177535572041E-007,-9.34141275612242076E-008)
 (-3.01710726252836028E-002, 6.47100830127251697E-002) (  0.0000000000000000     ,  0.0000000000000000     ) (-1.87868301351154596E-003,-2.92248560209448782E-003)
 ( 2.62005706328608187E-002, 8.39892911023436620E-003) (  0.0000000000000000     ,  0.0000000000000000     ) (-4.92350539873053503E-004, 5.64627733011557431E-004)
 (-7.62857519817046817E-003, 3.12470234973096428E-003) (  0.0000000000000000     ,  0.0000000000000000     ) ( 6.05509821284473161E-005, 2.27912570401090282E-005)
 (-0.22755459289340474     , 6.31446871454924979E-002) (  0.0000000000000000     ,  0.0000000000000000     ) ( 1.24393459784795271E-003,-4.51218720000040683E-003)
 ( 0.11819136966738100     , 5.87836909332437874E-002) (  0.0000000000000000     ,  0.0000000000000000     ) (-1.16122084828202744E-003, 2.10442859398196462E-004)
 (-4.24264025014560314E-002,-2.46951072801563330E-002) (  0.0000000000000000     ,  0.0000000000000000     ) ( 1.22822833408546545E-004, 5.22658993314211709E-005)
 (-0.46095534153801182     ,-4.05427951064677838E-004) (  21.493243746966318     ,  0.0000000000000000     ) ( 6.33806623393979880E-003,-4.69924738949337780E-003)
 ( 5.44394317495565448E-004, 7.11855513317318184E-005) (  0.0000000000000000     ,  0.0000000000000000     ) (  0.0000000000000000     ,  0.0000000000000000     )
 ( 9.84701015797475598E-002, 5.63751065341853153E-002) (  0.0000000000000000     ,  0.0000000000000000     ) (-5.59003364713579623E-004,-1.53551209617553940E-005)
 (-0.23151166656965674     , 6.31820608744950440E-002) (  0.0000000000000000     ,  0.0000000000000000     ) ( 1.24393459784798675E-003,-4.51218720000040596E-003)
 (-0.11682270537620766     ,-5.78073581070282019E-002) (  0.0000000000000000     ,  0.0000000000000000     ) ( 1.16122084828200207E-003,-2.10442859397477907E-004)
 (-4.26663599233626234E-002,-2.50893458332099827E-002) (  0.0000000000000000     ,  0.0000000000000000     ) ( 1.22822833408546897E-004, 5.22658993314210692E-005)
 (-4.13430207898238672E-002, 5.59811840393508245E-002) (  0.0000000000000000     ,  0.0000000000000000     ) (-1.87868301351154596E-003,-2.92248560209448782E-003)
 (-2.58152417545140407E-002,-2.47062086365188696E-004) (  0.0000000000000000     ,  0.0000000000000000     ) ( 4.92350539872834819E-004,-5.64627733016494129E-004)
 (-7.11354341744468814E-003,-7.90601684775230350E-005) (  0.0000000000000000     ,  0.0000000000000000     ) ( 6.05509821284473500E-005, 2.27912570401090113E-005)
 ( 1.05401235627114649E-003, 3.19896343830965019E-002) (  0.0000000000000000     ,  0.0000000000000000     ) (-2.81400420671174857E-003,-5.42916653918665477E-004)
 (-9.24979457476623849E-003, 3.97306376626235715E-003) (  0.0000000000000000     ,  0.0000000000000000     ) ( 3.46380847799701339E-007,-6.11356570975093126E-004)
 (-1.97762016712579392E-003, 7.46925342813079419E-004) (  0.0000000000000000     ,  0.0000000000000000     ) ( 5.07995485570266928E-005,-1.10564077968198437E-005)
 ( 1.39713051580501978E-002, 1.29425583585371286E-002) (  0.0000000000000000     ,  0.0000000000000000     ) (-2.08104986341324559E-003, 1.47536615359132877E-003)
 (-3.14417960823721275E-003, 4.37795301432362168E-003) (  0.0000000000000000     ,  0.0000000000000000     ) (-3.52687240375813621E-004,-3.89739530703526755E-004)
 (-3.55216006014345755E-004, 9.09336046346450829E-004) (  0.0000000000000000     ,  0.0000000000000000     ) ( 2.75907562441817566E-005,-3.62441673998390880E-005)
 ( 1.28351016821295853E-002, 5.59491061611335242E-004) (  0.0000000000000000     ,  0.0000000000000000     ) (-4.09638534350483820E-004, 2.31203980784868129E-003)
 ( 1.15431082850503679E-004, 3.37726003256774016E-003) (  0.0000000000000000     ,  0.0000000000000000     ) (-4.65985779119683894E-004,-3.21297719512587244E-005)
 (-5.96709877234487357E-005, 5.58178783897039506E-004) (  0.0000000000000000     ,  0.0000000000000000     ) (-2.00264645921011221E-006,-4.14961804160885803E-005)
 ( 6.84367001775303564E-003,-6.19548556410203649E-003) (  0.0000000000000000     ,  0.0000000000000000     ) ( 1.20111733871814839E-003, 1.79270765718497977E-003)
 ( 1.82846620030452660E-003, 1.78142494375791707E-003) (  0.0000000000000000     ,  0.0000000000000000     ) (-3.28794653465600245E-004, 2.81524827008268572E-004)
 ( 1.11399676291266771E-004, 3.13885968951504380E-005) (  0.0000000000000000     ,  0.0000000000000000     ) (-2.65041523885897966E-005,-2.63451353357582787E-005)
 ( 5.32226686688755672E-004,-6.99885786884130254E-003) (  0.0000000000000000     ,  0.0000000000000000     ) ( 1.94409520943394465E-003, 3.88810353072312936E-004)
 ( 2.14354780837111613E-003, 1.93557347766404016E-004) (  0.0000000000000000     ,  0.0000000000000000     ) (-4.30272456662994369E-005, 4.06540395983284242E-004)
 ( 3.61949242553483510E-004, 5.43409266476284670E-005) (  0.0000000000000000     ,  0.0000000000000000     ) (-3.52633843158849743E-005,-1.15428039227920951E-006)
 (-4.40972192682083722E-003,-4.53002940403393270E-003) (  0.0000000000000000     ,  0.0000000000000000     ) ( 1.55055707945597407E-003,-1.05351660681256266E-003)
 ( 1.70160400395128722E-003,-3.61617965278610953E-004) (  0.0000000000000000     ,  0.0000000000000000     ) ( 2.30373832036914489E-004, 3.02928422229397818E-004)
 ( 9.89728262890753025E-005,-4.06358398335289613E-004) (  0.0000000000000000     ,  0.0000000000000000     ) (-2.46413868946037026E-005, 2.18907905533685792E-005)
 (-3.73859148394654200E-003,-6.22056226175779693E-005) (  0.0000000000000000     ,  0.0000000000000000     ) ( 3.47302071175228000E-004,-1.77342026295858606E-003)
 ( 3.56667425041928756E-004,-1.03427811859145785E-003) (  0.0000000000000000     ,  0.0000000000000000     ) ( 3.52797177671952363E-004, 5.23724982446662681E-005)
 (-3.12807906113641830E-005, 5.24256471690121386E-004) (  0.0000000000000000     ,  0.0000000000000000     ) (-2.98064919298567237E-006, 2.83310836858896901E-005)
 (-3.26434989963506972E-003, 2.03701844430956075E-003) (  0.0000000000000000     ,  0.0000000000000000     ) (-9.21437224686238792E-004,-1.45574737113278517E-003)
 (-1.06829544192987825E-003,-1.11956050214067075E-003) (  0.0000000000000000     ,  0.0000000000000000     ) ( 2.73735251976037089E-004,-2.02213850165525242E-004)
 (-2.64081658174418010E-004,-4.83733475985712513E-004) (  0.0000000000000000     ,  0.0000000000000000     ) ( 1.92606890563787705E-005, 2.35918515257712934E-005)
 (-1.00511904246345773E-003, 3.56727678019729639E-003) (  0.0000000000000000     ,  0.0000000000000000     ) (-1.57193536690994275E-003,-3.72339990464199766E-004)
 (-9.36341141170362766E-004, 3.56149742645019965E-004) (  0.0000000000000000     ,  0.0000000000000000     ) ( 5.18236500967013942E-005,-3.26708585958541281E-004)
 (-2.05548998131148213E-004,-3.25053257859390639E-004) (  0.0000000000000000     ,  0.0000000000000000     ) ( 2.79229369245708803E-005, 3.79640111743603256E-006)
 ( 2.22711616858214988E-003, 2.68084810370862372E-003) (  0.0000000000000000     ,  0.0000000000000000     ) (-1.31069642483873914E-003, 8.33277347515376391E-004)
 (-4.23925944345868719E-004, 3.19883689680456652E-004) (  0.0000000000000000     ,  0.0000000000000000     ) (-1.77690915779920824E-004,-2.64143186196685452E-004)
 ( 2.63074234731606408E-004, 9.23183444797226341E-004) (  0.0000000000000000     ,  0.0000000000000000     ) ( 1.81003850937523503E-005,-1.71629263676459965E-005)
 ( 3.03807718566550568E-003, 1.20693425222133605E-004) (  0.0000000000000000     ,  0.0000000000000000     ) (-3.45115459221472540E-004, 1.49150732946954517E-003)
 ( 5.39933974114814130E-004, 1.99040736355321273E-004) (  0.0000000000000000     ,  0.0000000000000000     ) (-2.95904746295498047E-004,-6.08620468424281240E-005)
 (-1.38303166038912105E-004,-3.14420093138387778E-004) (  0.0000000000000000     ,  0.0000000000000000     ) ( 3.79595296703618262E-006,-2.59846103359063813E-005)
 ( 1.78491229609732942E-003,-1.69211949431840518E-003) (  0.0000000000000000     ,  0.0000000000000000     ) ( 7.46428804988656398E-004, 1.28239357783107330E-003)
 (-1.29304473434565062E-003,-1.80616962920390322E-004) (  0.0000000000000000     ,  0.0000000000000000     ) (-2.29671894220272079E-004, 1.62432163956499344E-004)
 (-3.04773397435159602E-005,-5.23546286818860171E-006) (  0.0000000000000000     ,  0.0000000000000000     ) (-1.49068872094138112E-005,-2.13828879373572468E-005)
 (-2.73028808739299751E-002, 4.53864091680520818E-003) (  0.0000000000000000     ,  0.0000000000000000     ) ( 4.92350539872834819E-004,-5.64627733016494129E-004)
 ( 5.65494811407050296E-003, 7.69230462289056775E-003) (  0.0000000000000000     ,  0.0000000000000000     ) (-1.37245834697013281E-004,-5.18849790224602963E-005)
 (-3.66769771251496818E-003,-1.68908549296987683E-003) (  0.0000000000000000     ,  0.0000000000000000     ) ( 1.34575553992089217E-006, 9.40698651801184354E-006)
 (-0.11632644145832748     ,-5.65353884093941286E-002) (  0.0000000000000000     ,  0.0000000000000000     ) ( 1.16122084828202679E-003,-2.10442859394478353E-004)
 ( 4.54710977731800567E-002, 7.11558657606033568E-002) (  0.0000000000000000     ,  0.0000000000000000     ) (-2.48456912372583118E-004,-1.22677950580696884E-004)
 (-2.00225487889597008E-002,-3.36388315106882080E-002) (  0.0000000000000000     ,  0.0000000000000000     ) ( 5.69939469651506913E-005, 3.97444489058329527E-006)
 ( 5.44394317495594288E-004, 7.11855513316891008E-005) (  0.0000000000000000     ,  0.0000000000000000     ) (  0.0000000000000000     ,  0.0000000000000000     )
 (-0.79333440546868361     , 0.54189390552559624     ) (  28.876873835844489     , -28.876873835844489     ) ( 2.30400040001401589E-003, 7.75770482325758036E-005)
 ( 2.38938910297791225E-007, 3.88978588678219793E-005) (  0.0000000000000000     ,  0.0000000000000000     ) (  0.0000000000000000     ,  0.0000000000000000     )
 ( 0.11728616649855640     , 5.74135444530157260E-002) (  0.0000000000000000     ,  0.0000000000000000     ) (-1.16122084828202744E-003, 2.10442859394837251E-004)
 ( 4.57966929462222810E-002, 7.07041106302148670E-002) (  0.0000000000000000     ,  0.0000000000000000     ) (-2.48456912372543165E-004,-1.22677950580696532E-004)
 ( 1.99514969837326465E-002, 3.37806113324471066E-002) (  0.0000000000000000     ,  0.0000000000000000     ) (-5.69939469651503999E-005,-3.97444489058322751E-006)
 ( 2.58683584481033783E-002,-1.60692358969140070E-004) (  0.0000000000000000     ,  0.0000000000000000     ) (-4.92350539873053503E-004, 5.64627733011557431E-004)
 ( 8.33938043964098027E-003, 6.50027782188552367E-003) (  0.0000000000000000     ,  0.0000000000000000     ) (-1.37245834697013281E-004,-5.18849790224602963E-005)
 ( 2.61520167002360403E-003, 1.95738067315277906E-003) (  0.0000000000000000     ,  0.0000000000000000     ) (-1.34575553992083076E-006,-9.40698651801182829E-006)
 ( 9.10720159701951769E-003,-4.21588136581752503E-003) (  0.0000000000000000     ,  0.0000000000000000     ) (-3.46380847799621824E-007, 6.11356570971055666E-004)
 ( 2.40180006984909000E-003, 1.42748920299050125E-003) (  0.0000000000000000     ,  0.0000000000000000     ) (-1.13744523950908810E-004, 2.62005114484191146E-005)
 ( 7.93779881303615363E-004, 2.50496245045311470E-004) (  0.0000000000000000     ,  0.0000000000000000     ) (-3.89020773544540575E-006,-7.92688442099379590E-006)
 ( 2.97676565577196291E-003,-4.41458398044079596E-003) (  0.0000000000000000     ,  0.0000000000000000     ) ( 3.52687240375813241E-004, 3.89739530703526863E-004)
 ( 7.89069404709796481E-004, 8.13222752453560127E-005) (  0.0000000000000000     ,  0.0000000000000000     ) (-6.14403406375496288E-005, 8.15321299497805553E-005)
 ( 4.08507367762765998E-004, 5.39091314522642366E-005) (  0.0000000000000000     ,  0.0000000000000000     ) (-7.67729280404192888E-006,-3.98874344540033951E-006)
 (-2.17683345417536760E-004,-3.25519020298980057E-003) (  0.0000000000000000     ,  0.0000000000000000     ) ( 4.65985779119684382E-004, 3.21297719533355678E-005)
 ( 3.34124706102082445E-004,-5.72946655036390105E-004) (  0.0000000000000000     ,  0.0000000000000000     ) ( 6.80053769673954012E-006, 9.41924770157394174E-005)
 ( 3.60230644193866897E-006,-1.59077363640482291E-004) (  0.0000000000000000     ,  0.0000000000000000     ) (-7.19749222351474655E-006, 1.47942439372028362E-006)
 (-1.86663705726825783E-003,-1.61272713185887169E-003) (  0.0000000000000000     ,  0.0000000000000000     ) ( 3.28794653465600407E-004,-2.81524827009198980E-004)
 ( 2.47875570834112612E-004,-7.62443742755971763E-004) (  0.0000000000000000     ,  0.0000000000000000     ) ( 6.16182785956568982E-005, 6.10925094211657230E-005)
 (-1.91181567348373507E-004,-3.89398286236396565E-004) (  0.0000000000000000     ,  0.0000000000000000     ) (-3.77764144336537500E-006, 6.02877682232127597E-006)
 (-2.12848707962653766E-003,-7.44721788187593752E-005) (  0.0000000000000000     ,  0.0000000000000000     ) ( 4.30272456662993285E-005,-4.06540395978627974E-004)
 ( 3.57571759863542309E-004,-6.19623260955255370E-004) (  0.0000000000000000     ,  0.0000000000000000     ) ( 7.89355391525923790E-005, 2.32024201688501241E-006)
 (-3.23128620542767291E-004,-3.58914102508035859E-004) (  0.0000000000000000     ,  0.0000000000000000     ) ( 1.33153071457664384E-006, 6.70773969990973993E-006)
 (-1.61668328544900086E-003, 3.65421401636892578E-004) (  0.0000000000000000     ,  0.0000000000000000     ) (-2.30373832036915303E-004,-3.02928422229393698E-004)
 ( 3.84761127004844099E-004,-1.98337758116542506E-004) (  0.0000000000000000     ,  0.0000000000000000     ) ( 5.56488087127656248E-005,-5.04692119151233827E-005)
 (-1.38012239763606287E-004,-3.03386045349140620E-004) (  0.0000000000000000     ,  0.0000000000000000     ) ( 5.21504567501245036E-006, 4.27576687789229650E-006)
 (-2.93672630562893814E-004, 9.54354875670097662E-004) (  0.0000000000000000     ,  0.0000000000000000     ) (-3.52797177671952092E-004,-5.23724982446664713E-005)
 ( 6.71922562620933818E-004, 1.10381697935894212E-003) (  0.0000000000000000     ,  0.0000000000000000     ) ( 8.30922983968473755E-007,-7.22428855784292635E-005)
 ( 1.82314886007613403E-005, 8.21650884946293866E-005) (  0.0000000000000000     ,  0.0000000000000000     ) ( 5.69164493208019348E-006, 1.95584312886565755E-007)
 ( 1.06952999500230304E-003, 1.07912494075177411E-003) (  0.0000000000000000     ,  0.0000000000000000     ) (-2.73735251976037143E-004, 2.02213850165758536E-004)
 ( 3.65424233879519419E-004, 8.04301702897594834E-004) (  0.0000000000000000     ,  0.0000000000000000     ) (-4.60823910861917347E-005,-5.34838370254078568E-005)
 (-2.77919564055426559E-004,-5.68153097937146840E-006) (  0.0000000000000000     ,  0.0000000000000000     ) ( 5.32025005654697047E-006,-4.28861928009052364E-006)
 ( 8.92812171491926009E-004,-3.28611418984058252E-004) (  0.0000000000000000     ,  0.0000000000000000     ) (-5.18236500967015229E-005, 3.26708585958612947E-004)
 (-5.11023325403395516E-004, 2.45209492113578433E-004) (  0.0000000000000000     ,  0.0000000000000000     ) (-6.22850863360273208E-005,-7.79332324941471278E-006)
 ( 1.36759143708443172E-004,-4.46596552666784791E-004) (  0.0000000000000000     ,  0.0000000000000000     ) ( 7.05182834936258791E-007,-5.50819346780740130E-006)
 ( 4.23925944410329092E-004,-3.19883690056589208E-004) (  0.0000000000000000     ,  0.0000000000000000     ) ( 1.77690915779921013E-004, 2.64143186196684476E-004)
 (-1.68925327097871792E-003, 1.50204709441686089E-003) (  0.0000000000000000     ,  0.0000000000000000     ) (-4.79761618144962195E-005, 3.04991934666684944E-005)
 ( 2.44003182878131571E-004, 1.10115723440811433E-004) (  0.0000000000000000     ,  0.0000000000000000     ) (-4.38744857157519024E-006,-3.77772460288684979E-006)
 (-5.64938806552445346E-004, 1.16755215255423327E-006) (  0.0000000000000000     ,  0.0000000000000000     ) ( 2.95904746295498210E-004, 6.08620468424279749E-005)
 ( 1.26692392786189884E-004, 1.11984414708677618E-003) (  0.0000000000000000     ,  0.0000000000000000     ) (-8.80195760056698024E-006, 6.05990566149638635E-005)
 (-1.61305946350893958E-004, 1.63411939812661421E-004) (  0.0000000000000000     ,  0.0000000000000000     ) (-5.15649060531621710E-006,-4.59228458313606360E-007)
 ( 6.97666225585429349E-004, 8.65962974268009544E-004) (  0.0000000000000000     ,  0.0000000000000000     ) ( 2.29671894220272052E-004,-1.62432163957116607E-004)
 ( 5.00112346023774018E-004,-4.54858138598126073E-005) (  0.0000000000000000     ,  0.0000000000000000     ) ( 3.41550243023792965E-005, 4.91806380091704855E-005)
 (-2.01354611419042603E-005,-6.09242800457125325E-006) (  0.0000000000000000     ,  0.0000000000000000     ) (-3.13995180653383181E-006, 3.33509549417264566E-006)
 (-7.55420032955053146E-003, 8.91550669381518924E-004) (  0.0000000000000000     ,  0.0000000000000000     ) ( 6.05509821284473500E-005, 2.27912570401090113E-005)
 ( 2.00703816100290117E-003, 2.16085849350042139E-003) (  0.0000000000000000     ,  0.0000000000000000     ) (-1.34575553992083076E-006,-9.40698651801182829E-006)
 (-1.27653228198927561E-003,-6.24488407282699403E-004) (  0.0000000000000000     ,  0.0000000000000000     ) ( 2.85756863976466293E-007,-2.32266987253376543E-007)
 (-4.25929183420653001E-002,-2.48081705119179742E-002) (  0.0000000000000000     ,  0.0000000000000000     ) ( 1.22822833408544159E-004, 5.22658993314211438E-005)
 ( 1.98738012865587489E-002, 3.38704086991116135E-002) (  0.0000000000000000     ,  0.0000000000000000     ) (-5.69939469651507659E-005,-3.97444489058320549E-006)
 (-9.64043594074271738E-003,-1.84169974037699281E-002) (  0.0000000000000000     ,  0.0000000000000000     ) ( 2.96771044894379123E-005,-1.23293204652911382E-006)
 ( 9.84701015797477264E-002, 5.63751065341852806E-002) (  0.0000000000000000     ,  0.0000000000000000     ) (-5.59003364713579623E-004,-1.53551209617555261E-005)
 ( 2.38938910304606982E-007, 3.88978588678152843E-005) (  0.0000000000000000     ,  0.0000000000000000     ) (  0.0000000000000000     ,  0.0000000000000000     )
 (-0.87031384532191214     , 0.45295488443229159     ) (  41.095471280805093     , -41.095471280805093     ) ( 1.27730814593763351E-003, 5.41577401345160836E-005)
 (-4.26469354548605281E-002,-2.50945909485725295E-002) (  0.0000000000000000     ,  0.0000000000000000     ) ( 1.22822833408545596E-004, 5.22658993314210828E-005)
 (-1.99244004016022706E-002,-3.37580219107631377E-002) (  0.0000000000000000     ,  0.0000000000000000     ) ( 5.69939469651503119E-005, 3.97444489058330035E-006)
 (-9.61687817511673593E-003,-1.84406241149109029E-002) (  0.0000000000000000     ,  0.0000000000000000     ) ( 2.96771044894378615E-005,-1.23293204652911530E-006)
 (-7.09917284922836640E-003,-9.20614863346262826E-005) (  0.0000000000000000     ,  0.0000000000000000     ) ( 6.05509821284473161E-005, 2.27912570401090282E-005)
 (-2.59263653217695804E-003,-1.95539872535284605E-003) (  0.0000000000000000     ,  0.0000000000000000     ) ( 1.34575553992089217E-006, 9.40698651801184354E-006)
 (-1.02968000744858086E-003,-6.61931719921161682E-004) (  0.0000000000000000     ,  0.0000000000000000     ) ( 2.85756863976466293E-007,-2.32266987253376543E-007)
 (-1.97495176769167452E-003, 7.54487517021267895E-004) (  0.0000000000000000     ,  0.0000000000000000     ) ( 5.07995485570500167E-005,-1.10564077968198708E-005)
 (-7.75267448136487286E-004,-2.61448459372484667E-004) (  0.0000000000000000     ,  0.0000000000000000     ) ( 3.89020773544526430E-006, 7.92688442099378913E-006)
 (-2.42935481236059117E-004,-3.37423202420418045E-004) (  0.0000000000000000     ,  0.0000000000000000     ) ( 2.46320573725975646E-007, 3.34915934117723291E-007)
 (-3.76709491342019508E-004, 9.30073870294014274E-004) (  0.0000000000000000     ,  0.0000000000000000     ) ( 2.75907562441816719E-005,-3.62441673998393116E-005)
 (-3.95507613927537245E-004,-6.26324478963870046E-005) (  0.0000000000000000     ,  0.0000000000000000     ) ( 7.67729280404171204E-006, 3.98874344540030986E-006)
 (-3.38806894820469764E-004,-2.14660435217258860E-004) (  0.0000000000000000     ,  0.0000000000000000     ) ( 8.42363995292657526E-007, 3.14586817101558358E-007)
 (-8.70774617315878396E-005, 5.71598563705251732E-004) (  0.0000000000000000     ,  0.0000000000000000     ) (-2.00264645921004106E-006,-4.14961804160885600E-005)
 (-6.21823617729078162E-006, 1.60043745383621646E-004) (  0.0000000000000000     ,  0.0000000000000000     ) ( 7.19749222351447635E-006,-1.47942439372034207E-006)
 (-1.85064968697575444E-004,-7.69031158914345973E-005) (  0.0000000000000000     ,  0.0000000000000000     ) ( 5.35177590167476517E-007, 4.63836121334098501E-007)
 ( 8.66435249016539655E-005, 3.59055711632606721E-005) (  0.0000000000000000     ,  0.0000000000000000     ) (-2.65041523885898610E-005,-2.63451353357582583E-005)
 ( 1.84553181125503572E-004, 3.96625940658934051E-004) (  0.0000000000000000     ,  0.0000000000000000     ) ( 3.77764144336572186E-006,-6.02877682232129291E-006)
 ( 6.52249582367291254E-005,-2.79125471319291289E-004) (  0.0000000000000000     ,  0.0000000000000000     ) ( 8.45706937500109719E-007, 8.94044328377263188E-007)
 ( 3.84529148096641278E-004, 5.45658478016694816E-005) (  0.0000000000000000     ,  0.0000000000000000     ) (-3.52633843158848387E-005,-1.15428039227920951E-006)
 ( 3.12208681384890747E-004, 3.56464777590692215E-004) (  0.0000000000000000     ,  0.0000000000000000     ) (-1.33153071457673045E-006,-6.70773969990976195E-006)
 ( 4.19485684013644214E-004, 4.72058026972482108E-004) (  0.0000000000000000     ,  0.0000000000000000     ) (-9.79496219730201956E-007, 3.18653369015334423E-007)
 ( 1.07097046639540654E-004,-3.91022224568168407E-004) (  0.0000000000000000     ,  0.0000000000000000     ) (-2.46413868946036992E-005, 2.18907905533532513E-005)
 ( 1.42472506847820456E-004, 3.06434954691649371E-004) (  0.0000000000000000     ,  0.0000000000000000     ) (-5.21504567501298060E-006,-4.27576687789233038E-006)
 ( 1.43330278889045021E-004, 6.47182458509964342E-005) (  0.0000000000000000     ,  0.0000000000000000     ) (-6.16302573050178837E-008,-4.40707394680262540E-007)
 (-4.40360744485659812E-005, 5.40669791371352804E-004) (  0.0000000000000000     ,  0.0000000000000000     ) (-2.98064919298562028E-006, 2.83310836858897070E-005)
 (-6.36221387798287680E-006,-7.76488912870430570E-005) (  0.0000000000000000     ,  0.0000000000000000     ) (-5.69164493208083807E-006,-1.95584312886583066E-007)
 (-7.01410597542376549E-005, 1.61465332523524544E-004) (  0.0000000000000000     ,  0.0000000000000000     ) (-1.00523715397916034E-007,-2.79857255827165221E-007)
 (-2.54964761304036624E-004,-4.98705333230096840E-004) (  0.0000000000000000     ,  0.0000000000000000     ) ( 1.92606890563787637E-005, 2.35918515257712934E-005)
 ( 2.73647342851308776E-004, 4.22216938793848880E-006) (  0.0000000000000000     ,  0.0000000000000000     ) (-5.32025005654748970E-006, 4.28861928009049992E-006)
 ( 5.95184189926189900E-005,-3.46802514188557568E-004) (  0.0000000000000000     ,  0.0000000000000000     ) ( 3.30619244695210407E-008,-3.60082716251262276E-008)
 (-2.13018351951248187E-004,-3.31446474363209463E-004) (  0.0000000000000000     ,  0.0000000000000000     ) ( 2.79229369245709074E-005, 3.79640111743603637E-006)
 (-1.40317129070537263E-004, 4.48135740331062735E-004) (  0.0000000000000000     ,  0.0000000000000000     ) (-7.05182834936297331E-007, 5.50819346780739029E-006)
 ( 1.88090783113893255E-004,-1.02956116618974319E-004) (  0.0000000000000000     ,  0.0000000000000000     ) (-6.79349742515000395E-007, 1.36220247246062615E-008)
 ( 2.63074234712581479E-004, 9.23183444796474230E-004) (  0.0000000000000000     ,  0.0000000000000000     ) ( 1.81003850937522012E-005,-1.71629263676459491E-005)
 (-2.44003182822005488E-004,-1.10115723481374661E-004) (  0.0000000000000000     ,  0.0000000000000000     ) ( 4.38744857157544944E-006, 3.77772460288685995E-006)
 (-1.32190829560643029E-003, 1.12640144335951747E-003) (  0.0000000000000000     ,  0.0000000000000000     ) (-3.88467476697765717E-007,-3.99907245425510662E-006)
 (-1.33036990583193466E-004,-2.81518434968288517E-004) (  0.0000000000000000     ,  0.0000000000000000     ) ( 3.79595296703625546E-006,-2.59846103359063711E-005)
 ( 1.45909064138026950E-004,-1.61991410236420031E-004) (  0.0000000000000000     ,  0.0000000000000000     ) ( 5.15649060531682018E-006, 4.59228458313620336E-007)
 ( 1.75457197611745744E-004,-3.89484996865475800E-004) (  0.0000000000000000     ,  0.0000000000000000     ) ( 1.81527325290883815E-007, 9.49369957945424122E-007)
 (-1.18000055467401392E-005, 1.88913153394864274E-004) (  0.0000000000000000     ,  0.0000000000000000     ) (-1.49068872094138146E-005,-2.13828879373572603E-005)
 (-1.34731345299863648E-004,-1.23853119758509040E-004) (  0.0000000000000000     ,  0.0000000000000000     ) ( 3.13995180653428455E-006,-3.33509549417262152E-006)
 (-7.79978526012388288E-005, 2.73269333631651740E-005) (  0.0000000000000000     ,  0.0000000000000000     ) ( 3.36317002897570599E-007, 2.46710669067808437E-007)
 ( 9.23237153272657429E-003, 3.02881378233938840E-002) (  0.0000000000000000     ,  0.0000000000000000     ) (-2.81400420671174857E-003,-5.42916653908610911E-004)
 ( 1.29302440621286117E-002,-1.03113340424574890E-003) (  0.0000000000000000     ,  0.0000000000000000     ) (-3.46380847799250612E-007, 6.11356570960592247E-004)
 (-8.35145270183577687E-004, 2.22411515546006196E-003) (  0.0000000000000000     ,  0.0000000000000000     ) ( 5.07995485570125101E-005,-1.10564077968198674E-005)
 (-3.98401851972212950E-002, 5.41820329409746851E-002) (  0.0000000000000000     ,  0.0000000000000000     ) (-1.87868301351153165E-003,-2.92248560209451861E-003)
 ( 2.68162629567845479E-002,-2.30148614774003548E-005) (  0.0000000000000000     ,  0.0000000000000000     ) (-4.92350539873035939E-004, 5.64627733014926156E-004)
 (-6.83939877656886651E-003,-3.23604158926804782E-005) (  0.0000000000000000     ,  0.0000000000000000     ) ( 6.05509821284473229E-005, 2.27912570401090519E-005)
 (-0.23151166656965666     , 6.31820608744954187E-002) (  0.0000000000000000     ,  0.0000000000000000     ) ( 1.24393459784798675E-003,-4.51218720000040596E-003)
 ( 0.11728616649855639     , 5.74135444530158162E-002) (  0.0000000000000000     ,  0.0000000000000000     ) (-1.16122084828202744E-003, 2.10442859394837251E-004)
 (-4.26469354548605836E-002,-2.50945909485725087E-002) (  0.0000000000000000     ,  0.0000000000000000     ) ( 1.22822833408545596E-004, 5.22658993314210828E-005)
 (-0.46212755472383388     , 8.17055857790793816E-004) (  21.493243746966318     ,  0.0000000000000000     ) ( 6.33806623393979880E-003,-4.69924738949337780E-003)
 ( 4.44393194992518665E-006,-1.73157206623712425E-004) (  0.0000000000000000     ,  0.0000000000000000     ) (  0.0000000000000000     ,  0.0000000000000000     )
 ( 9.83644924651128350E-002, 5.63098540017040947E-002) (  0.0000000000000000     ,  0.0000000000000000     ) (-5.59003364713579623E-004,-1.53551209617553940E-005)
 (-0.23141104206542482     , 6.42030117956086249E-002) (  0.0000000000000000     ,  0.0000000000000000     ) ( 1.24393459784797765E-003,-4.51218720000040683E-003)
 (-0.11711328626466173     ,-5.77351259336903802E-002) (  0.0000000000000000     ,  0.0000000000000000     ) ( 1.16122084828202787E-003,-2.10442859397939804E-004)
 (-4.27154691497504679E-002,-2.50697357450939545E-002) (  0.0000000000000000     ,  0.0000000000000000     ) ( 1.22822833408545759E-004, 5.22658993314210760E-005)
 (-4.08566521468385138E-002, 5.64460363972261320E-002) (  0.0000000000000000     ,  0.0000000000000000     ) (-1.87868301351153165E-003,-2.92248560209453900E-003)
 (-2.59249491930889642E-002,-8.24426276526211282E-005) (  0.0000000000000000     ,  0.0000000000000000     ) ( 4.92350539872841650E-004,-5.64627733016757156E-004)
 (-7.13629327065267143E-003,-5.85427878471518663E-005) (  0.0000000000000000     ,  0.0000000000000000     ) ( 6.05509821284474313E-005, 2.27912570401089977E-005)
 ( 1.51208299402787356E-003, 3.19739789341438804E-002) (  0.0000000000000000     ,  0.0000000000000000     ) (-2.81400420671174857E-003,-5.42916653908610911E-004)
 (-9.23800629435485819E-003, 4.12531982736772523E-003) (  0.0000000000000000     ,  0.0000000000000000     ) ( 3.46380847799396143E-007,-6.11356570975221279E-004)
 (-1.97150910478618253E-003, 7.65027491604929012E-004) (  0.0000000000000000     ,  0.0000000000000000     ) ( 5.07995485570194896E-005,-1.10564077968198386E-005)
 ( 1.41852693008767492E-002, 1.26754509344903215E-002) (  0.0000000000000000     ,  0.0000000000000000     ) (-2.08104986341323172E-003, 1.47536615359463211E-003)
 (-3.07948899412027136E-003, 4.46358282428676884E-003) (  0.0000000000000000     ,  0.0000000000000000     ) (-3.52687240375816602E-004,-3.89739530703526809E-004)
 (-3.53074861739636505E-004, 9.32454767835535049E-004) (  0.0000000000000000     ,  0.0000000000000000     ) ( 2.75907562441680211E-005,-3.62441673998389321E-005)
 ( 1.27915648984847606E-002, 2.33711277096121004E-004) (  0.0000000000000000     ,  0.0000000000000000     ) (-4.09638534350483820E-004, 2.31203980784868129E-003)
 ( 1.65504022148342262E-004, 3.38625235832997222E-003) (  0.0000000000000000     ,  0.0000000000000000     ) (-4.65985779119683894E-004,-3.21297719512587244E-005)
 (-5.69509356393110659E-005, 5.56135240316929687E-004) (  0.0000000000000000     ,  0.0000000000000000     ) (-2.00264645921011221E-006,-4.14961804160885803E-005)
 ( 6.67900132196234432E-003,-6.32779666126646011E-003) (  0.0000000000000000     ,  0.0000000000000000     ) ( 1.20111733871814839E-003, 1.79270765718497977E-003)
 ( 1.89330455425766164E-003, 1.71568240647765801E-003) (  0.0000000000000000     ,  0.0000000000000000     ) (-3.28794653465600245E-004, 2.81524827008268572E-004)
 ( 8.52673971515090624E-005, 3.37701113140147788E-005) (  0.0000000000000000     ,  0.0000000000000000     ) (-2.65041523885897966E-005,-2.63451353357582787E-005)
 ( 3.88968309519917299E-004,-7.02213129464580085E-003) (  0.0000000000000000     ,  0.0000000000000000     ) ( 1.94409520943394074E-003, 3.88810353078501291E-004)
 ( 2.17307372269469725E-003, 8.93652862461751825E-005) (  0.0000000000000000     ,  0.0000000000000000     ) (-4.30272456662974040E-005, 4.06540395987822496E-004)
 ( 3.75535944792976847E-004, 3.96312279152760826E-005) (  0.0000000000000000     ,  0.0000000000000000     ) (-3.52633843158845677E-005,-1.15428039227914471E-006)
 (-4.50954417034258887E-003,-4.40715441554862235E-003) (  0.0000000000000000     ,  0.0000000000000000     ) ( 1.55055707945597407E-003,-1.05351660681256266E-003)
 ( 1.66874005959959603E-003,-4.05273285159763580E-004) (  0.0000000000000000     ,  0.0000000000000000     ) ( 2.30373832036914489E-004, 3.02928422229397818E-004)
 ( 9.36523167326592420E-005,-4.11788624081616580E-004) (  0.0000000000000000     ,  0.0000000000000000     ) (-2.46413868946037026E-005, 2.18907905533685792E-005)
 (-3.71074391550035160E-003, 1.68870199726437674E-004) (  0.0000000000000000     ,  0.0000000000000000     ) ( 3.47302071175228000E-004,-1.77342026295858606E-003)
 ( 3.52011843992255913E-004,-9.97315770485124190E-004) (  0.0000000000000000     ,  0.0000000000000000     ) ( 3.52797177671952363E-004, 5.23724982446662681E-005)
 (-5.47492402514221778E-005, 5.53174311078746773E-004) (  0.0000000000000000     ,  0.0000000000000000     ) (-2.98064919298567237E-006, 2.83310836858896901E-005)
 (-3.21120389034768331E-003, 2.24057594350623914E-003) (  0.0000000000000000     ,  0.0000000000000000     ) (-9.21437224685846745E-004,-1.45574737113272228E-003)
 (-1.02214862221145387E-003,-1.08821777914505776E-003) (  0.0000000000000000     ,  0.0000000000000000     ) ( 2.73735251976033294E-004,-2.02213850164958638E-004)
 (-2.61379960907844456E-004,-4.91303440511308971E-004) (  0.0000000000000000     ,  0.0000000000000000     ) ( 1.92606890563786722E-005, 2.35918515257712765E-005)
 (-1.00511904256319153E-003, 3.56727677953323210E-003) (  0.0000000000000000     ,  0.0000000000000000     ) (-1.57193536690994188E-003,-3.72339990459692413E-004)
 (-8.92812171575771700E-004, 3.28611419171422536E-004) (  0.0000000000000000     ,  0.0000000000000000     ) ( 5.18236500967021735E-005,-3.26708585958665042E-004)
 (-2.13018351868472577E-004,-3.31446474480314357E-004) (  0.0000000000000000     ,  0.0000000000000000     ) ( 2.79229369245715614E-005, 3.79640111743606178E-006)
 ( 1.97028953078225719E-003, 2.32550644317369324E-003) (  0.0000000000000000     ,  0.0000000000000000     ) (-1.31069642483873979E-003, 8.33277347499296263E-004)
 (-4.41618848160478983E-004, 5.25286987234925237E-004) (  0.0000000000000000     ,  0.0000000000000000     ) (-1.77690915779922152E-004,-2.64143186196695318E-004)
 ( 2.71107540457872444E-004, 8.76693841303631473E-004) (  0.0000000000000000     ,  0.0000000000000000     ) ( 1.81003850937512526E-005,-1.71629263676460304E-005)
 ( 2.89334255146160959E-003,-9.99656548751848457E-004) (  0.0000000000000000     ,  0.0000000000000000     ) (-3.45115459221472540E-004, 1.49150732946954517E-003)
 ( 2.39036409335841244E-004, 6.45362673089895688E-004) (  0.0000000000000000     ,  0.0000000000000000     ) (-2.95904746295498047E-004,-6.08620468424281240E-005)
 (-4.63111797813114175E-005,-4.27639040519927531E-004) (  0.0000000000000000     ,  0.0000000000000000     ) ( 3.79595296703618262E-006,-2.59846103359063813E-005)
 (-8.32065088618792227E-003, 6.24976159034641536E-003) (  0.0000000000000000     ,  0.0000000000000000     ) ( 3.46380847799396143E-007,-6.11356570975221279E-004)
 ( 1.73156323752892034E-003, 2.67864400778581322E-003) (  0.0000000000000000     ,  0.0000000000000000     ) (-1.13744523950923068E-004, 2.62005114484193009E-005)
 (-1.10893266028740025E-003, 1.44388992438288411E-004) (  0.0000000000000000     ,  0.0000000000000000     ) ( 3.89020773544544472E-006, 7.92688442099378404E-006)
 (-2.52210165962243188E-002, 1.12515884527231505E-004) (  0.0000000000000000     ,  0.0000000000000000     ) ( 4.92350539872850432E-004,-5.64627733015164138E-004)
 ( 8.34690382085869625E-003, 6.77707644659652012E-003) (  0.0000000000000000     ,  0.0000000000000000     ) (-1.37245834697013390E-004,-5.18849790224603302E-005)
 (-2.59664342047058938E-003,-1.87820649432135522E-003) (  0.0000000000000000     ,  0.0000000000000000     ) ( 1.34575553992099001E-006, 9.40698651801185201E-006)
 (-0.11682270537620804     ,-5.78073581070281187E-002) (  0.0000000000000000     ,  0.0000000000000000     ) ( 1.16122084828200207E-003,-2.10442859397477907E-004)
 ( 4.57966929462224337E-002, 7.07041106302147698E-002) (  0.0000000000000000     ,  0.0000000000000000     ) (-2.48456912372543165E-004,-1.22677950580696532E-004)
 (-1.99244004016023157E-002,-3.37580219107631585E-002) (  0.0000000000000000     ,  0.0000000000000000     ) ( 5.69939469651503119E-005, 3.97444489058330035E-006)
 ( 4.44393194988053107E-006,-1.73157206623949893E-004) (  0.0000000000000000     ,  0.0000000000000000     ) (  0.0000000000000000     ,  0.0000000000000000     )
 (-0.79331787125801057     , 0.54169051755246711     ) (  28.876873835844489     , -28.876873835844489     ) ( 2.30400040001401589E-003, 7.75770482325758036E-005)
 ( 8.75493692680171767E-006,-2.95875059407451738E-006) (  0.0000000000000000     ,  0.0000000000000000     ) (  0.0000000000000000     ,  0.0000000000000000     )
 ( 0.11695845470715570     , 5.75575065020916821E-002) (  0.0000000000000000     ,  0.0000000000000000     ) (-1.16122084828202744E-003, 2.10442859400752577E-004)
 ( 4.57403351376591480E-002, 7.06171867988240054E-002) (  0.0000000000000000     ,  0.0000000000000000     ) (-2.48456912372582847E-004,-1.22677950580696668E-004)
 ( 1.99391937832737072E-002, 3.37668475893864936E-002) (  0.0000000000000000     ,  0.0000000000000000     ) (-5.69939469651509692E-005,-3.97444489058323429E-006)
 ( 2.57709821896906881E-002, 4.65836696448986592E-005) (  0.0000000000000000     ,  0.0000000000000000     ) (-4.92350539873044070E-004, 5.64627733015708624E-004)
 ( 8.27376635789490306E-003, 6.48016095748034718E-003) (  0.0000000000000000     ,  0.0000000000000000     ) (-1.37245834697013525E-004,-5.18849790224602760E-005)
 ( 2.60688120217459924E-003, 1.95205911020930427E-003) (  0.0000000000000000     ,  0.0000000000000000     ) (-1.34575553992081128E-006,-9.40698651801183168E-006)
 ( 9.16891812704936394E-003,-4.06774809301278795E-003) (  0.0000000000000000     ,  0.0000000000000000     ) (-3.46380847799250612E-007, 6.11356570960592247E-004)
 ( 2.35307218219277421E-003, 1.44718373722787911E-003) (  0.0000000000000000     ,  0.0000000000000000     ) (-1.13744523950923068E-004, 2.62005114484193009E-005)
 ( 7.88693852706019651E-004, 2.54955312328848833E-004) (  0.0000000000000000     ,  0.0000000000000000     ) (-3.89020773544555906E-006,-7.92688442099379929E-006)
 ( 3.09591397367624472E-003,-4.36880143688422005E-003) (  0.0000000000000000     ,  0.0000000000000000     ) ( 3.52687240375818174E-004, 3.89739530703526863E-004)
 ( 7.67417479551078807E-004, 1.10124146409824116E-004) (  0.0000000000000000     ,  0.0000000000000000     ) (-6.14403406375456579E-005, 8.15321299497809483E-005)
 ( 4.00821977666027064E-004, 5.88989446039980661E-005) (  0.0000000000000000     ,  0.0000000000000000     ) (-7.67729280404185603E-006,-3.98874344540032257E-006)
 (-1.11710554945898912E-004,-3.29681621549841094E-003) (  0.0000000000000000     ,  0.0000000000000000     ) ( 4.65985779119684382E-004, 3.21297719533355678E-005)
 ( 3.36108886984188247E-004,-5.55976878748592682E-004) (  0.0000000000000000     ,  0.0000000000000000     ) ( 6.80053769673954012E-006, 9.41924770157394174E-005)
 ( 5.23290614731323942E-006,-1.57592996072961083E-004) (  0.0000000000000000     ,  0.0000000000000000     ) (-7.19749222351474655E-006, 1.47942439372028362E-006)
 (-1.84471888234324878E-003,-1.67196858372462920E-003) (  0.0000000000000000     ,  0.0000000000000000     ) ( 3.28794653465600407E-004,-2.81524827009198980E-004)
 ( 2.76664777159044779E-004,-7.49573209501937839E-004) (  0.0000000000000000     ,  0.0000000000000000     ) ( 6.16182785956568982E-005, 6.10925094211657230E-005)
 (-1.95513053845433154E-004,-3.97296315002423287E-004) (  0.0000000000000000     ,  0.0000000000000000     ) (-3.77764144336537500E-006, 6.02877682232127597E-006)
 (-2.14846667046939130E-003,-1.22227325720084727E-004) (  0.0000000000000000     ,  0.0000000000000000     ) ( 4.30272456662972888E-005,-4.06540395970024233E-004)
 ( 3.94060317407254185E-004,-6.19849894702086839E-004) (  0.0000000000000000     ,  0.0000000000000000     ) ( 7.89355391525911051E-005, 2.32024201688486290E-006)
 (-3.16683397815873454E-004,-3.56658842450559765E-004) (  0.0000000000000000     ,  0.0000000000000000     ) ( 1.33153071457649815E-006, 6.70773969990972299E-006)
 (-1.68342076695468025E-003, 3.40021890533788668E-004) (  0.0000000000000000     ,  0.0000000000000000     ) (-2.30373832036915303E-004,-3.02928422229393698E-004)
 ( 3.94312618764717864E-004,-2.08950664611327517E-004) (  0.0000000000000000     ,  0.0000000000000000     ) ( 5.56488087127656248E-005,-5.04692119151233827E-005)
 (-1.37493638545826464E-004,-3.05891943625278314E-004) (  0.0000000000000000     ,  0.0000000000000000     ) ( 5.21504567501245036E-006, 4.27576687789229650E-006)
 (-3.74887152738332795E-004, 9.68779467791320995E-004) (  0.0000000000000000     ,  0.0000000000000000     ) (-3.52797177671952092E-004,-5.23724982446664713E-005)
 ( 6.60402368294819376E-004, 1.10730575182231171E-003) (  0.0000000000000000     ,  0.0000000000000000     ) ( 8.30922983968473755E-007,-7.22428855784292635E-005)
 ( 5.71842896271929020E-006, 7.63030018279808728E-005) (  0.0000000000000000     ,  0.0000000000000000     ) ( 5.69164493208019348E-006, 1.95584312886565755E-007)
 ( 1.02214862238348705E-003, 1.08821777926217827E-003) (  0.0000000000000000     ,  0.0000000000000000     ) (-2.73735251976033511E-004, 2.02213850164213466E-004)
 ( 3.53589877989691549E-004, 8.18799597197008037E-004) (  0.0000000000000000     ,  0.0000000000000000     ) (-4.60823910861901355E-005,-5.34838370254078093E-005)
 (-2.72676775379357688E-004,-6.00202557476128876E-006) (  0.0000000000000000     ,  0.0000000000000000     ) ( 5.32025005654492150E-006,-4.28861928009053719E-006)
 ( 9.36341141280648353E-004,-3.56149742787020796E-004) (  0.0000000000000000     ,  0.0000000000000000     ) (-5.18236500967023090E-005, 3.26708585958680818E-004)
 (-5.11023325398891957E-004, 2.45209492110811495E-004) (  0.0000000000000000     ,  0.0000000000000000     ) (-6.22850863360165059E-005,-7.79332324941502279E-006)
 ( 1.40317129085493642E-004,-4.48135740342816408E-004) (  0.0000000000000000     ,  0.0000000000000000     ) ( 7.05182834936364882E-007,-5.50819346780739283E-006)
 ( 6.20813620738721391E-004,-4.21148530769554380E-004) (  0.0000000000000000     ,  0.0000000000000000     ) ( 1.77690915779922152E-004, 2.64143186196687566E-004)
 (-1.77520684742295352E-003, 1.48710106516471759E-003) (  0.0000000000000000     ,  0.0000000000000000     ) (-4.79761618144970733E-005, 3.04991934666684504E-005)
 ( 2.64614099747935590E-004, 1.17243347553985973E-004) (  0.0000000000000000     ,  0.0000000000000000     ) (-4.38744857157503524E-006,-3.77772460288685360E-006)
 ( 5.96697960371723779E-005, 7.30564415264888726E-005) (  0.0000000000000000     ,  0.0000000000000000     ) ( 2.95904746295498210E-004, 6.08620468424279749E-005)
 (-8.80466827771480155E-005, 8.91332904116981690E-004) (  0.0000000000000000     ,  0.0000000000000000     ) (-8.80195760056698024E-006, 6.05990566149638635E-005)
 (-9.67202005324715509E-005, 2.49489695474196661E-004) (  0.0000000000000000     ,  0.0000000000000000     ) (-5.15649060531621710E-006,-4.59228458313606360E-007)
 (-1.79878248967653876E-003, 1.18035213398050742E-003) (  0.0000000000000000     ,  0.0000000000000000     ) ( 5.07995485570194896E-005,-1.10564077968198386E-005)
 ( 6.53955987473916448E-004, 4.99367356748440486E-004) (  0.0000000000000000     ,  0.0000000000000000     ) (-3.89020773544555906E-006,-7.92688442099379929E-006)
 (-3.18248044937586780E-004,-2.56710757595903492E-004) (  0.0000000000000000     ,  0.0000000000000000     ) ( 2.46320573726039332E-007, 3.34915934117719373E-007)
 (-6.99847199912056583E-003,-2.64725652674838658E-005) (  0.0000000000000000     ,  0.0000000000000000     ) ( 6.05509821284473161E-005, 2.27912570401090282E-005)
 ( 2.62205438486066067E-003, 2.01065969463432590E-003) (  0.0000000000000000     ,  0.0000000000000000     ) (-1.34575553992096777E-006,-9.40698651801183676E-006)
 (-1.02908637790196408E-003,-6.47049175106658792E-004) (  0.0000000000000000     ,  0.0000000000000000     ) ( 2.85756863976483022E-007,-2.32266987253381413E-007)
 (-4.26663599233626928E-002,-2.50893458332099341E-002) (  0.0000000000000000     ,  0.0000000000000000     ) ( 1.22822833408546897E-004, 5.22658993314210692E-005)
 ( 1.99514969837326500E-002, 3.37806113324471066E-002) (  0.0000000000000000     ,  0.0000000000000000     ) (-5.69939469651503999E-005,-3.97444489058322751E-006)
 (-9.61687817511676195E-003,-1.84406241149108856E-002) (  0.0000000000000000     ,  0.0000000000000000     ) ( 2.96771044894378615E-005,-1.23293204652911530E-006)
 ( 9.83644924651131958E-002, 5.63098540017041085E-002) (  0.0000000000000000     ,  0.0000000000000000     ) (-5.59003364713579623E-004,-1.53551209617555261E-005)
 ( 8.75493692679995585E-006,-2.95875059410935500E-006) (  0.0000000000000000     ,  0.0000000000000000     ) (  0.0000000000000000     ,  0.0000000000000000     )
 (-0.87031115985927532     , 0.45294636560744322     ) (  41.095471280805093     , -41.095471280805093     ) ( 1.27730814593763351E-003, 5.41577401345160836E-005)
 (-4.27168269517671020E-002,-2.50742028876960246E-002) (  0.0000000000000000     ,  0.0000000000000000     ) ( 1.22822833408546111E-004, 5.22658993314211641E-005)
 (-1.99335742844760425E-002,-3.37766706867140415E-002) (  0.0000000000000000     ,  0.0000000000000000     ) ( 5.69939469651508878E-005, 3.97444489058329951E-006)
 (-9.61893007020099035E-003,-1.84438764288395833E-002) (  0.0000000000000000     ,  0.0000000000000000     ) ( 2.96771044894378039E-005,-1.23293204652914601E-006)
 (-7.12408549006669257E-003,-5.17110558893764670E-005) (  0.0000000000000000     ,  0.0000000000000000     ) ( 6.05509821284473703E-005, 2.27912570401090146E-005)
 (-2.60578078097395329E-003,-1.96014170962277795E-003) (  0.0000000000000000     ,  0.0000000000000000     ) ( 1.34575553992086210E-006, 9.40698651801185031E-006)
 (-1.03110842732577154E-003,-6.62780018506357437E-004) (  0.0000000000000000     ,  0.0000000000000000     ) ( 2.85756863976424101E-007,-2.32266987253365108E-007)
 (-1.96706657231021610E-003, 7.87701505283972892E-004) (  0.0000000000000000     ,  0.0000000000000000     ) ( 5.07995485570125101E-005,-1.10564077968198674E-005)
 (-7.85887027055572280E-004,-2.58695820883428915E-004) (  0.0000000000000000     ,  0.0000000000000000     ) ( 3.89020773544544472E-006, 7.92688442099378404E-006)
 (-2.44267651272744770E-004,-3.36373786692141714E-004) (  0.0000000000000000     ,  0.0000000000000000     ) ( 2.46320573726039332E-007, 3.34915934117719373E-007)
 (-3.55594088044649897E-004, 9.43248301915166742E-004) (  0.0000000000000000     ,  0.0000000000000000     ) ( 2.75907562441680685E-005,-3.62441673998390677E-005)
 (-4.00252896064395131E-004,-5.71687227411901231E-005) (  0.0000000000000000     ,  0.0000000000000000     ) ( 7.67729280404160192E-006, 3.98874344540030139E-006)
 (-3.40946288955028753E-004,-2.14100524833498709E-004) (  0.0000000000000000     ,  0.0000000000000000     ) ( 8.42363995292449580E-007, 3.14586817101537394E-007)
 (-6.57716455325174458E-005, 5.65789275671917070E-004) (  0.0000000000000000     ,  0.0000000000000000     ) (-2.00264645921004106E-006,-4.14961804160885600E-005)
 (-5.97987618214820399E-006, 1.63653081482814189E-004) (  0.0000000000000000     ,  0.0000000000000000     ) ( 7.19749222351447635E-006,-1.47942439372034207E-006)
 (-1.84996960470523497E-004,-7.64017382775661590E-005) (  0.0000000000000000     ,  0.0000000000000000     ) ( 5.35177590167476517E-007, 4.63836121334098501E-007)
 ( 9.22837699274851403E-005, 2.27857100059052478E-005) (  0.0000000000000000     ,  0.0000000000000000     ) (-2.65041523885898610E-005,-2.63451353357582583E-005)
 ( 1.90391458375747203E-004, 3.99448206926494766E-004) (  0.0000000000000000     ,  0.0000000000000000     ) ( 3.77764144336572186E-006,-6.02877682232129291E-006)
 ( 6.46198922533468625E-005,-2.80915577471920884E-004) (  0.0000000000000000     ,  0.0000000000000000     ) ( 8.45706937500109719E-007, 8.94044328377263188E-007)
 ( 3.83499074621757160E-004, 4.20355702638050495E-005) (  0.0000000000000000     ,  0.0000000000000000     ) (-3.52633843158845202E-005,-1.15428039227915128E-006)
 ( 3.19369700229470881E-004, 3.56453397772464663E-004) (  0.0000000000000000     ,  0.0000000000000000     ) (-1.33153071457660466E-006,-6.70773969990974247E-006)
 ( 4.21083709700172538E-004, 4.72930310025242878E-004) (  0.0000000000000000     ,  0.0000000000000000     ) (-9.79496219729731006E-007, 3.18653369015333999E-007)
 ( 9.69662150105874386E-005,-3.99196021914129031E-004) (  0.0000000000000000     ,  0.0000000000000000     ) (-2.46413868946036992E-005, 2.18907905533532513E-005)
 ( 1.44023112909099510E-004, 3.03732978711667182E-004) (  0.0000000000000000     ,  0.0000000000000000     ) (-5.21504567501298060E-006,-4.27576687789233038E-006)
 ( 1.43423556199374344E-004, 6.42537297424325475E-005) (  0.0000000000000000     ,  0.0000000000000000     ) (-6.16302573050178837E-008,-4.40707394680262540E-007)
 (-5.70303737134118344E-005, 5.42653622102843669E-004) (  0.0000000000000000     ,  0.0000000000000000     ) (-2.98064919298562028E-006, 2.83310836858897070E-005)
 (-7.90361968448354046E-006,-7.68906738690467356E-005) (  0.0000000000000000     ,  0.0000000000000000     ) (-5.69164493208083807E-006,-1.95584312886583066E-007)
 (-7.17366574760248553E-005, 1.59500335036792988E-004) (  0.0000000000000000     ,  0.0000000000000000     ) (-1.00523715397916034E-007,-2.79857255827165221E-007)
 (-2.61379960918661216E-004,-4.91303440530508240E-004) (  0.0000000000000000     ,  0.0000000000000000     ) ( 1.92606890563786959E-005, 2.35918515257712731E-005)
 ( 2.72676775377783751E-004, 6.00202559489149262E-006) (  0.0000000000000000     ,  0.0000000000000000     ) (-5.32025005654545259E-006, 4.28861928009051517E-006)
 ( 6.03309257299240257E-005,-3.46059983879921018E-004) (  0.0000000000000000     ,  0.0000000000000000     ) ( 3.30619244695750059E-008,-3.60082716251151964E-008)
 (-2.05548998091919827E-004,-3.25053257993780371E-004) (  0.0000000000000000     ,  0.0000000000000000     ) ( 2.79229369245716901E-005, 3.79640111743606771E-006)
 (-1.36759143753320089E-004, 4.46596552698203236E-004) (  0.0000000000000000     ,  0.0000000000000000     ) (-7.05182834936420892E-007, 5.50819346780739029E-006)
 ( 1.88090783139189399E-004,-1.02956116633560050E-004) (  0.0000000000000000     ,  0.0000000000000000     ) (-6.79349742515715820E-007, 1.36220247245842933E-008)
 ( 2.84359621401102591E-004, 9.28133579843535964E-004) (  0.0000000000000000     ,  0.0000000000000000     ) ( 1.81003850937512153E-005,-1.71629263676459457E-005)
 (-2.50690613006757904E-004,-1.14705825107780569E-004) (  0.0000000000000000     ,  0.0000000000000000     ) ( 4.38744857157517669E-006, 3.77772460288686080E-006)
 (-1.32123704688656739E-003, 1.12832103584233978E-003) (  0.0000000000000000     ,  0.0000000000000000     ) (-3.88467476698110036E-007,-3.99907245425492112E-006)
 (-1.24641195448368523E-004,-2.23196114410439885E-004) (  0.0000000000000000     ,  0.0000000000000000     ) ( 3.79595296703625546E-006,-2.59846103359063711E-005)
 ( 1.74144797259176366E-004,-1.89035107240628699E-004) (  0.0000000000000000     ,  0.0000000000000000     ) ( 5.15649060531682018E-006, 4.59228458313620336E-007)
 ( 1.57779394245334656E-004,-3.81529418741139120E-004) (  0.0000000000000000     ,  0.0000000000000000     ) ( 1.81527325290883815E-007, 9.49369957945424122E-007)
 ( 1.71573732388453359E-002, 8.48146033037655914E-003) (  0.0000000000000000     ,  0.0000000000000000     ) (-2.08104986341324559E-003, 1.47536615359540840E-003)
 ( 6.22201333992292768E-003,-4.56126571750637300E-003) (  0.0000000000000000     ,  0.0000000000000000     ) ( 3.52687240375814651E-004, 3.89739530703527026E-004)
 ( 8.08335456693788667E-004, 1.14868655727218597E-003) (  0.0000000000000000     ,  0.0000000000000000     ) ( 2.75907562441833016E-005,-3.62441673998390202E-005)
 ( 9.94488749883469742E-004, 3.04251297964767582E-002) (  0.0000000000000000     ,  0.0000000000000000     ) (-2.81400420671174857E-003,-5.42916653908610911E-004)
 ( 9.63307920705051141E-003,-4.57304101414931271E-003) (  0.0000000000000000     ,  0.0000000000000000     ) (-3.46380847799250612E-007, 6.11356570960592247E-004)
 (-1.82137694192232658E-003, 6.68547225361186982E-004) (  0.0000000000000000     ,  0.0000000000000000     ) ( 5.07995485570125101E-005,-1.10564077968198674E-005)
 (-4.13430207898235827E-002, 5.59811840393510257E-002) (  0.0000000000000000     ,  0.0000000000000000     ) (-1.87868301351154596E-003,-2.92248560209448782E-003)
 ( 2.58683584481033645E-002,-1.60692358969151292E-004) (  0.0000000000000000     ,  0.0000000000000000     ) (-4.92350539873053503E-004, 5.64627733011557431E-004)
 (-7.09917284922839502E-003,-9.20614863346297521E-005) (  0.0000000000000000     ,  0.0000000000000000     ) ( 6.05509821284473161E-005, 2.27912570401090282E-005)
 (-0.23141104206542490     , 6.42030117956088053E-002) (  0.0000000000000000     ,  0.0000000000000000     ) ( 1.24393459784797765E-003,-4.51218720000040683E-003)
 ( 0.11695845470715560     , 5.75575065020917168E-002) (  0.0000000000000000     ,  0.0000000000000000     ) (-1.16122084828202744E-003, 2.10442859400752577E-004)
 (-4.27168269517671506E-002,-2.50742028876959656E-002) (  0.0000000000000000     ,  0.0000000000000000     ) ( 1.22822833408546111E-004, 5.22658993314211641E-005)
 (-0.46163047621394787     , 1.17398183667871410E-003) (  21.493243746966318     ,  0.0000000000000000     ) ( 6.33806623393979880E-003,-4.69924738949337780E-003)
 (-7.87704552450489806E-005,-1.10141862863514127E-005) (  0.0000000000000000     ,  0.0000000000000000     ) (  0.0000000000000000     ,  0.0000000000000000     )
 ( 9.83557010593596043E-002, 5.63411301566090622E-002) (  0.0000000000000000     ,  0.0000000000000000     ) (-5.59003364713579623E-004,-1.53551209617553940E-005)
 (-0.23102040876266600     , 6.41490640979885396E-002) (  0.0000000000000000     ,  0.0000000000000000     ) ( 1.24393459784797765E-003,-4.51218720000040683E-003)
 (-0.11708494316960978     ,-5.76196546297970680E-002) (  0.0000000000000000     ,  0.0000000000000000     ) ( 1.16122084828202787E-003,-2.10442859397939804E-004)
 (-4.27185391877464918E-002,-2.50542055435555300E-002) (  0.0000000000000000     ,  0.0000000000000000     ) ( 1.22822833408545759E-004, 5.22658993314210760E-005)
 (-4.06870469961687284E-002, 5.62034030654723557E-002) (  0.0000000000000000     ,  0.0000000000000000     ) (-1.87868301351153165E-003,-2.92248560209451861E-003)
 (-2.58554685599912092E-002,-2.82860625340393616E-005) (  0.0000000000000000     ,  0.0000000000000000     ) ( 4.92350539872850432E-004,-5.64627733015164138E-004)
 (-7.12590128435790227E-003,-5.50251304164517426E-005) (  0.0000000000000000     ,  0.0000000000000000     ) ( 6.05509821284473161E-005, 2.27912570401090282E-005)
 ( 1.48418733690292015E-003, 3.17487616556888508E-002) (  0.0000000000000000     ,  0.0000000000000000     ) (-2.81400420671174944E-003,-5.42916653930784906E-004)
 (-9.18096095286429284E-003, 4.12226060931847153E-003) (  0.0000000000000000     ,  0.0000000000000000     ) ( 3.46380847799483069E-007,-6.11356570967973496E-004)
 (-1.96040549928584240E-003, 7.74812434463099009E-004) (  0.0000000000000000     ,  0.0000000000000000     ) ( 5.07995485570168266E-005,-1.10564077968198877E-005)
 ( 1.40371812239025156E-002, 1.25584719396096191E-002) (  0.0000000000000000     ,  0.0000000000000000     ) (-2.08104986341324559E-003, 1.47536615359540840E-003)
 (-3.05822049577456371E-003, 4.43533355371299003E-003) (  0.0000000000000000     ,  0.0000000000000000     ) (-3.52687240375815572E-004,-3.89739530703527026E-004)
 (-3.52909801326143832E-004, 9.27458616686179372E-004) (  0.0000000000000000     ,  0.0000000000000000     ) ( 2.75907562441830475E-005,-3.62441673998390270E-005)
 ( 1.26946819976727146E-002, 2.79461002617309147E-004) (  0.0000000000000000     ,  0.0000000000000000     ) (-4.09638534350483820E-004, 2.31203980784868259E-003)
 ( 1.70909655309379880E-004, 3.32801790453242808E-003) (  0.0000000000000000     ,  0.0000000000000000     ) (-4.65985779119557368E-004,-3.21297719503959298E-005)
 (-6.71573657815810845E-005, 5.70011555706617917E-004) (  0.0000000000000000     ,  0.0000000000000000     ) (-2.00264645921007282E-006,-4.14961804160884380E-005)
 ( 6.62466865711251914E-003,-6.22406801654094930E-003) (  0.0000000000000000     ,  0.0000000000000000     ) ( 1.20111733871814926E-003, 1.79270765718603795E-003)
 ( 1.87367741277957292E-003, 1.66089125743839662E-003) (  0.0000000000000000     ,  0.0000000000000000     ) (-3.28794653465601979E-004, 2.81524827009049957E-004)
 ( 8.09263762467113081E-005, 2.26058652860484142E-005) (  0.0000000000000000     ,  0.0000000000000000     ) (-2.65041523885900405E-005,-2.63451353357579127E-005)
 ( 3.76045776144235777E-004,-6.87820366451482104E-003) (  0.0000000000000000     ,  0.0000000000000000     ) ( 1.94409520943394074E-003, 3.88810353078501291E-004)
 ( 2.15416454257951308E-003, 9.48673468479388368E-005) (  0.0000000000000000     ,  0.0000000000000000     ) (-4.30272456662974040E-005, 4.06540395987822496E-004)
 ( 3.68229025559952024E-004, 3.84002474562698831E-005) (  0.0000000000000000     ,  0.0000000000000000     ) (-3.52633843158845677E-005,-1.15428039227914471E-006)
 (-4.47182386440244696E-003,-4.30873913399823939E-003) (  0.0000000000000000     ,  0.0000000000000000     ) ( 1.55055707945597277E-003,-1.05351660681256287E-003)
 ( 1.68716596664119593E-003,-3.59994755205185046E-004) (  0.0000000000000000     ,  0.0000000000000000     ) ( 2.30373832036914571E-004, 3.02928422229398631E-004)
 ( 9.72172496572039824E-005,-3.92120903740007343E-004) (  0.0000000000000000     ,  0.0000000000000000     ) (-2.46413868946069721E-005, 2.18907905533653199E-005)
 (-3.71074391533009499E-003, 1.68870199893758014E-004) (  0.0000000000000000     ,  0.0000000000000000     ) ( 3.47302071175228000E-004,-1.77342026295858606E-003)
 ( 3.74887152898852559E-004,-9.68779467413193344E-004) (  0.0000000000000000     ,  0.0000000000000000     ) ( 3.52797177671952363E-004, 5.23724982446662681E-005)
 (-5.70303737098596425E-005, 5.42653622169703490E-004) (  0.0000000000000000     ,  0.0000000000000000     ) (-2.98064919298567237E-006, 2.83310836858896901E-005)
 (-3.26434989948370512E-003, 2.03701844438801275E-003) (  0.0000000000000000     ,  0.0000000000000000     ) (-9.21437224685846745E-004,-1.45574737113272228E-003)
 (-1.06952999489114109E-003,-1.07912494081989301E-003) (  0.0000000000000000     ,  0.0000000000000000     ) ( 2.73735251976033294E-004,-2.02213850164958638E-004)
 (-2.54964761286638919E-004,-4.98705333184649036E-004) (  0.0000000000000000     ,  0.0000000000000000     ) ( 1.92606890563786722E-005, 2.35918515257712765E-005)
 (-1.07723476811118191E-003, 3.10391499432641736E-003) (  0.0000000000000000     ,  0.0000000000000000     ) (-1.57193536690994123E-003,-3.72339990472883304E-004)
 (-9.90355131455977668E-004, 4.50307136944809872E-004) (  0.0000000000000000     ,  0.0000000000000000     ) ( 5.18236500966988734E-005,-3.26708585958497696E-004)
 (-1.81461996928202130E-004,-3.62046506892453991E-004) (  0.0000000000000000     ,  0.0000000000000000     ) ( 2.79229369245707143E-005, 3.79640111744007121E-006)
 ( 2.89445929898620152E-003, 1.23402876826271286E-003) (  0.0000000000000000     ,  0.0000000000000000     ) (-1.31069642483873979E-003, 8.33277347499296263E-004)
 (-1.21421202332655217E-003, 5.71360794641870891E-004) (  0.0000000000000000     ,  0.0000000000000000     ) (-1.77690915779922152E-004,-2.64143186196695318E-004)
 ( 5.62138806120006688E-004, 9.13073337264797827E-004) (  0.0000000000000000     ,  0.0000000000000000     ) ( 1.81003850937512526E-005,-1.71629263676460304E-005)
 (-1.67227757277744007E-003, 5.04798175111057044E-003) (  0.0000000000000000     ,  0.0000000000000000     ) (-3.52687240375815572E-004,-3.89739530703527026E-004)
 ( 1.03847306270018298E-003, 9.89716757682901089E-004) (  0.0000000000000000     ,  0.0000000000000000     ) (-6.14403406375478399E-005, 8.15321299497807450E-005)
 (-3.66997759396786648E-004, 2.84713202753602668E-004) (  0.0000000000000000     ,  0.0000000000000000     ) ( 7.67729280404142574E-006, 3.98874344540029377E-006)
 (-8.81674433243333222E-003, 3.90384218491392990E-003) (  0.0000000000000000     ,  0.0000000000000000     ) ( 3.46380847799396143E-007,-6.11356570975221279E-004)
 ( 2.52648209003904570E-003, 1.55780937041626673E-003) (  0.0000000000000000     ,  0.0000000000000000     ) (-1.13744523950923068E-004, 2.62005114484193009E-005)
 (-7.45327491972239261E-004,-2.22373076180655934E-004) (  0.0000000000000000     ,  0.0000000000000000     ) ( 3.89020773544544472E-006, 7.92688442099378404E-006)
 (-2.58152417545141274E-002,-2.47062086365048672E-004) (  0.0000000000000000     ,  0.0000000000000000     ) ( 4.92350539872834819E-004,-5.64627733016494129E-004)
 ( 8.33938043964099589E-003, 6.50027782188552800E-003) (  0.0000000000000000     ,  0.0000000000000000     ) (-1.37245834697013281E-004,-5.18849790224602963E-005)
 (-2.59263653217697279E-003,-1.95539872535284908E-003) (  0.0000000000000000     ,  0.0000000000000000     ) ( 1.34575553992089217E-006, 9.40698651801184354E-006)
 (-0.11711328626466204     ,-5.77351259336904357E-002) (  0.0000000000000000     ,  0.0000000000000000     ) ( 1.16122084828202787E-003,-2.10442859397939804E-004)
 ( 4.57403351376592868E-002, 7.06171867988239221E-002) (  0.0000000000000000     ,  0.0000000000000000     ) (-2.48456912372582847E-004,-1.22677950580696668E-004)
 (-1.99335742844760321E-002,-3.37766706867140346E-002) (  0.0000000000000000     ,  0.0000000000000000     ) ( 5.69939469651508878E-005, 3.97444489058329951E-006)
 (-7.87704552451529014E-005,-1.10141862863222003E-005) (  0.0000000000000000     ,  0.0000000000000000     ) (  0.0000000000000000     ,  0.0000000000000000     )
 (-0.79336734525847130     , 0.54167080402415979     ) (  28.876873835844489     , -28.876873835844489     ) ( 2.30400040001401589E-003, 7.75770482325758036E-005)
 (-1.41676119597578691E-006,-4.41681471662183084E-006) (  0.0000000000000000     ,  0.0000000000000000     ) (  0.0000000000000000     ,  0.0000000000000000     )
 ( 0.11699232416222191     , 5.76755407738275966E-002) (  0.0000000000000000     ,  0.0000000000000000     ) (-1.16122084828202744E-003, 2.10442859400752577E-004)
 ( 4.57122377592396670E-002, 7.06281972339043163E-002) (  0.0000000000000000     ,  0.0000000000000000     ) (-2.48456912372582847E-004,-1.22677950580696668E-004)
 ( 1.99359397028262171E-002, 3.37682851702553327E-002) (  0.0000000000000000     ,  0.0000000000000000     ) (-5.69939469651509692E-005,-3.97444489058323429E-006)
 ( 2.58471594920366039E-002, 9.35436002585741103E-005) (  0.0000000000000000     ,  0.0000000000000000     ) (-4.92350539873035939E-004, 5.64627733014926156E-004)
 ( 8.26229485177941425E-003, 6.50387838076021442E-003) (  0.0000000000000000     ,  0.0000000000000000     ) (-1.37245834697013390E-004,-5.18849790224603302E-005)
 ( 2.60653336714091735E-003, 1.95501227928611063E-003) (  0.0000000000000000     ,  0.0000000000000000     ) (-1.34575553992096777E-006,-9.40698651801183676E-006)
 ( 9.22910551808254868E-003,-4.07954150945349751E-003) (  0.0000000000000000     ,  0.0000000000000000     ) (-3.46380847799526427E-007, 6.11356570965491432E-004)
 ( 2.35593355205944172E-003, 1.46587427905944746E-003) (  0.0000000000000000     ,  0.0000000000000000     ) (-1.13744523950894716E-004, 2.62005114484192738E-005)
 ( 7.86384085441321876E-004, 2.58168959066472261E-004) (  0.0000000000000000     ,  0.0000000000000000     ) (-3.89020773544565901E-006,-7.92688442099379929E-006)
 ( 3.11765154074608803E-003,-4.41750537196772090E-003) (  0.0000000000000000     ,  0.0000000000000000     ) ( 3.52687240375814651E-004, 3.89739530703527026E-004)
 ( 7.74782544519787668E-004, 1.16466818832844986E-004) (  0.0000000000000000     ,  0.0000000000000000     ) (-6.14403406375478399E-005, 8.15321299497807450E-005)
 ( 4.01961512881828366E-004, 5.91055330320546901E-005) (  0.0000000000000000     ,  0.0000000000000000     ) (-7.67729280404165952E-006,-3.98874344540031833E-006)
 (-1.34617511831337257E-004,-3.33474879817718516E-003) (  0.0000000000000000     ,  0.0000000000000000     ) ( 4.65985779119557368E-004, 3.21297719539025242E-005)
 ( 3.49171804402571145E-004,-5.56541496403031659E-004) (  0.0000000000000000     ,  0.0000000000000000     ) ( 6.80053769674022029E-006, 9.41924770157393496E-005)
 ( 1.02012446893821923E-006,-1.60566180146065119E-004) (  0.0000000000000000     ,  0.0000000000000000     ) (-7.19749222351458815E-006, 1.47942439372016419E-006)
 (-1.87592112257740744E-003,-1.69845108784037529E-003) (  0.0000000000000000     ,  0.0000000000000000     ) ( 3.28794653465601979E-004,-2.81524827013820717E-004)
 ( 2.86556649411174669E-004,-7.59030257675151671E-004) (  0.0000000000000000     ,  0.0000000000000000     ) ( 6.16182785956569931E-005, 6.10925094211656823E-005)
 (-1.91969453926057473E-004,-3.99665869479728236E-004) (  0.0000000000000000     ,  0.0000000000000000     ) (-3.77764144336517129E-006, 6.02877682232125395E-006)
 (-2.17692344334436978E-003,-1.29465544870948024E-004) (  0.0000000000000000     ,  0.0000000000000000     ) ( 4.30272456662972888E-005,-4.06540395970024233E-004)
 ( 3.89251718604828329E-004,-6.28892686821322616E-004) (  0.0000000000000000     ,  0.0000000000000000     ) ( 7.89355391525911051E-005, 2.32024201688486290E-006)
 (-3.16288407711531601E-004,-3.58336052104605359E-004) (  0.0000000000000000     ,  0.0000000000000000     ) ( 1.33153071457649815E-006, 6.70773969990972299E-006)
 (-1.68716596677271225E-003, 3.59994755959968976E-004) (  0.0000000000000000     ,  0.0000000000000000     ) (-2.30373832036914571E-004,-3.02928422229396463E-004)
 ( 3.84889779784682484E-004,-2.10490521986834127E-004) (  0.0000000000000000     ,  0.0000000000000000     ) ( 5.56488087127704833E-005,-5.04692119151234098E-005)
 (-1.43463935824424875E-004,-3.03631460473051081E-004) (  0.0000000000000000     ,  0.0000000000000000     ) ( 5.21504567501269091E-006, 4.27576687789230666E-006)
 (-3.52011843805642114E-004, 9.97315770554111107E-004) (  0.0000000000000000     ,  0.0000000000000000     ) (-3.52797177671952092E-004,-5.23724982446664713E-005)
 ( 6.60402368315369994E-004, 1.10730575176995884E-003) (  0.0000000000000000     ,  0.0000000000000000     ) ( 8.30922983968473755E-007,-7.22428855784292635E-005)
 ( 7.90361970919492880E-006, 7.68906738647423988E-005) (  0.0000000000000000     ,  0.0000000000000000     ) ( 5.69164493208019348E-006, 1.95584312886565755E-007)
 ( 1.06829544191377264E-003, 1.11956050249184557E-003) (  0.0000000000000000     ,  0.0000000000000000     ) (-2.73735251976033511E-004, 2.02213850164213466E-004)
 ( 3.65424233930071321E-004, 8.04301702852724368E-004) (  0.0000000000000000     ,  0.0000000000000000     ) (-4.60823910861901355E-005,-5.34838370254078093E-005)
 (-2.73647342908230854E-004,-4.22216934658199589E-006) (  0.0000000000000000     ,  0.0000000000000000     ) ( 5.32025005654492150E-006,-4.28861928009053719E-006)
 ( 9.82384527283664856E-004,-3.27730636659068111E-004) (  0.0000000000000000     ,  0.0000000000000000     ) (-5.18236500966990090E-005, 3.26708585958552611E-004)
 (-5.14297995834605681E-004, 2.39106715433849937E-004) (  0.0000000000000000     ,  0.0000000000000000     ) (-6.22850863360227672E-005,-7.79332324941426216E-006)
 ( 1.42237439165018154E-004,-4.44481526408333795E-004) (  0.0000000000000000     ,  0.0000000000000000     ) ( 7.05182834935896155E-007,-5.50819346780740807E-006)
 ( 6.99211092073759354E-004,-2.09332437581482124E-004) (  0.0000000000000000     ,  0.0000000000000000     ) ( 1.77690915779922152E-004, 2.64143186196687566E-004)
 (-1.75687326224684354E-003, 1.35560040893341598E-003) (  0.0000000000000000     ,  0.0000000000000000     ) (-4.79761618144970733E-005, 3.04991934666684504E-005)
 ( 2.54364312192541871E-004, 1.83961861721187254E-004) (  0.0000000000000000     ,  0.0000000000000000     ) (-4.38744857157503524E-006,-3.77772460288685360E-006)
 (-1.71610298982483159E-004, 1.02850647004983000E-003) (  0.0000000000000000     ,  0.0000000000000000     ) ( 2.75907562441830475E-005,-3.62441673998390270E-005)
 ( 4.25718772838309901E-004, 1.83440558075586495E-004) (  0.0000000000000000     ,  0.0000000000000000     ) (-7.67729280404165952E-006,-3.98874344540031833E-006)
 (-3.44713874411009438E-004,-1.62468148658465478E-004) (  0.0000000000000000     ,  0.0000000000000000     ) ( 8.42363995292624810E-007, 3.14586817101552217E-007)
 (-1.91280421804224240E-003, 7.40803513513340521E-004) (  0.0000000000000000     ,  0.0000000000000000     ) ( 5.07995485570194896E-005,-1.10564077968198386E-005)
 ( 8.09599792156431202E-004, 2.69729327604657397E-004) (  0.0000000000000000     ,  0.0000000000000000     ) (-3.89020773544555906E-006,-7.92688442099379929E-006)
 (-2.38977038889052920E-004,-3.31672525042701351E-004) (  0.0000000000000000     ,  0.0000000000000000     ) ( 2.46320573726039332E-007, 3.34915934117719373E-007)
 (-7.11354341744466819E-003,-7.90601684775254338E-005) (  0.0000000000000000     ,  0.0000000000000000     ) ( 6.05509821284473500E-005, 2.27912570401090113E-005)
 ( 2.61520167002359319E-003, 1.95738067315276952E-003) (  0.0000000000000000     ,  0.0000000000000000     ) (-1.34575553992083076E-006,-9.40698651801182829E-006)
 (-1.02968000744858498E-003,-6.61931719921163200E-004) (  0.0000000000000000     ,  0.0000000000000000     ) ( 2.85756863976466293E-007,-2.32266987253376543E-007)
 (-4.27154691497504749E-002,-2.50697357450939719E-002) (  0.0000000000000000     ,  0.0000000000000000     ) ( 1.22822833408545759E-004, 5.22658993314210760E-005)
 ( 1.99391937832737107E-002, 3.37668475893864936E-002) (  0.0000000000000000     ,  0.0000000000000000     ) (-5.69939469651509692E-005,-3.97444489058323429E-006)
 (-9.61893007020095218E-003,-1.84438764288396111E-002) (  0.0000000000000000     ,  0.0000000000000000     ) ( 2.96771044894378039E-005,-1.23293204652914601E-006)
 ( 9.83557010593597708E-002, 5.63411301566091594E-002) (  0.0000000000000000     ,  0.0000000000000000     ) (-5.59003364713579623E-004,-1.53551209617555261E-005)
 (-1.41676119596330821E-006,-4.41681471662198246E-006) (  0.0000000000000000     ,  0.0000000000000000     ) (  0.0000000000000000     ,  0.0000000000000000     )
 (-0.87031216116760590     , 0.45294613308524601     ) (  41.095471280805093     , -41.095471280805093     ) ( 1.27730814593763351E-003, 5.41577401345160836E-005)
 (-4.27076109556275146E-002,-2.50532231915845810E-002) (  0.0000000000000000     ,  0.0000000000000000     ) ( 1.22822833408546111E-004, 5.22658993314211641E-005)
 (-1.99396904649785552E-002,-3.37736994634009954E-002) (  0.0000000000000000     ,  0.0000000000000000     ) ( 5.69939469651508878E-005, 3.97444489058329951E-006)
 (-9.62117754080206791E-003,-1.84434403381656641E-002) (  0.0000000000000000     ,  0.0000000000000000     ) ( 2.96771044894378039E-005,-1.23293204652914601E-006)
 (-7.11026694763344704E-003,-4.60092135641908674E-005) (  0.0000000000000000     ,  0.0000000000000000     ) ( 6.05509821284473229E-005, 2.27912570401090519E-005)
 (-2.60713476006903212E-003,-1.95593370371739033E-003) (  0.0000000000000000     ,  0.0000000000000000     ) ( 1.34575553992099001E-006, 9.40698651801185201E-006)
 (-1.03115711606676665E-003,-6.61919561485796730E-004) (  0.0000000000000000     ,  0.0000000000000000     ) ( 2.85756863976483022E-007,-2.32266987253381413E-007)
 (-1.95797344042593054E-003, 7.82328724344404655E-004) (  0.0000000000000000     ,  0.0000000000000000     ) ( 5.07995485570099148E-005,-1.10564077968199013E-005)
 (-7.85439985517387505E-004,-2.54853969307903346E-004) (  0.0000000000000000     ,  0.0000000000000000     ) ( 3.89020773544552603E-006, 7.92688442099379082E-006)
 (-2.44774803134064961E-004,-3.35997334155733129E-004) (  0.0000000000000000     ,  0.0000000000000000     ) ( 2.46320573726040550E-007, 3.34915934117730120E-007)
 (-3.54210240692267751E-004, 9.33848858494991602E-004) (  0.0000000000000000     ,  0.0000000000000000     ) ( 2.75907562441833016E-005,-3.62441673998390202E-005)
 (-3.99254870719406552E-004,-5.54292243007702866E-005) (  0.0000000000000000     ,  0.0000000000000000     ) ( 7.67729280404142574E-006, 3.98874344540029377E-006)
 (-3.41202150133978468E-004,-2.13992029227017379E-004) (  0.0000000000000000     ,  0.0000000000000000     ) ( 8.42363995292624810E-007, 3.14586817101552217E-007)
 (-7.04472542858474088E-005, 5.58539972723518527E-004) (  0.0000000000000000     ,  0.0000000000000000     ) (-2.00264645921006689E-006,-4.14961804160884787E-005)
 (-3.05182628702320395E-006, 1.62724291847057015E-004) (  0.0000000000000000     ,  0.0000000000000000     ) ( 7.19749222351435268E-006,-1.47942439372020061E-006)
 (-1.85849916397855849E-004,-7.65601509143450386E-005) (  0.0000000000000000     ,  0.0000000000000000     ) ( 5.35177590167116634E-007, 4.63836121334084049E-007)
 ( 8.86797821292216270E-005, 1.92352296087865716E-005) (  0.0000000000000000     ,  0.0000000000000000     ) (-2.65041523885895865E-005,-2.63451353357578890E-005)
 ( 1.91971633676714626E-004, 3.96484639925255642E-004) (  0.0000000000000000     ,  0.0000000000000000     ) ( 3.77764144336551519E-006,-6.02877682232127597E-006)
 ( 6.53444972058105301E-005,-2.80183710267049586E-004) (  0.0000000000000000     ,  0.0000000000000000     ) ( 8.45706937500328677E-007, 8.94044328377264247E-007)
 ( 3.80748110467690531E-004, 4.30115945736447391E-005) (  0.0000000000000000     ,  0.0000000000000000     ) (-3.52633843158845202E-005,-1.15428039227915128E-006)
 ( 3.18332625972206687E-004, 3.53546901674273758E-004) (  0.0000000000000000     ,  0.0000000000000000     ) (-1.33153071457660466E-006,-6.70773969990974247E-006)
 ( 4.21136903896197489E-004, 4.72748495956941037E-004) (  0.0000000000000000     ,  0.0000000000000000     ) (-9.79496219729731006E-007, 3.18653369015333999E-007)
 ( 9.72172496636202908E-005,-3.92120903689945825E-004) (  0.0000000000000000     ,  0.0000000000000000     ) (-2.46413868946069010E-005, 2.18907905533249638E-005)
 ( 1.43463935693866578E-004, 3.03631460563941213E-004) (  0.0000000000000000     ,  0.0000000000000000     ) (-5.21504567501315424E-006,-4.27576687789234393E-006)
 ( 1.42573908318174858E-004, 6.35720393500194795E-005) (  0.0000000000000000     ,  0.0000000000000000     ) (-6.16302573051622366E-008,-4.40707394680266404E-007)
 (-5.47492402462496796E-005, 5.53174311104974057E-004) (  0.0000000000000000     ,  0.0000000000000000     ) (-2.98064919298562028E-006, 2.83310836858897070E-005)
 (-5.71842898501565631E-006,-7.63030017947596986E-005) (  0.0000000000000000     ,  0.0000000000000000     ) (-5.69164493208083807E-006,-1.95584312886583066E-007)
 (-7.17366574814644873E-005, 1.59500335044601113E-004) (  0.0000000000000000     ,  0.0000000000000000     ) (-1.00523715397916034E-007,-2.79857255827165221E-007)
 (-2.64081658184339978E-004,-4.83733475977360036E-004) (  0.0000000000000000     ,  0.0000000000000000     ) ( 1.92606890563786959E-005, 2.35918515257712731E-005)
 ( 2.77919564070925555E-004, 5.68153097331895466E-006) (  0.0000000000000000     ,  0.0000000000000000     ) (-5.32025005654545259E-006, 4.28861928009051517E-006)
 ( 5.95184189881355904E-005,-3.46802514186077022E-004) (  0.0000000000000000     ,  0.0000000000000000     ) ( 3.30619244695750059E-008,-3.60082716251151964E-008)
 (-2.32121131580178240E-004,-3.32240487670897077E-004) (  0.0000000000000000     ,  0.0000000000000000     ) ( 2.79229369245706567E-005, 3.79640111744004157E-006)
 (-1.30558838846650825E-004, 4.59919608401972179E-004) (  0.0000000000000000     ,  0.0000000000000000     ) (-7.05182834935966353E-007, 5.50819346780739876E-006)
 ( 1.86246728541916863E-004,-1.06981084843979076E-004) (  0.0000000000000000     ,  0.0000000000000000     ) (-6.79349742515035123E-007, 1.36220247246043011E-008)
 ( 1.98872592234516639E-004, 8.09067234367973607E-004) (  0.0000000000000000     ,  0.0000000000000000     ) ( 1.81003850937512153E-005,-1.71629263676459457E-005)
 (-2.54921682086231159E-004,-1.19215270643355589E-005) (  0.0000000000000000     ,  0.0000000000000000     ) ( 4.38744857157517669E-006, 3.77772460288686080E-006)
 (-1.31479363183006361E-003, 1.08202348821356082E-003) (  0.0000000000000000     ,  0.0000000000000000     ) (-3.88467476698110036E-007,-3.99907245425492112E-006)
 ( 1.22874592929554573E-002,-3.30047365695054730E-003) (  0.0000000000000000     ,  0.0000000000000000     ) (-4.09638534350483820E-004, 2.31203980784868129E-003)
 ( 1.38028255597068294E-003,-4.95239253205054502E-003) (  0.0000000000000000     ,  0.0000000000000000     ) ( 4.65985779119684382E-004, 3.21297719533355678E-005)
 ( 6.26957445322443886E-004, 8.78621136918649435E-005) (  0.0000000000000000     ,  0.0000000000000000     ) (-2.00264645921004106E-006,-4.14961804160885600E-005)
 ( 1.31855813729709025E-002, 1.21596235938210440E-002) (  0.0000000000000000     ,  0.0000000000000000     ) (-2.08104986341324559E-003, 1.47536615359540840E-003)
 ( 3.07632482297385450E-003,-4.86482108991815113E-003) (  0.0000000000000000     ,  0.0000000000000000     ) ( 3.52687240375814651E-004, 3.89739530703527026E-004)
 (-3.39125078787504803E-004, 8.08933474128315671E-004) (  0.0000000000000000     ,  0.0000000000000000     ) ( 2.75907562441833016E-005,-3.62441673998390202E-005)
 ( 1.05401235627136159E-003, 3.19896343830966545E-002) (  0.0000000000000000     ,  0.0000000000000000     ) (-2.81400420671174857E-003,-5.42916653918665477E-004)
 ( 9.10720159701951422E-003,-4.21588136581750508E-003) (  0.0000000000000000     ,  0.0000000000000000     ) (-3.46380847799621824E-007, 6.11356570971055666E-004)
 (-1.97495176769169273E-003, 7.54487517021289579E-004) (  0.0000000000000000     ,  0.0000000000000000     ) ( 5.07995485570500167E-005,-1.10564077968198708E-005)
 (-4.08566521468385624E-002, 5.64460363972262430E-002) (  0.0000000000000000     ,  0.0000000000000000     ) (-1.87868301351153165E-003,-2.92248560209453900E-003)
 ( 2.57709821896906360E-002, 4.65836696448818677E-005) (  0.0000000000000000     ,  0.0000000000000000     ) (-4.92350539873044070E-004, 5.64627733015708624E-004)
 (-7.12408549006670819E-003,-5.17110558893108457E-005) (  0.0000000000000000     ,  0.0000000000000000     ) ( 6.05509821284473703E-005, 2.27912570401090146E-005)
 (-0.23102040876266614     , 6.41490640979885118E-002) (  0.0000000000000000     ,  0.0000000000000000     ) ( 1.24393459784797765E-003,-4.51218720000040683E-003)
 ( 0.11699232416222183     , 5.76755407738277354E-002) (  0.0000000000000000     ,  0.0000000000000000     ) (-1.16122084828202744E-003, 2.10442859400752577E-004)
 (-4.27076109556275077E-002,-2.50532231915845498E-002) (  0.0000000000000000     ,  0.0000000000000000     ) ( 1.22822833408546111E-004, 5.22658993314211641E-005)
 (-0.46147010066665500     , 9.56282344989162051E-004) (  21.493243746966318     ,  0.0000000000000000     ) ( 6.33806623393979880E-003,-4.69924738949337780E-003)
 (-1.56314022480671338E-005, 3.96480742090192571E-005) (  0.0000000000000000     ,  0.0000000000000000     ) (  0.0000000000000000     ,  0.0000000000000000     )
 ( 9.83641570657810133E-002, 5.63427605476352830E-002) (  0.0000000000000000     ,  0.0000000000000000     ) (-5.59003364713579623E-004,-1.53551209617553940E-005)
 (-0.23103300750036074     , 6.39417306873768243E-002) (  0.0000000000000000     ,  0.0000000000000000     ) ( 1.24393459784797721E-003,-4.51218720000040423E-003)
 (-0.11703182405102812     ,-5.76249151145245622E-002) (  0.0000000000000000     ,  0.0000000000000000     ) ( 1.16122084828200684E-003,-2.10442859394639249E-004)
 (-4.27113778831282737E-002,-2.50560467120507918E-002) (  0.0000000000000000     ,  0.0000000000000000     ) ( 1.22822833408546192E-004, 5.22658993314211302E-005)
 (-4.07825766900893616E-002, 5.61021423643565317E-002) (  0.0000000000000000     ,  0.0000000000000000     ) (-1.87868301351153165E-003,-2.92248560209453900E-003)
 (-2.58271537192174758E-002,-6.57703940518272490E-005) (  0.0000000000000000     ,  0.0000000000000000     ) ( 4.92350539872841650E-004,-5.64627733016757156E-004)
 (-7.11735975233059384E-003,-5.23994219953516986E-005) (  0.0000000000000000     ,  0.0000000000000000     ) ( 6.05509821284474313E-005, 2.27912570401089977E-005)
 ( 1.38006667480707252E-003, 3.17604428089695787E-002) (  0.0000000000000000     ,  0.0000000000000000     ) (-2.81400420671174857E-003,-5.42916653908610911E-004)
 (-9.17751885053945914E-003, 4.09031262480821951E-003) (  0.0000000000000000     ,  0.0000000000000000     ) ( 3.46380847799396143E-007,-6.11356570975221279E-004)
 (-1.95994318994825072E-003, 7.71111581860166382E-004) (  0.0000000000000000     ,  0.0000000000000000     ) ( 5.07995485570194896E-005,-1.10564077968198386E-005)
 ( 1.40222713951238427E-002, 1.26536742942593115E-002) (  0.0000000000000000     ,  0.0000000000000000     ) (-2.08104986341324559E-003, 1.47536615359132877E-003)
 (-3.07476922809801897E-003, 4.40353015123636470E-003) (  0.0000000000000000     ,  0.0000000000000000     ) (-3.52687240375813621E-004,-3.89739530703526755E-004)
 (-3.52492936025800149E-004, 9.38822940941015389E-004) (  0.0000000000000000     ,  0.0000000000000000     ) ( 2.75907562441817566E-005,-3.62441673998390880E-005)
 ( 1.26988583744732375E-002, 3.86463880928495057E-004) (  0.0000000000000000     ,  0.0000000000000000     ) (-4.09638534350483820E-004, 2.31203980784868129E-003)
 ( 1.47440005598328100E-004, 3.31608330778545343E-003) (  0.0000000000000000     ,  0.0000000000000000     ) (-4.65985779119683894E-004,-3.21297719512587244E-005)
 (-7.60508878420437589E-005, 5.63607842998740949E-004) (  0.0000000000000000     ,  0.0000000000000000     ) (-2.00264645921011221E-006,-4.14961804160885803E-005)
 ( 6.63609752561219839E-003,-6.13238372709942400E-003) (  0.0000000000000000     ,  0.0000000000000000     ) ( 1.20111733871814839E-003, 1.79270765718497977E-003)
 ( 1.87264607645454338E-003, 1.68686365157076504E-003) (  0.0000000000000000     ,  0.0000000000000000     ) (-3.28794653465600245E-004, 2.81524827008268572E-004)
 ( 7.57491181577516181E-005, 2.42390736997027054E-005) (  0.0000000000000000     ,  0.0000000000000000     ) (-2.65041523885897966E-005,-2.63451353357582787E-005)
 ( 3.76045776019757658E-004,-6.87820366439168690E-003) (  0.0000000000000000     ,  0.0000000000000000     ) ( 1.94409520943394465E-003, 3.88810353072312936E-004)
 ( 2.17692344409961937E-003, 1.29465543359953542E-004) (  0.0000000000000000     ,  0.0000000000000000     ) (-4.30272456662994369E-005, 4.06540395983284242E-004)
 ( 3.80748110436258805E-004, 4.30115945873960005E-005) (  0.0000000000000000     ,  0.0000000000000000     ) (-3.52633843158849743E-005,-1.15428039227920951E-006)
 (-4.50954417045421139E-003,-4.40715441567484430E-003) (  0.0000000000000000     ,  0.0000000000000000     ) ( 1.55055707945597407E-003,-1.05351660681256266E-003)
 ( 1.68342076689272416E-003,-3.40021889755193272E-004) (  0.0000000000000000     ,  0.0000000000000000     ) ( 2.30373832036914489E-004, 3.02928422229397818E-004)
 ( 9.69662150208818976E-005,-3.99196021995446037E-004) (  0.0000000000000000     ,  0.0000000000000000     ) (-2.46413868946037026E-005, 2.18907905533685792E-005)
 (-3.73859148384178639E-003,-6.22056224618614245E-005) (  0.0000000000000000     ,  0.0000000000000000     ) ( 3.47302071175230060E-004,-1.77342026295858649E-003)
 ( 2.93672630698292125E-004,-9.54354875558690143E-004) (  0.0000000000000000     ,  0.0000000000000000     ) ( 3.52797177671956158E-004, 5.23724982446670135E-005)
 (-4.40360744365219655E-005, 5.40669791438759171E-004) (  0.0000000000000000     ,  0.0000000000000000     ) (-2.98064919298549153E-006, 2.83310836858977606E-005)
 (-3.09450452869051160E-003, 1.73255002465027338E-003) (  0.0000000000000000     ,  0.0000000000000000     ) (-9.21437224686238792E-004,-1.45574737113278517E-003)
 (-1.19649819816026646E-003,-1.09506994383850404E-003) (  0.0000000000000000     ,  0.0000000000000000     ) ( 2.73735251976037089E-004,-2.02213850165525242E-004)
 (-2.18298148731140836E-004,-4.91630488753596576E-004) (  0.0000000000000000     ,  0.0000000000000000     ) ( 1.92606890563787705E-005, 2.35918515257712934E-005)
 ( 2.19030216119030192E-004, 3.02799478156990775E-003) (  0.0000000000000000     ,  0.0000000000000000     ) (-1.57193536690994275E-003,-3.72339990464199766E-004)
 (-1.53806814794873840E-003,-1.21096484592352581E-004) (  0.0000000000000000     ,  0.0000000000000000     ) ( 5.18236500967013942E-005,-3.26708585958541281E-004)
 (-4.49789097472149953E-006,-9.78393439343160142E-005) (  0.0000000000000000     ,  0.0000000000000000     ) ( 2.79229369245708803E-005, 3.79640111743603256E-006)
 ( 1.37300023897847989E-003, 3.09582540257173763E-003) (  0.0000000000000000     ,  0.0000000000000000     ) (-4.65985779119683894E-004,-3.21297719512587244E-005)
 ( 9.33775072030892939E-004,-9.84892408243449478E-005) (  0.0000000000000000     ,  0.0000000000000000     ) ( 6.80053769673954012E-006, 9.41924770157394174E-005)
 ( 1.81403036578488811E-004, 3.81701360704018869E-004) (  0.0000000000000000     ,  0.0000000000000000     ) ( 7.19749222351447635E-006,-1.47942439372034207E-006)
 (-2.92652791078975606E-003, 4.11540197750039864E-003) (  0.0000000000000000     ,  0.0000000000000000     ) (-3.52687240375815572E-004,-3.89739530703527026E-004)
 ( 9.27745567638934665E-004, 1.01251340774970969E-004) (  0.0000000000000000     ,  0.0000000000000000     ) (-6.14403406375478399E-005, 8.15321299497807450E-005)
 (-3.57465253913465944E-004,-5.43855721856545312E-005) (  0.0000000000000000     ,  0.0000000000000000     ) ( 7.67729280404142574E-006, 3.98874344540029377E-006)
 (-9.24979457476617951E-003, 3.97306376626242568E-003) (  0.0000000000000000     ,  0.0000000000000000     ) ( 3.46380847799701339E-007,-6.11356570975093126E-004)
 ( 2.40180006984908783E-003, 1.42748920299047089E-003) (  0.0000000000000000     ,  0.0000000000000000     ) (-1.13744523950908810E-004, 2.62005114484191146E-005)
 (-7.75267448136503982E-004,-2.61448459372479950E-004) (  0.0000000000000000     ,  0.0000000000000000     ) ( 3.89020773544526430E-006, 7.92688442099378913E-006)
 (-2.59249491930890197E-002,-8.24426276526167508E-005) (  0.0000000000000000     ,  0.0000000000000000     ) ( 4.92350539872841650E-004,-5.64627733016757156E-004)
 ( 8.27376635789487530E-003, 6.48016095748040095E-003) (  0.0000000000000000     ,  0.0000000000000000     ) (-1.37245834697013525E-004,-5.18849790224602760E-005)
 (-2.60578078097396457E-003,-1.96014170962276971E-003) (  0.0000000000000000     ,  0.0000000000000000     ) ( 1.34575553992086210E-006, 9.40698651801185031E-006)
 (-0.11708494316960980     ,-5.76196546297971651E-002) (  0.0000000000000000     ,  0.0000000000000000     ) ( 1.16122084828202787E-003,-2.10442859397939804E-004)
 ( 4.57122377592396392E-002, 7.06281972339043856E-002) (  0.0000000000000000     ,  0.0000000000000000     ) (-2.48456912372582847E-004,-1.22677950580696668E-004)
 (-1.99396904649784927E-002,-3.37736994634009954E-002) (  0.0000000000000000     ,  0.0000000000000000     ) ( 5.69939469651508878E-005, 3.97444489058329951E-006)
 (-1.56314022481134834E-005, 3.96480742090219405E-005) (  0.0000000000000000     ,  0.0000000000000000     ) (  0.0000000000000000     ,  0.0000000000000000     )
 (-0.79336964283233991     , 0.54169581299482827     ) (  28.876873835844489     , -28.876873835844489     ) ( 2.30400040001401589E-003, 7.75770482325758036E-005)
 (-3.85404438405442349E-006,-2.01890347316872733E-006) (  0.0000000000000000     ,  0.0000000000000000     ) (  0.0000000000000000     ,  0.0000000000000000     )
 ( 0.11704379590127099     , 5.76712394673893972E-002) (  0.0000000000000000     ,  0.0000000000000000     ) (-1.16122084828203308E-003, 2.10442859395397946E-004)
 ( 4.57169571033533770E-002, 7.06477441430305303E-002) (  0.0000000000000000     ,  0.0000000000000000     ) (-2.48456912372592171E-004,-1.22677950580696803E-004)
 ( 1.99378624164471170E-002, 3.37699884996597310E-002) (  0.0000000000000000     ,  0.0000000000000000     ) (-5.69939469651514977E-005,-3.97444489058321650E-006)
 ( 2.58616979589675090E-002, 6.23086123754828153E-005) (  0.0000000000000000     ,  0.0000000000000000     ) (-4.92350539873044070E-004, 5.64627733015708624E-004)
 ( 8.27273533160126535E-003, 6.51124365230625751E-003) (  0.0000000000000000     ,  0.0000000000000000     ) (-1.37245834697013525E-004,-5.18849790224602760E-005)
 ( 2.60764768401027056E-003, 1.95658713091772683E-003) (  0.0000000000000000     ,  0.0000000000000000     ) (-1.34575553992081128E-006,-9.40698651801183168E-006)
 ( 9.21334967735848095E-003,-4.12250163359587519E-003) (  0.0000000000000000     ,  0.0000000000000000     ) (-3.46380847799250612E-007, 6.11356570960592247E-004)
 ( 2.36315788304189249E-003, 1.46370828428589559E-003) (  0.0000000000000000     ,  0.0000000000000000     ) (-1.13744523950923068E-004, 2.62005114484193009E-005)
 ( 7.86948123761275955E-004, 2.57304382105852738E-004) (  0.0000000000000000     ,  0.0000000000000000     ) (-3.89020773544555906E-006,-7.92688442099379929E-006)
 ( 3.09598639973118111E-003,-4.44140837784600707E-003) (  0.0000000000000000     ,  0.0000000000000000     ) ( 3.52687240375813241E-004, 3.89739530703526863E-004)
 ( 7.77665545759241160E-004, 1.08161142337480340E-004) (  0.0000000000000000     ,  0.0000000000000000     ) (-6.14403406375496288E-005, 8.15321299497805553E-005)
 ( 3.99729980331925969E-004, 5.87423042718959897E-005) (  0.0000000000000000     ,  0.0000000000000000     ) (-7.67729280404192888E-006,-3.98874344540033951E-006)
 (-1.47523048950930159E-004,-3.34549329328022406E-003) (  0.0000000000000000     ,  0.0000000000000000     ) ( 4.65985779119684382E-004, 3.21297719533355678E-005)
 ( 3.48324040181732732E-004,-5.70593750016222946E-004) (  0.0000000000000000     ,  0.0000000000000000     ) ( 6.80053769673954012E-006, 9.41924770157394174E-005)
 ( 2.44838584244334025E-006,-1.63929668063586651E-004) (  0.0000000000000000     ,  0.0000000000000000     ) (-7.19749222351474655E-006, 1.47942439372028362E-006)
 (-1.87264607663737326E-003,-1.68686365103270586E-003) (  0.0000000000000000     ,  0.0000000000000000     ) ( 3.28794653465600407E-004,-2.81524827009198980E-004)
 ( 2.81465579735441784E-004,-7.66573775240935026E-004) (  0.0000000000000000     ,  0.0000000000000000     ) ( 6.16182785956568982E-005, 6.10925094211657230E-005)
 (-1.91416932018663661E-004,-4.00280784595239455E-004) (  0.0000000000000000     ,  0.0000000000000000     ) (-3.77764144336537500E-006, 6.02877682232127597E-006)
 (-2.15416454210619682E-003,-9.48673475346764502E-005) (  0.0000000000000000     ,  0.0000000000000000     ) ( 4.30272456662993285E-005,-4.06540395978627974E-004)
 ( 3.89251718544144016E-004,-6.28892686800988187E-004) (  0.0000000000000000     ,  0.0000000000000000     ) ( 7.89355391525923790E-005, 2.32024201688501241E-006)
 (-3.18332625827218282E-004,-3.53546901750159941E-004) (  0.0000000000000000     ,  0.0000000000000000     ) ( 1.33153071457664384E-006, 6.70773969990973993E-006)
 (-1.66874005956601417E-003, 4.05273285516826918E-004) (  0.0000000000000000     ,  0.0000000000000000     ) (-2.30373832036915303E-004,-3.02928422229393698E-004)
 ( 3.94312618974526489E-004,-2.08950664787312909E-004) (  0.0000000000000000     ,  0.0000000000000000     ) ( 5.56488087127656248E-005,-5.04692119151233827E-005)
 (-1.44023112960262305E-004,-3.03732978679570732E-004) (  0.0000000000000000     ,  0.0000000000000000     ) ( 5.21504567501245036E-006, 4.27576687789229650E-006)
 (-3.56667424917483868E-004, 1.03427811893322635E-003) (  0.0000000000000000     ,  0.0000000000000000     ) (-3.52797177671956158E-004,-5.23724982446676572E-005)
 ( 6.71922562643514172E-004, 1.10381697932298304E-003) (  0.0000000000000000     ,  0.0000000000000000     ) ( 8.30922983968610339E-007,-7.22428855784290196E-005)
 ( 6.36221385336328651E-006, 7.76488913160162323E-005) (  0.0000000000000000     ,  0.0000000000000000     ) ( 5.69164493208061022E-006, 1.95584312886572160E-007)
 ( 1.01580112234828709E-003, 1.13158023057213504E-003) (  0.0000000000000000     ,  0.0000000000000000     ) (-2.73735251976037143E-004, 2.02213850165758536E-004)
 ( 3.73386569093219563E-004, 8.17121459107784964E-004) (  0.0000000000000000     ,  0.0000000000000000     ) (-4.60823910861917347E-005,-5.34838370254078568E-005)
 (-2.73929311506151236E-004,-4.89885595289363850E-006) (  0.0000000000000000     ,  0.0000000000000000     ) ( 5.32025005654697047E-006,-4.28861928009052364E-006)
 ( 9.18620892386578570E-004,-1.80073017900500928E-004) (  0.0000000000000000     ,  0.0000000000000000     ) (-5.18236500967015229E-005, 3.26708585958612947E-004)
 (-4.64736453794898459E-004, 1.06656087140805426E-004) (  0.0000000000000000     ,  0.0000000000000000     ) (-6.22850863360273208E-005,-7.79332324941471278E-006)
 ( 1.06283262666481758E-004,-3.58841383482868008E-004) (  0.0000000000000000     ,  0.0000000000000000     ) ( 7.05182834936258791E-007,-5.50819346780740130E-006)
 ( 1.60158421350174132E-004, 4.42446721935185337E-004) (  0.0000000000000000     ,  0.0000000000000000     ) (-2.00264645921011221E-006,-4.14961804160885803E-005)
 ( 1.37922890019195427E-004,-1.18504367529799321E-004) (  0.0000000000000000     ,  0.0000000000000000     ) (-7.19749222351474655E-006, 1.47942439372028362E-006)
 (-1.36135694494154849E-004,-5.63492689138952126E-005) (  0.0000000000000000     ,  0.0000000000000000     ) ( 5.35177590167476517E-007, 4.63836121334098501E-007)
 (-3.34456578342297675E-004, 8.66631426819317605E-004) (  0.0000000000000000     ,  0.0000000000000000     ) ( 2.75907562441830475E-005,-3.62441673998390270E-005)
 ( 4.28815657268220352E-004, 4.94648912669732417E-005) (  0.0000000000000000     ,  0.0000000000000000     ) (-7.67729280404165952E-006,-3.98874344540031833E-006)
 (-3.33110878651212946E-004,-2.15435847285122583E-004) (  0.0000000000000000     ,  0.0000000000000000     ) ( 8.42363995292624810E-007, 3.14586817101552217E-007)
 (-1.97762016712579392E-003, 7.46925342813070528E-004) (  0.0000000000000000     ,  0.0000000000000000     ) ( 5.07995485570266928E-005,-1.10564077968198437E-005)
 ( 7.93779881303604629E-004, 2.50496245045320090E-004) (  0.0000000000000000     ,  0.0000000000000000     ) (-3.89020773544540575E-006,-7.92688442099379590E-006)
 (-2.42935481236061990E-004,-3.37423202420417557E-004) (  0.0000000000000000     ,  0.0000000000000000     ) ( 2.46320573725975646E-007, 3.34915934117723291E-007)
 (-7.13629327065267664E-003,-5.85427878472161934E-005) (  0.0000000000000000     ,  0.0000000000000000     ) ( 6.05509821284474313E-005, 2.27912570401089977E-005)
 ( 2.60688120217458623E-003, 1.95205911020931945E-003) (  0.0000000000000000     ,  0.0000000000000000     ) (-1.34575553992081128E-006,-9.40698651801183168E-006)
 (-1.03110842732577002E-003,-6.62780018506356461E-004) (  0.0000000000000000     ,  0.0000000000000000     ) ( 2.85756863976424101E-007,-2.32266987253365108E-007)
 (-4.27185391877465126E-002,-2.50542055435555022E-002) (  0.0000000000000000     ,  0.0000000000000000     ) ( 1.22822833408545759E-004, 5.22658993314210760E-005)
 ( 1.99359397028262032E-002, 3.37682851702553050E-002) (  0.0000000000000000     ,  0.0000000000000000     ) (-5.69939469651509692E-005,-3.97444489058323429E-006)
 (-9.62117754080210781E-003,-1.84434403381656294E-002) (  0.0000000000000000     ,  0.0000000000000000     ) ( 2.96771044894378039E-005,-1.23293204652914601E-006)
 ( 9.83641570657811798E-002, 5.63427605476351234E-002) (  0.0000000000000000     ,  0.0000000000000000     ) (-5.59003364713579623E-004,-1.53551209617555261E-005)
 (-3.85404438403875253E-006,-2.01890347316549844E-006) (  0.0000000000000000     ,  0.0000000000000000     ) (  0.0000000000000000     ,  0.0000000000000000     )
 (-0.87030677738197693     , 0.45294865670091344     ) (  41.095471280805093     , -41.095471280805093     ) ( 1.27730814593763351E-003, 5.41577401345160836E-005)
 (-4.26984121766981611E-002,-2.50553568744988839E-002) (  0.0000000000000000     ,  0.0000000000000000     ) ( 1.22822833408546951E-004, 5.22658993314211302E-005)
 (-1.99420595990769563E-002,-3.37716330398496120E-002) (  0.0000000000000000     ,  0.0000000000000000     ) ( 5.69939469651514299E-005, 3.97444489058328680E-006)
 (-9.62112683936098764E-003,-1.84433222448468978E-002) (  0.0000000000000000     ,  0.0000000000000000     ) ( 2.96771044894378513E-005,-1.23293204652915575E-006)
 (-7.10314472333036569E-003,-4.93799324240484024E-005) (  0.0000000000000000     ,  0.0000000000000000     ) ( 6.05509821284473703E-005, 2.27912570401090146E-005)
 (-2.60586588578739457E-003,-1.95547053654277934E-003) (  0.0000000000000000     ,  0.0000000000000000     ) ( 1.34575553992086210E-006, 9.40698651801185031E-006)
 (-1.03255503096818125E-003,-6.60920425642257288E-004) (  0.0000000000000000     ,  0.0000000000000000     ) ( 2.85756863976424101E-007,-2.32266987253365108E-007)
 (-1.95110579132377372E-003, 7.78783518512394602E-004) (  0.0000000000000000     ,  0.0000000000000000     ) ( 5.07995485570125101E-005,-1.10564077968198674E-005)
 (-7.83029717962258954E-004,-2.56495995266106972E-004) (  0.0000000000000000     ,  0.0000000000000000     ) ( 3.89020773544544472E-006, 7.92688442099378404E-006)
 (-2.43786485617710825E-004,-3.36083950418455295E-004) (  0.0000000000000000     ,  0.0000000000000000     ) ( 2.46320573726039332E-007, 3.34915934117719373E-007)
 (-3.55150359796862103E-004, 9.38515506456222130E-004) (  0.0000000000000000     ,  0.0000000000000000     ) ( 2.75907562441816719E-005,-3.62441673998393116E-005)
 (-3.97501585443398107E-004,-5.62273223778855786E-005) (  0.0000000000000000     ,  0.0000000000000000     ) ( 7.67729280404171204E-006, 3.98874344540030986E-006)
 (-3.41496452882574430E-004,-2.14362384670940776E-004) (  0.0000000000000000     ,  0.0000000000000000     ) ( 8.42363995292657526E-007, 3.14586817101558358E-007)
 (-7.70316151087841676E-005, 5.64349341379594637E-004) (  0.0000000000000000     ,  0.0000000000000000     ) (-2.00264645921004106E-006,-4.14961804160885600E-005)
 (-1.61374312248463503E-006, 1.64009768915079402E-004) (  0.0000000000000000     ,  0.0000000000000000     ) ( 7.19749222351447635E-006,-1.47942439372034207E-006)
 (-1.84664651664774408E-004,-7.92179706384303731E-005) (  0.0000000000000000     ,  0.0000000000000000     ) ( 5.35177590167476517E-007, 4.63836121334098501E-007)
 ( 7.57491181549436023E-005, 2.42390736511537856E-005) (  0.0000000000000000     ,  0.0000000000000000     ) (-2.65041523885898610E-005,-2.63451353357582583E-005)
 ( 1.91416931918722175E-004, 4.00280784653222262E-004) (  0.0000000000000000     ,  0.0000000000000000     ) ( 3.77764144336572186E-006,-6.02877682232129291E-006)
 ( 6.40454627524923183E-005,-2.80569892157632374E-004) (  0.0000000000000000     ,  0.0000000000000000     ) ( 8.45706937500109719E-007, 8.94044328377263188E-007)
 ( 3.68229025536009370E-004, 3.84002474602924087E-005) (  0.0000000000000000     ,  0.0000000000000000     ) (-3.52633843158848387E-005,-1.15428039227920951E-006)
 ( 3.16288408004149798E-004, 3.58336051926800268E-004) (  0.0000000000000000     ,  0.0000000000000000     ) (-1.33153071457673045E-006,-6.70773969990976195E-006)
 ( 4.21136903892142139E-004, 4.72748495957480861E-004) (  0.0000000000000000     ,  0.0000000000000000     ) (-9.79496219730201956E-007, 3.18653369015334423E-007)
 ( 9.36523167250321236E-005,-4.11788624060236818E-004) (  0.0000000000000000     ,  0.0000000000000000     ) (-2.46413868946036992E-005, 2.18907905533532513E-005)
 ( 1.37493638418264766E-004, 3.05891943706793621E-004) (  0.0000000000000000     ,  0.0000000000000000     ) (-5.21504567501298060E-006,-4.27576687789233038E-006)
 ( 1.43423556203816239E-004, 6.42537297395829389E-005) (  0.0000000000000000     ,  0.0000000000000000     ) (-6.16302573050178837E-008,-4.40707394680262540E-007)
 (-3.12807906347665514E-005, 5.24256471683319427E-004) (  0.0000000000000000     ,  0.0000000000000000     ) (-2.98064919298553515E-006, 2.83310836858977572E-005)
 (-1.82314885952162154E-005,-8.21650884918185111E-005) (  0.0000000000000000     ,  0.0000000000000000     ) (-5.69164493208126582E-006,-1.95584312886582907E-007)
 (-7.01410597584025769E-005, 1.61465332526240660E-004) (  0.0000000000000000     ,  0.0000000000000000     ) (-1.00523715398372002E-007,-2.79857255827182480E-007)
 (-1.76028819318053970E-004,-4.87885464628694970E-004) (  0.0000000000000000     ,  0.0000000000000000     ) ( 1.92606890563787637E-005, 2.35918515257712934E-005)
 ( 2.56542761776483972E-004,-2.59116206080320225E-005) (  0.0000000000000000     ,  0.0000000000000000     ) (-5.32025005654748970E-006, 4.28861928009049992E-006)
 ( 6.48159570894269263E-005,-3.36271868642960261E-004) (  0.0000000000000000     ,  0.0000000000000000     ) ( 3.30619244695210407E-008,-3.60082716251262276E-008)
 (-2.55851573999030883E-005,-2.32160711322927569E-005) (  0.0000000000000000     ,  0.0000000000000000     ) ( 2.79229369245709074E-005, 3.79640111743603637E-006)
 (-7.14995351787129111E-005, 2.00251648434070684E-004) (  0.0000000000000000     ,  0.0000000000000000     ) (-7.05182834936297331E-007, 5.50819346780739029E-006)
 ( 1.36770278189887880E-004, 5.26011003868816348E-006) (  0.0000000000000000     ,  0.0000000000000000     ) (-6.79349742515000395E-007, 1.36220247246062615E-008)
 ( 4.64329864741152166E-003,-7.78400357738161328E-003) (  0.0000000000000000     ,  0.0000000000000000     ) ( 1.20111733871814839E-003, 1.79270765718497977E-003)
 (-1.88999271088298925E-003,-3.29361176726705859E-003) (  0.0000000000000000     ,  0.0000000000000000     ) ( 3.28794653465600407E-004,-2.81524827009198980E-004)
 ( 2.29127770419707688E-004,-5.76849212182662004E-004) (  0.0000000000000000     ,  0.0000000000000000     ) (-2.65041523885898610E-005,-2.63451353357582583E-005)
 ( 1.20569215346416365E-002, 5.61357896041519587E-004) (  0.0000000000000000     ,  0.0000000000000000     ) (-4.09638534350483820E-004, 2.31203980784868259E-003)
 (-3.85680165141809956E-004,-3.53686069956952922E-003) (  0.0000000000000000     ,  0.0000000000000000     ) ( 4.65985779119557368E-004, 3.21297719539025242E-005)
 (-1.26851008069750091E-004, 4.89254529112639067E-004) (  0.0000000000000000     ,  0.0000000000000000     ) (-2.00264645921006689E-006,-4.14961804160884787E-005)
 ( 1.39713051580504094E-002, 1.29425583585369760E-002) (  0.0000000000000000     ,  0.0000000000000000     ) (-2.08104986341324559E-003, 1.47536615359132877E-003)
 ( 2.97676565577200368E-003,-4.41458398044070575E-003) (  0.0000000000000000     ,  0.0000000000000000     ) ( 3.52687240375813241E-004, 3.89739530703526863E-004)
 (-3.76709491342013816E-004, 9.30073870294040837E-004) (  0.0000000000000000     ,  0.0000000000000000     ) ( 2.75907562441816719E-005,-3.62441673998393116E-005)
 ( 1.51208299402796984E-003, 3.19739789341439012E-002) (  0.0000000000000000     ,  0.0000000000000000     ) (-2.81400420671174857E-003,-5.42916653908610911E-004)
 ( 9.16891812704932578E-003,-4.06774809301269254E-003) (  0.0000000000000000     ,  0.0000000000000000     ) (-3.46380847799250612E-007, 6.11356570960592247E-004)
 (-1.96706657231018704E-003, 7.87701505283999238E-004) (  0.0000000000000000     ,  0.0000000000000000     ) ( 5.07995485570125101E-005,-1.10564077968198674E-005)
 (-4.06870469961686659E-002, 5.62034030654722586E-002) (  0.0000000000000000     ,  0.0000000000000000     ) (-1.87868301351153165E-003,-2.92248560209451861E-003)
 ( 2.58471594920365276E-002, 9.35436002585749506E-005) (  0.0000000000000000     ,  0.0000000000000000     ) (-4.92350539873035939E-004, 5.64627733014926156E-004)
 (-7.11026694763346959E-003,-4.60092135641794629E-005) (  0.0000000000000000     ,  0.0000000000000000     ) ( 6.05509821284473229E-005, 2.27912570401090519E-005)
 (-0.23103300750036068     , 6.39417306873768104E-002) (  0.0000000000000000     ,  0.0000000000000000     ) ( 1.24393459784797721E-003,-4.51218720000040423E-003)
 ( 0.11704379590127102     , 5.76712394673894319E-002) (  0.0000000000000000     ,  0.0000000000000000     ) (-1.16122084828203308E-003, 2.10442859395397946E-004)
 (-4.26984121766981611E-002,-2.50553568744989047E-002) (  0.0000000000000000     ,  0.0000000000000000     ) ( 1.22822833408546951E-004, 5.22658993314211302E-005)
 (-0.46155625742447837     , 8.60106203506348296E-004) (  21.493243746966318     ,  0.0000000000000000     ) ( 6.33806623393979880E-003,-4.69924738949337780E-003)
 ( 7.06434996775633176E-006, 2.99548604886437314E-006) (  0.0000000000000000     ,  0.0000000000000000     ) (  0.0000000000000000     ,  0.0000000000000000     )
 ( 9.83668744849364590E-002, 5.63395822541660138E-002) (  0.0000000000000000     ,  0.0000000000000000     ) (-5.59003364713579623E-004,-1.53551209617553940E-005)
 (-0.23111426131044316     , 6.39554703842229316E-002) (  0.0000000000000000     ,  0.0000000000000000     ) ( 1.24393459784796464E-003,-4.51218720000040249E-003)
 (-0.11702577544394420     ,-5.76647546670484915E-002) (  0.0000000000000000     ,  0.0000000000000000     ) ( 1.16122084828202202E-003,-2.10442859397382714E-004)
 (-4.27089049629429743E-002,-2.50591079230180307E-002) (  0.0000000000000000     ,  0.0000000000000000     ) ( 1.22822833408543129E-004, 5.22658993314210354E-005)
 (-4.08194248670277274E-002, 5.61884962865723259E-002) (  0.0000000000000000     ,  0.0000000000000000     ) (-1.87868301351153165E-003,-2.92248560209453900E-003)
 (-2.58291098099730360E-002,-8.34438358452631546E-005) (  0.0000000000000000     ,  0.0000000000000000     ) ( 4.92350539872841650E-004,-5.64627733016757156E-004)
 (-7.11597635476827594E-003,-5.21813575491520228E-005) (  0.0000000000000000     ,  0.0000000000000000     ) ( 6.05509821284474313E-005, 2.27912570401089977E-005)
 ( 1.39629967772935478E-003, 3.18500924661876614E-002) (  0.0000000000000000     ,  0.0000000000000000     ) (-2.81400420671174857E-003,-5.42916653908610911E-004)
 (-9.19729440294455268E-003, 4.08818509703424114E-003) (  0.0000000000000000     ,  0.0000000000000000     ) ( 3.46380847799396143E-007,-6.11356570975221279E-004)
 (-1.95443532515323943E-003, 7.76411616064907168E-004) (  0.0000000000000000     ,  0.0000000000000000     ) ( 5.07995485570194896E-005,-1.10564077968198386E-005)
 ( 1.40305354378149165E-002, 1.27115589367090415E-002) (  0.0000000000000000     ,  0.0000000000000000     ) (-2.08104986341323172E-003, 1.47536615359463211E-003)
 (-3.09386089449898436E-003, 4.42349663476225390E-003) (  0.0000000000000000     ,  0.0000000000000000     ) (-3.52687240375816602E-004,-3.89739530703526809E-004)
 (-3.57336319665848895E-004, 9.37998588076957790E-004) (  0.0000000000000000     ,  0.0000000000000000     ) ( 2.75907562441680211E-005,-3.62441673998389321E-005)
 ( 1.26988583744714351E-002, 3.86463880928461392E-004) (  0.0000000000000000     ,  0.0000000000000000     ) (-4.09638534350483820E-004, 2.31203980784868129E-003)
 ( 1.47523049028692473E-004, 3.34549329305650501E-003) (  0.0000000000000000     ,  0.0000000000000000     ) (-4.65985779119683894E-004,-3.21297719512587244E-005)
 (-7.70316151112175509E-005, 5.64349341312896905E-004) (  0.0000000000000000     ,  0.0000000000000000     ) (-2.00264645921011221E-006,-4.14961804160885803E-005)
 ( 6.62466865717615573E-003,-6.22406801643180657E-003) (  0.0000000000000000     ,  0.0000000000000000     ) ( 1.20111733871814839E-003, 1.79270765718497977E-003)
 ( 1.87592112213220540E-003, 1.69845108908632959E-003) (  0.0000000000000000     ,  0.0000000000000000     ) (-3.28794653465600245E-004, 2.81524827008268572E-004)
 ( 8.86797821172421010E-005, 1.92352296774302369E-005) (  0.0000000000000000     ,  0.0000000000000000     ) (-2.65041523885897966E-005,-2.63451353357582787E-005)
 ( 3.88968309473809270E-004,-7.02213129454998947E-003) (  0.0000000000000000     ,  0.0000000000000000     ) ( 1.94409520943394074E-003, 3.88810353078501291E-004)
 ( 2.14846667138661896E-003, 1.22227324026947208E-004) (  0.0000000000000000     ,  0.0000000000000000     ) (-4.30272456662974040E-005, 4.06540395987822496E-004)
 ( 3.83499074599195997E-004, 4.20355702989036622E-005) (  0.0000000000000000     ,  0.0000000000000000     ) (-3.52633843158845677E-005,-1.15428039227914471E-006)
 (-4.40972192672552457E-003,-4.53002940394675330E-003) (  0.0000000000000000     ,  0.0000000000000000     ) ( 1.55055707945597168E-003,-1.05351660681256049E-003)
 ( 1.61668328549326797E-003,-3.65421401330811950E-004) (  0.0000000000000000     ,  0.0000000000000000     ) ( 2.30373832036910776E-004, 3.02928422229397384E-004)
 ( 1.07097046653080509E-004,-3.91022224597502635E-004) (  0.0000000000000000     ,  0.0000000000000000     ) (-2.46413868946017104E-005, 2.18907905533461532E-005)
 (-3.39627147683862042E-003, 4.84232142515883001E-005) (  0.0000000000000000     ,  0.0000000000000000     ) ( 3.47302071175228000E-004,-1.77342026295858606E-003)
 ( 2.52725636076407613E-004,-1.11779226389016281E-003) (  0.0000000000000000     ,  0.0000000000000000     ) ( 3.52797177671952363E-004, 5.23724982446662681E-005)
 (-3.56437060938256858E-005, 5.86117327585506938E-004) (  0.0000000000000000     ,  0.0000000000000000     ) (-2.98064919298567237E-006, 2.83310836858896901E-005)
 (-2.45513022769902741E-003, 2.96075526449047187E-003) (  0.0000000000000000     ,  0.0000000000000000     ) (-9.21437224685846745E-004,-1.45574737113272228E-003)
 (-9.29085516159570447E-004,-1.88598584101314342E-003) (  0.0000000000000000     ,  0.0000000000000000     ) ( 2.73735251976033294E-004,-2.02213850164958638E-004)
 (-3.67809032995973278E-004,-2.10885000129608737E-004) (  0.0000000000000000     ,  0.0000000000000000     ) ( 1.92606890563786722E-005, 2.35918515257712765E-005)
 ( 2.50061486041828693E-003, 1.20328157611577081E-003) (  0.0000000000000000     ,  0.0000000000000000     ) (-3.28794653465600245E-004, 2.81524827008268572E-004)
 ( 7.65882881007841614E-004,-6.63050362281379256E-004) (  0.0000000000000000     ,  0.0000000000000000     ) ( 6.16182785956568982E-005, 6.10925094211657230E-005)
 ( 3.68714786854764634E-004, 4.80799046440457127E-004) (  0.0000000000000000     ,  0.0000000000000000     ) ( 3.77764144336572186E-006,-6.02877682232129291E-006)
 ( 1.44370421218432585E-004, 3.12556986716227159E-003) (  0.0000000000000000     ,  0.0000000000000000     ) (-4.65985779119557368E-004,-3.21297719503959298E-005)
 ( 4.24064875058388256E-004,-6.18940881762460580E-004) (  0.0000000000000000     ,  0.0000000000000000     ) ( 6.80053769674022029E-006, 9.41924770157393496E-005)
 ( 2.06681672437942861E-005, 1.50524596270068257E-004) (  0.0000000000000000     ,  0.0000000000000000     ) ( 7.19749222351435268E-006,-1.47942439372020061E-006)
 (-3.14417960823712515E-003, 4.37795301432374485E-003) (  0.0000000000000000     ,  0.0000000000000000     ) (-3.52687240375813621E-004,-3.89739530703526755E-004)
 ( 7.89069404709806022E-004, 8.13222752453241101E-005) (  0.0000000000000000     ,  0.0000000000000000     ) (-6.14403406375496288E-005, 8.15321299497805553E-005)
 (-3.95507613927538980E-004,-6.26324478963755663E-005) (  0.0000000000000000     ,  0.0000000000000000     ) ( 7.67729280404171204E-006, 3.98874344540030986E-006)
 (-9.23800629435492411E-003, 4.12531982736786661E-003) (  0.0000000000000000     ,  0.0000000000000000     ) ( 3.46380847799396143E-007,-6.11356570975221279E-004)
 ( 2.35307218219279850E-003, 1.44718373722789646E-003) (  0.0000000000000000     ,  0.0000000000000000     ) (-1.13744523950923068E-004, 2.62005114484193009E-005)
 (-7.85887027055575857E-004,-2.58695820883424578E-004) (  0.0000000000000000     ,  0.0000000000000000     ) ( 3.89020773544544472E-006, 7.92688442099378404E-006)
 (-2.58554685599913063E-002,-2.82860625339983482E-005) (  0.0000000000000000     ,  0.0000000000000000     ) ( 4.92350539872850432E-004,-5.64627733015164138E-004)
 ( 8.26229485177947844E-003, 6.50387838076023263E-003) (  0.0000000000000000     ,  0.0000000000000000     ) (-1.37245834697013390E-004,-5.18849790224603302E-005)
 (-2.60713476006904817E-003,-1.95593370371739163E-003) (  0.0000000000000000     ,  0.0000000000000000     ) ( 1.34575553992099001E-006, 9.40698651801185201E-006)
 (-0.11703182405102833     ,-5.76249151145245067E-002) (  0.0000000000000000     ,  0.0000000000000000     ) ( 1.16122084828200684E-003,-2.10442859394639249E-004)
 ( 4.57169571033534741E-002, 7.06477441430305164E-002) (  0.0000000000000000     ,  0.0000000000000000     ) (-2.48456912372592171E-004,-1.22677950580696803E-004)
 (-1.99420595990769355E-002,-3.37716330398495843E-002) (  0.0000000000000000     ,  0.0000000000000000     ) ( 5.69939469651514299E-005, 3.97444489058328680E-006)
 ( 7.06434996764058895E-006, 2.99548604889540038E-006) (  0.0000000000000000     ,  0.0000000000000000     ) (  0.0000000000000000     ,  0.0000000000000000     )
 (-0.79336009374461169     , 0.54170474133058355     ) (  28.876873835844489     , -28.876873835844489     ) ( 2.30400040001401589E-003, 7.75770482325758036E-005)
 (-1.97502235781830226E-006,-1.56556502869285185E-006) (  0.0000000000000000     ,  0.0000000000000000     ) (  0.0000000000000000     ,  0.0000000000000000     )
 ( 0.11703938230250982     , 5.76347392294649721E-002) (  0.0000000000000000     ,  0.0000000000000000     ) (-1.16122084828201703E-003, 2.10442859387916897E-004)
 ( 4.57245596703264243E-002, 7.06470561823615978E-002) (  0.0000000000000000     ,  0.0000000000000000     ) (-2.48456912372543057E-004,-1.22677950580697264E-004)
 ( 1.99405585685369785E-002, 3.37715026418223957E-002) (  0.0000000000000000     ,  0.0000000000000000     ) (-5.69939469651505558E-005,-3.97444489058321226E-006)
 ( 2.58423956795263074E-002, 4.06898683036508531E-005) (  0.0000000000000000     ,  0.0000000000000000     ) (-4.92350539873044070E-004, 5.64627733015708624E-004)
 ( 8.27588707330294791E-003, 6.50639277751771314E-003) (  0.0000000000000000     ,  0.0000000000000000     ) (-1.37245834697013525E-004,-5.18849790224602760E-005)
 ( 2.60787147373920530E-003, 1.95549556241264143E-003) (  0.0000000000000000     ,  0.0000000000000000     ) (-1.34575553992081128E-006,-9.40698651801183168E-006)
 ( 9.20606574478576717E-003,-4.11771153954403665E-003) (  0.0000000000000000     ,  0.0000000000000000     ) (-3.46380847799250612E-007, 6.11356570960592247E-004)
 ( 2.36368537350628788E-003, 1.45377271534090986E-003) (  0.0000000000000000     ,  0.0000000000000000     ) (-1.13744523950923068E-004, 2.62005114484193009E-005)
 ( 7.85813063178824483E-004, 2.59533759284202240E-004) (  0.0000000000000000     ,  0.0000000000000000     ) (-3.89020773544555906E-006,-7.92688442099379929E-006)
 ( 3.09386089465184993E-003,-4.42349663525710892E-003) (  0.0000000000000000     ,  0.0000000000000000     ) ( 3.52687240375818174E-004, 3.89739530703526863E-004)
 ( 7.76370978178863832E-004, 9.82256991460830707E-005) (  0.0000000000000000     ,  0.0000000000000000     ) (-6.14403406375456579E-005, 8.15321299497809483E-005)
 ( 3.99151126665060047E-004, 5.72346131160436067E-005) (  0.0000000000000000     ,  0.0000000000000000     ) (-7.67729280404185603E-006,-3.98874344540032257E-006)
 (-1.47440005443722063E-004,-3.31608330793146423E-003) (  0.0000000000000000     ,  0.0000000000000000     ) ( 4.65985779119684382E-004, 3.21297719533355678E-005)
 ( 3.48324040235631458E-004,-5.70593750099536077E-004) (  0.0000000000000000     ,  0.0000000000000000     ) ( 6.80053769673954012E-006, 9.41924770157394174E-005)
 ( 1.61374316005459019E-006,-1.64009768930243189E-004) (  0.0000000000000000     ,  0.0000000000000000     ) (-7.19749222351474655E-006, 1.47942439372028362E-006)
 (-1.87367741298934414E-003,-1.66089125651126715E-003) (  0.0000000000000000     ,  0.0000000000000000     ) ( 3.28794653465600407E-004,-2.81524827009198980E-004)
 ( 2.86556649533834147E-004,-7.59030257797876852E-004) (  0.0000000000000000     ,  0.0000000000000000     ) ( 6.16182785956568982E-005, 6.10925094211657230E-005)
 (-1.91971633839843522E-004,-3.96484639828088793E-004) (  0.0000000000000000     ,  0.0000000000000000     ) (-3.77764144336537500E-006, 6.02877682232127597E-006)
 (-2.17307372175695995E-003,-8.93652878992081583E-005) (  0.0000000000000000     ,  0.0000000000000000     ) ( 4.30272456662972888E-005,-4.06540395970024233E-004)
 ( 3.94060317380159214E-004,-6.19849894686163596E-004) (  0.0000000000000000     ,  0.0000000000000000     ) ( 7.89355391525911051E-005, 2.32024201688486290E-006)
 (-3.19369699892770107E-004,-3.56453397989451519E-004) (  0.0000000000000000     ,  0.0000000000000000     ) ( 1.33153071457649815E-006, 6.70773969990972299E-006)
 (-1.70160400396488485E-003, 3.61617966198498925E-004) (  0.0000000000000000     ,  0.0000000000000000     ) (-2.30373832036908797E-004,-3.02928422229392939E-004)
 ( 3.84761126775666040E-004,-1.98337757953245342E-004) (  0.0000000000000000     ,  0.0000000000000000     ) ( 5.56488087127656925E-005,-5.04692119151240807E-005)
 (-1.42472506986938638E-004,-3.06434954586223124E-004) (  0.0000000000000000     ,  0.0000000000000000     ) ( 5.21504567501313137E-006, 4.27576687789232106E-006)
 (-3.79438403250660682E-004, 9.09972795182071876E-004) (  0.0000000000000000     ,  0.0000000000000000     ) (-3.52797177671952092E-004,-5.23724982446664713E-005)
 ( 6.41234871740658250E-004, 1.13501981478095790E-003) (  0.0000000000000000     ,  0.0000000000000000     ) ( 8.30922983968473755E-007,-7.22428855784292635E-005)
 ( 1.54873763609977963E-005, 7.01813007612173069E-005) (  0.0000000000000000     ,  0.0000000000000000     ) ( 5.69164493208019348E-006, 1.95584312886565755E-007)
 ( 1.23428593637406412E-003, 8.45036089424578492E-004) (  0.0000000000000000     ,  0.0000000000000000     ) (-2.73735251976033511E-004, 2.02213850164213466E-004)
 ( 1.91095350033814934E-004, 8.26228681289008313E-004) (  0.0000000000000000     ,  0.0000000000000000     ) (-4.60823910861901355E-005,-5.34838370254078093E-005)
 (-2.13348991740420016E-004, 3.12341371960285106E-006) (  0.0000000000000000     ,  0.0000000000000000     ) ( 5.32025005654492150E-006,-4.28861928009053719E-006)
 ( 3.92728157207724714E-004,-3.00818359785579732E-005) (  0.0000000000000000     ,  0.0000000000000000     ) (-2.65041523885897966E-005,-2.63451353357582787E-005)
 (-1.92600666520278591E-005,-3.06464345690078829E-004) (  0.0000000000000000     ,  0.0000000000000000     ) (-3.77764144336537500E-006, 6.02877682232127597E-006)
 ( 1.38081286056518745E-004,-2.34331158613861523E-004) (  0.0000000000000000     ,  0.0000000000000000     ) ( 8.45706937500109719E-007, 8.94044328377263188E-007)
 (-1.95640994930767050E-005, 5.10729949620589217E-004) (  0.0000000000000000     ,  0.0000000000000000     ) (-2.00264645921007282E-006,-4.14961804160884380E-005)
 ( 3.06263334184749933E-005,-1.58740994986984177E-004) (  0.0000000000000000     ,  0.0000000000000000     ) (-7.19749222351458815E-006, 1.47942439372016419E-006)
 (-1.76761786272411082E-004,-7.66833770472751268E-005) (  0.0000000000000000     ,  0.0000000000000000     ) ( 5.35177590167116634E-007, 4.63836121334084049E-007)
 (-3.55216006014347707E-004, 9.09336046346449203E-004) (  0.0000000000000000     ,  0.0000000000000000     ) ( 2.75907562441817566E-005,-3.62441673998390880E-005)
 ( 4.08507367762762474E-004, 5.39091314522696034E-005) (  0.0000000000000000     ,  0.0000000000000000     ) (-7.67729280404192888E-006,-3.98874344540033951E-006)
 (-3.38806894820471390E-004,-2.14660435217260242E-004) (  0.0000000000000000     ,  0.0000000000000000     ) ( 8.42363995292657526E-007, 3.14586817101558358E-007)
 (-1.97150910478620075E-003, 7.65027491604918170E-004) (  0.0000000000000000     ,  0.0000000000000000     ) ( 5.07995485570194896E-005,-1.10564077968198386E-005)
 ( 7.88693852706013254E-004, 2.54955312328859730E-004) (  0.0000000000000000     ,  0.0000000000000000     ) (-3.89020773544555906E-006,-7.92688442099379929E-006)
 (-2.44267651272747914E-004,-3.36373786692146213E-004) (  0.0000000000000000     ,  0.0000000000000000     ) ( 2.46320573726039332E-007, 3.34915934117719373E-007)
 (-7.12590128435788752E-003,-5.50251304164432723E-005) (  0.0000000000000000     ,  0.0000000000000000     ) ( 6.05509821284473161E-005, 2.27912570401090282E-005)
 ( 2.60653336714092602E-003, 1.95501227928611540E-003) (  0.0000000000000000     ,  0.0000000000000000     ) (-1.34575553992096777E-006,-9.40698651801183676E-006)
 (-1.03115711606676752E-003,-6.61919561485794995E-004) (  0.0000000000000000     ,  0.0000000000000000     ) ( 2.85756863976483022E-007,-2.32266987253381413E-007)
 (-4.27113778831283014E-002,-2.50560467120508057E-002) (  0.0000000000000000     ,  0.0000000000000000     ) ( 1.22822833408546192E-004, 5.22658993314211302E-005)
 ( 1.99378624164471205E-002, 3.37699884996597380E-002) (  0.0000000000000000     ,  0.0000000000000000     ) (-5.69939469651514977E-005,-3.97444489058321650E-006)
 (-9.62112683936095815E-003,-1.84433222448469221E-002) (  0.0000000000000000     ,  0.0000000000000000     ) ( 2.96771044894378513E-005,-1.23293204652915575E-006)
 ( 9.83668744849364035E-002, 5.63395822541659722E-002) (  0.0000000000000000     ,  0.0000000000000000     ) (-5.59003364713579623E-004,-1.53551209617555261E-005)
 (-1.97502235779856216E-006,-1.56556502868197002E-006) (  0.0000000000000000     ,  0.0000000000000000     ) (  0.0000000000000000     ,  0.0000000000000000     )
 (-0.87030664742531827     , 0.45294882026181599     ) (  41.095471280805093     , -41.095471280805093     ) ( 1.27730814593763351E-003, 5.41577401345160836E-005)
 (-4.26998356950053157E-002,-2.50573458140054099E-002) (  0.0000000000000000     ,  0.0000000000000000     ) ( 1.22822833408544376E-004, 5.22658993314209947E-005)
 (-1.99407250478897784E-002,-3.37723362038704067E-002) (  0.0000000000000000     ,  0.0000000000000000     ) ( 5.69939469651504677E-005, 3.97444489058328680E-006)
 (-9.62082945097837185E-003,-1.84435760937056922E-002) (  0.0000000000000000     ,  0.0000000000000000     ) ( 2.96771044894375498E-005,-1.23293204652913754E-006)
 (-7.10737809966950282E-003,-4.98709937650363208E-005) (  0.0000000000000000     ,  0.0000000000000000     ) ( 6.05509821284473703E-005, 2.27912570401090146E-005)
 (-2.60552420614274145E-003,-1.95603217923782284E-003) (  0.0000000000000000     ,  0.0000000000000000     ) ( 1.34575553992086210E-006, 9.40698651801185031E-006)
 (-1.03252259283764716E-003,-6.60960327510660343E-004) (  0.0000000000000000     ,  0.0000000000000000     ) ( 2.85756863976424101E-007,-2.32266987253365108E-007)
 (-1.95399135041395087E-003, 7.78804235531202851E-004) (  0.0000000000000000     ,  0.0000000000000000     ) ( 5.07995485570125101E-005,-1.10564077968198674E-005)
 (-7.83885943725498037E-004,-2.57335425553320096E-004) (  0.0000000000000000     ,  0.0000000000000000     ) ( 3.89020773544544472E-006, 7.92688442099378404E-006)
 (-2.43860888550720970E-004,-3.35904761199444448E-004) (  0.0000000000000000     ,  0.0000000000000000     ) ( 2.46320573726039332E-007, 3.34915934117719373E-007)
 (-3.57336319652974211E-004, 9.37998588029402623E-004) (  0.0000000000000000     ,  0.0000000000000000     ) ( 2.75907562441680685E-005,-3.62441673998390677E-005)
 (-3.99151126577133148E-004,-5.72346131634359200E-005) (  0.0000000000000000     ,  0.0000000000000000     ) ( 7.67729280404160192E-006, 3.98874344540030139E-006)
 (-3.41796831247733032E-004,-2.14544636890690764E-004) (  0.0000000000000000     ,  0.0000000000000000     ) ( 8.42363995292449580E-007, 3.14586817101537394E-007)
 (-7.60508878424699046E-005, 5.63607843037024344E-004) (  0.0000000000000000     ,  0.0000000000000000     ) (-2.00264645921004106E-006,-4.14961804160885600E-005)
 (-2.44838580906619881E-006, 1.63929668050132352E-004) (  0.0000000000000000     ,  0.0000000000000000     ) ( 7.19749222351447635E-006,-1.47942439372034207E-006)
 (-1.84664651661927348E-004,-7.92179706435631353E-005) (  0.0000000000000000     ,  0.0000000000000000     ) ( 5.35177590167476517E-007, 4.63836121334098501E-007)
 ( 8.09263762587663217E-005, 2.26058653002510222E-005) (  0.0000000000000000     ,  0.0000000000000000     ) (-2.65041523885898610E-005,-2.63451353357582583E-005)
 ( 1.91969453689019192E-004, 3.99665869629964505E-004) (  0.0000000000000000     ,  0.0000000000000000     ) ( 3.77764144336572186E-006,-6.02877682232129291E-006)
 ( 6.53444971995684393E-005,-2.80183710256744841E-004) (  0.0000000000000000     ,  0.0000000000000000     ) ( 8.45706937500109719E-007, 8.94044328377263188E-007)
 ( 3.75535944788842405E-004, 3.96312279214420623E-005) (  0.0000000000000000     ,  0.0000000000000000     ) (-3.52633843158845202E-005,-1.15428039227915128E-006)
 ( 3.16683398150783776E-004, 3.56658842236310303E-004) (  0.0000000000000000     ,  0.0000000000000000     ) (-1.33153071457660466E-006,-6.70773969990974247E-006)
 ( 4.21083709695224619E-004, 4.72930310029653033E-004) (  0.0000000000000000     ,  0.0000000000000000     ) (-9.79496219729731006E-007, 3.18653369015333999E-007)
 ( 9.89728262719332124E-005,-4.06358398273048331E-004) (  0.0000000000000000     ,  0.0000000000000000     ) (-2.46413868946018052E-005, 2.18907905533600716E-005)
 ( 1.38012239717302695E-004, 3.03386045376117738E-004) (  0.0000000000000000     ,  0.0000000000000000     ) (-5.21504567501365060E-006,-4.27576687789235495E-006)
 ( 1.43330278886289142E-004, 6.47182458510636141E-005) (  0.0000000000000000     ,  0.0000000000000000     ) (-6.16302573050399330E-008,-4.40707394680274769E-007)
 (-3.16167600824480280E-005, 5.40860042197013674E-004) (  0.0000000000000000     ,  0.0000000000000000     ) (-2.98064919298562028E-006, 2.83310836858897070E-005)
 (-1.34375917751776722E-005,-8.50412137029797518E-005) (  0.0000000000000000     ,  0.0000000000000000     ) (-5.69164493208083807E-006,-1.95584312886583066E-007)
 (-7.11129776979952831E-005, 1.62420806953919599E-004) (  0.0000000000000000     ,  0.0000000000000000     ) (-1.00523715397916034E-007,-2.79857255827165221E-007)
 (-1.88188283156656808E-004,-4.39778107664906548E-004) (  0.0000000000000000     ,  0.0000000000000000     ) ( 1.92606890563786959E-005, 2.35918515257712731E-005)
 ( 2.69712407104362288E-004,-4.40859700133325923E-005) (  0.0000000000000000     ,  0.0000000000000000     ) (-5.32025005654545259E-006, 4.28861928009051517E-006)
 ( 6.20197671380383862E-005,-3.27092789756295590E-004) (  0.0000000000000000     ,  0.0000000000000000     ) ( 3.30619244695750059E-008,-3.60082716251151964E-008)
 (-1.64994624838959080E-003,-6.49101567747875467E-003) (  0.0000000000000000     ,  0.0000000000000000     ) ( 1.94409520943394074E-003, 3.88810353078501291E-004)
 (-3.13639973287438336E-003,-9.67784954516433954E-004) (  0.0000000000000000     ,  0.0000000000000000     ) ( 4.30272456662972888E-005,-4.06540395970024233E-004)
 ( 1.04498523712596783E-004,-3.57671813825361645E-004) (  0.0000000000000000     ,  0.0000000000000000     ) (-3.52633843158845202E-005,-1.15428039227915128E-006)
 ( 6.42774484714296081E-003,-5.66284525454929626E-003) (  0.0000000000000000     ,  0.0000000000000000     ) ( 1.20111733871814926E-003, 1.79270765718603795E-003)
 (-2.13852823879620828E-003,-1.65750944063273054E-003) (  0.0000000000000000     ,  0.0000000000000000     ) ( 3.28794653465601979E-004,-2.81524827013820717E-004)
 ( 1.37564014569787715E-005, 1.71343641178288437E-005) (  0.0000000000000000     ,  0.0000000000000000     ) (-2.65041523885895865E-005,-2.63451353357578890E-005)
 ( 1.28351016821295540E-002, 5.59491061611206439E-004) (  0.0000000000000000     ,  0.0000000000000000     ) (-4.09638534350483820E-004, 2.31203980784868129E-003)
 (-2.17683345417512121E-004,-3.25519020298970689E-003) (  0.0000000000000000     ,  0.0000000000000000     ) ( 4.65985779119684382E-004, 3.21297719533355678E-005)
 (-8.70774617315814563E-005, 5.71598563705261382E-004) (  0.0000000000000000     ,  0.0000000000000000     ) (-2.00264645921004106E-006,-4.14961804160885600E-005)
 ( 1.41852693008768203E-002, 1.26754509344902296E-002) (  0.0000000000000000     ,  0.0000000000000000     ) (-2.08104986341323172E-003, 1.47536615359463211E-003)
 ( 3.09591397367631541E-003,-4.36880143688412291E-003) (  0.0000000000000000     ,  0.0000000000000000     ) ( 3.52687240375818174E-004, 3.89739530703526863E-004)
 (-3.55594088044610540E-004, 9.43248301915170753E-004) (  0.0000000000000000     ,  0.0000000000000000     ) ( 2.75907562441680685E-005,-3.62441673998390677E-005)
 ( 1.48418733690285011E-003, 3.17487616556886634E-002) (  0.0000000000000000     ,  0.0000000000000000     ) (-2.81400420671174944E-003,-5.42916653930784906E-004)
 ( 9.22910551808245327E-003,-4.07954150945338996E-003) (  0.0000000000000000     ,  0.0000000000000000     ) (-3.46380847799526427E-007, 6.11356570965491432E-004)
 (-1.95797344042592837E-003, 7.82328724344423737E-004) (  0.0000000000000000     ,  0.0000000000000000     ) ( 5.07995485570099148E-005,-1.10564077968199013E-005)
 (-4.07825766900892367E-002, 5.61021423643565526E-002) (  0.0000000000000000     ,  0.0000000000000000     ) (-1.87868301351153165E-003,-2.92248560209453900E-003)
 ( 2.58616979589673633E-002, 6.23086123753899127E-005) (  0.0000000000000000     ,  0.0000000000000000     ) (-4.92350539873044070E-004, 5.64627733015708624E-004)
 (-7.10314472333034228E-003,-4.93799324239783968E-005) (  0.0000000000000000     ,  0.0000000000000000     ) ( 6.05509821284473703E-005, 2.27912570401090146E-005)
 (-0.23111426131044305     , 6.39554703842230704E-002) (  0.0000000000000000     ,  0.0000000000000000     ) ( 1.24393459784796464E-003,-4.51218720000040249E-003)
 ( 0.11703938230250965     , 5.76347392294648334E-002) (  0.0000000000000000     ,  0.0000000000000000     ) (-1.16122084828201703E-003, 2.10442859387916897E-004)
 (-4.26998356950053226E-002,-2.50573458140054377E-002) (  0.0000000000000000     ,  0.0000000000000000     ) ( 1.22822833408544376E-004, 5.22658993314209947E-005)
 (-0.46158884368595565     , 9.30884175776831011E-004) (  21.493243746966318     ,  0.0000000000000000     ) ( 6.33806623393979880E-003,-4.69924738949337780E-003)
 ( 1.76315471736432101E-006,-1.58239573519570350E-005) (  0.0000000000000000     ,  0.0000000000000000     ) (  0.0000000000000000     ,  0.0000000000000000     )
 ( 9.83654101706796097E-002, 5.63351861026412382E-002) (  0.0000000000000000     ,  0.0000000000000000     ) (-5.59003364713579623E-004,-1.53551209617553940E-005)
 (-0.23109582210659668     , 6.40434341130452917E-002) (  0.0000000000000000     ,  0.0000000000000000     ) ( 1.24393459784795271E-003,-4.51218720000040683E-003)
 (-0.11702719238746265     ,-5.76621725426401388E-002) (  0.0000000000000000     ,  0.0000000000000000     ) ( 1.16122084828202679E-003,-2.10442859394478353E-004)
 (-4.27072122359143866E-002,-2.50558958295835771E-002) (  0.0000000000000000     ,  0.0000000000000000     ) ( 1.22822833408544159E-004, 5.22658993314211438E-005)
 (-4.07996756535535382E-002, 5.62347751203470594E-002) (  0.0000000000000000     ,  0.0000000000000000     ) (-1.87868301351154596E-003,-2.92248560209448782E-003)
 (-2.58411855675085705E-002,-6.76499702936949075E-005) (  0.0000000000000000     ,  0.0000000000000000     ) ( 4.92350539872834819E-004,-5.64627733016494129E-004)
 (-7.11024844197328306E-003,-5.22972078355828478E-005) (  0.0000000000000000     ,  0.0000000000000000     ) ( 6.05509821284473500E-005, 2.27912570401090113E-005)
 ( 1.39629967778682942E-003, 3.18500924664032944E-002) (  0.0000000000000000     ,  0.0000000000000000     ) (-2.81400420671174857E-003,-5.42916653908610911E-004)
 (-9.20606574553721815E-003, 4.11771154081129378E-003) (  0.0000000000000000     ,  0.0000000000000000     ) ( 3.46380847799396143E-007,-6.11356570975221279E-004)
 (-1.95399135044311981E-003, 7.78804235591570035E-004) (  0.0000000000000000     ,  0.0000000000000000     ) ( 5.07995485570194896E-005,-1.10564077968198386E-005)
 ( 1.40222713951317270E-002, 1.26536742940384084E-002) (  0.0000000000000000     ,  0.0000000000000000     ) (-2.08104986341324559E-003, 1.47536615359540840E-003)
 (-3.09598639960461785E-003, 4.44140837724010286E-003) (  0.0000000000000000     ,  0.0000000000000000     ) (-3.52687240375815572E-004,-3.89739530703527026E-004)
 (-3.55150359793044682E-004, 9.38515506465677782E-004) (  0.0000000000000000     ,  0.0000000000000000     ) ( 2.75907562441830475E-005,-3.62441673998390270E-005)
 ( 1.26946819978382627E-002, 2.79461002825411888E-004) (  0.0000000000000000     ,  0.0000000000000000     ) (-4.09638534350483820E-004, 2.31203980784868129E-003)
 ( 1.34617512056383259E-004, 3.33474879770596097E-003) (  0.0000000000000000     ,  0.0000000000000000     ) (-4.65985779119683894E-004,-3.21297719512587244E-005)
 (-7.04472542977383691E-005, 5.58539972712250522E-004) (  0.0000000000000000     ,  0.0000000000000000     ) (-2.00264645921011221E-006,-4.14961804160885803E-005)
 ( 6.67900132183404677E-003,-6.32779666137856488E-003) (  0.0000000000000000     ,  0.0000000000000000     ) ( 1.20111733871814839E-003, 1.79270765718497977E-003)
 ( 1.84471888213129853E-003, 1.67196858472139589E-003) (  0.0000000000000000     ,  0.0000000000000000     ) (-3.28794653465600245E-004, 2.81524827008268572E-004)
 ( 9.22837698987081514E-005, 2.27857099752239391E-005) (  0.0000000000000000     ,  0.0000000000000000     ) (-2.65041523885897966E-005,-2.63451353357582787E-005)
 ( 5.32226686727909140E-004,-6.99885786937205680E-003) (  0.0000000000000000     ,  0.0000000000000000     ) ( 1.94409520943394074E-003, 3.88810353078501291E-004)
 ( 2.12848708012949557E-003, 7.44721783213427328E-005) (  0.0000000000000000     ,  0.0000000000000000     ) (-4.30272456662974040E-005, 4.06540395987822496E-004)
 ( 3.84529148153006726E-004, 5.45658477178993733E-005) (  0.0000000000000000     ,  0.0000000000000000     ) (-3.52633843158845677E-005,-1.15428039227914471E-006)
 (-4.15729825065414178E-003,-4.14639222164471001E-003) (  0.0000000000000000     ,  0.0000000000000000     ) ( 1.55055707945597407E-003,-1.05351660681256266E-003)
 ( 1.68882987750876030E-003,-5.49174906110575607E-004) (  0.0000000000000000     ,  0.0000000000000000     ) ( 2.30373832036914489E-004, 3.02928422229397818E-004)
 ( 8.21789438887404408E-005,-3.42301034131051543E-004) (  0.0000000000000000     ,  0.0000000000000000     ) (-2.46413868946037026E-005, 2.18907905533685792E-005)
 (-3.84225860106961626E-003, 1.57705489479476242E-003) (  0.0000000000000000     ,  0.0000000000000000     ) ( 3.47302071175228000E-004,-1.77342026295858606E-003)
 ( 1.12318264269410705E-003,-1.53434431181119794E-003) (  0.0000000000000000     ,  0.0000000000000000     ) ( 3.52797177671952363E-004, 5.23724982446662681E-005)
 (-3.99626794741264483E-004, 6.69927270638228257E-004) (  0.0000000000000000     ,  0.0000000000000000     ) (-2.98064919298567237E-006, 2.83310836858896901E-005)
 ( 2.11114227941380968E-003,-1.69863421079599489E-004) (  0.0000000000000000     ,  0.0000000000000000     ) (-4.30272456662974040E-005, 4.06540395987822496E-004)
 ( 5.42013302049382186E-004,-7.34176356480801704E-004) (  0.0000000000000000     ,  0.0000000000000000     ) ( 7.89355391525911051E-005, 2.32024201688486290E-006)
 ( 3.89782980033039289E-004, 3.44605003990847039E-004) (  0.0000000000000000     ,  0.0000000000000000     ) (-1.33153071457660466E-006,-6.70773969990974247E-006)
 ( 1.77016476235063538E-003, 1.67027299842247988E-003) (  0.0000000000000000     ,  0.0000000000000000     ) (-3.28794653465601979E-004, 2.81524827009049957E-004)
 ( 2.72463230127798839E-004,-8.10651758164416896E-004) (  0.0000000000000000     ,  0.0000000000000000     ) ( 6.16182785956569931E-005, 6.10925094211656823E-005)
 ( 1.93400751114401347E-004, 3.85493831791855598E-004) (  0.0000000000000000     ,  0.0000000000000000     ) ( 3.77764144336551519E-006,-6.02877682232127597E-006)
 ( 1.15431082850562606E-004, 3.37726003256768681E-003) (  0.0000000000000000     ,  0.0000000000000000     ) (-4.65985779119683894E-004,-3.21297719512587244E-005)
 ( 3.34124706102068947E-004,-5.72946655036376986E-004) (  0.0000000000000000     ,  0.0000000000000000     ) ( 6.80053769673954012E-006, 9.41924770157394174E-005)
 (-6.21823617728028772E-006, 1.60043745383624031E-004) (  0.0000000000000000     ,  0.0000000000000000     ) ( 7.19749222351447635E-006,-1.47942439372034207E-006)
 (-3.07948899412032904E-003, 4.46358282428684517E-003) (  0.0000000000000000     ,  0.0000000000000000     ) (-3.52687240375816602E-004,-3.89739530703526809E-004)
 ( 7.67417479551095938E-004, 1.10124146409853172E-004) (  0.0000000000000000     ,  0.0000000000000000     ) (-6.14403406375456579E-005, 8.15321299497809483E-005)
 (-4.00252896064391174E-004,-5.71687227411780749E-005) (  0.0000000000000000     ,  0.0000000000000000     ) ( 7.67729280404160192E-006, 3.98874344540030139E-006)
 (-9.18096095286432407E-003, 4.12226060931846026E-003) (  0.0000000000000000     ,  0.0000000000000000     ) ( 3.46380847799483069E-007,-6.11356570967973496E-004)
 ( 2.35593355205941483E-003, 1.46587427905942860E-003) (  0.0000000000000000     ,  0.0000000000000000     ) (-1.13744523950894716E-004, 2.62005114484192738E-005)
 (-7.85439985517386420E-004,-2.54853969307901231E-004) (  0.0000000000000000     ,  0.0000000000000000     ) ( 3.89020773544552603E-006, 7.92688442099379082E-006)
 (-2.58271537192174133E-002,-6.57703940518714845E-005) (  0.0000000000000000     ,  0.0000000000000000     ) ( 4.92350539872841650E-004,-5.64627733016757156E-004)
 ( 8.27273533160122372E-003, 6.51124365230624450E-003) (  0.0000000000000000     ,  0.0000000000000000     ) (-1.37245834697013525E-004,-5.18849790224602760E-005)
 (-2.60586588578738199E-003,-1.95547053654275939E-003) (  0.0000000000000000     ,  0.0000000000000000     ) ( 1.34575553992086210E-006, 9.40698651801185031E-006)
 (-0.11702577544394402     ,-5.76647546670484429E-002) (  0.0000000000000000     ,  0.0000000000000000     ) ( 1.16122084828202202E-003,-2.10442859397382714E-004)
 ( 4.57245596703263063E-002, 7.06470561823616117E-002) (  0.0000000000000000     ,  0.0000000000000000     ) (-2.48456912372543057E-004,-1.22677950580697264E-004)
 (-1.99407250478897506E-002,-3.37723362038704344E-002) (  0.0000000000000000     ,  0.0000000000000000     ) ( 5.69939469651504677E-005, 3.97444489058328680E-006)
 ( 1.76315471757162936E-006,-1.58239573518285164E-005) (  0.0000000000000000     ,  0.0000000000000000     ) (  0.0000000000000000     ,  0.0000000000000000     )
 (-0.79335646921845360     , 0.54169551616629341     ) (  28.876873835844489     , -28.876873835844489     ) ( 2.30400040001401589E-003, 7.75770482325758036E-005)
 (-8.13294297185743918E-007, 5.42834473730560912E-008) (  0.0000000000000000     ,  0.0000000000000000     ) (  0.0000000000000000     ,  0.0000000000000000     )
 ( 0.11702925592930705     , 5.76382528937887245E-002) (  0.0000000000000000     ,  0.0000000000000000     ) (-1.16122084828202744E-003, 2.10442859398196462E-004)
 ( 4.57256352049145789E-002, 7.06386324172255109E-002) (  0.0000000000000000     ,  0.0000000000000000     ) (-2.48456912372583118E-004,-1.22677950580696884E-004)
 ( 1.99414526357037450E-002, 3.37704731328586083E-002) (  0.0000000000000000     ,  0.0000000000000000     ) (-5.69939469651507659E-005,-3.97444489058320549E-006)
 ( 2.58411855672447018E-002, 6.76499702968068252E-005) (  0.0000000000000000     ,  0.0000000000000000     ) (-4.92350539873053503E-004, 5.64627733011557431E-004)
 ( 8.27612602007125539E-003, 6.50109861677918618E-003) (  0.0000000000000000     ,  0.0000000000000000     ) (-1.37245834697013281E-004,-5.18849790224602963E-005)
 ( 2.60713892428199963E-003, 1.95742488905407833E-003) (  0.0000000000000000     ,  0.0000000000000000     ) (-1.34575553992083076E-006,-9.40698651801182829E-006)
 ( 9.19729440228996865E-003,-4.08818509583844941E-003) (  0.0000000000000000     ,  0.0000000000000000     ) (-3.46380847799250612E-007, 6.11356570960592247E-004)
 ( 2.36368537361123171E-003, 1.45377271528370259E-003) (  0.0000000000000000     ,  0.0000000000000000     ) (-1.13744523950923068E-004, 2.62005114484193009E-005)
 ( 7.83885943505440775E-004, 2.57335425692521301E-004) (  0.0000000000000000     ,  0.0000000000000000     ) (-3.89020773544555906E-006,-7.92688442099379929E-006)
 ( 3.07476922824856044E-003,-4.40353015168923247E-003) (  0.0000000000000000     ,  0.0000000000000000     ) ( 3.52687240375814651E-004, 3.89739530703527026E-004)
 ( 7.77665545822925244E-004, 1.08161142237923869E-004) (  0.0000000000000000     ,  0.0000000000000000     ) (-6.14403406375478399E-005, 8.15321299497807450E-005)
 ( 3.97501585525860193E-004, 5.62273223393946328E-005) (  0.0000000000000000     ,  0.0000000000000000     ) (-7.67729280404165952E-006,-3.98874344540031833E-006)
 (-1.70909655170489787E-004,-3.32801790503323104E-003) (  0.0000000000000000     ,  0.0000000000000000     ) ( 4.65985779119684382E-004, 3.21297719533355678E-005)
 ( 3.49171804539648019E-004,-5.56541496547585082E-004) (  0.0000000000000000     ,  0.0000000000000000     ) ( 6.80053769673954012E-006, 9.41924770157394174E-005)
 ( 3.05182636604118134E-006,-1.62724291918607094E-004) (  0.0000000000000000     ,  0.0000000000000000     ) (-7.19749222351474655E-006, 1.47942439372028362E-006)
 (-1.89330455444115071E-003,-1.71568240575197635E-003) (  0.0000000000000000     ,  0.0000000000000000     ) ( 3.28794653465600407E-004,-2.81524827009198980E-004)
 ( 2.76664777029881172E-004,-7.49573209405005937E-004) (  0.0000000000000000     ,  0.0000000000000000     ) ( 6.16182785956568982E-005, 6.10925094211657230E-005)
 (-1.90391458503433992E-004,-3.99448206849870567E-004) (  0.0000000000000000     ,  0.0000000000000000     ) (-3.77764144336537500E-006, 6.02877682232127597E-006)
 (-2.14354780767976854E-003,-1.93557348723427783E-004) (  0.0000000000000000     ,  0.0000000000000000     ) ( 4.30272456662972888E-005,-4.06540395970024233E-004)
 ( 3.57571759867052902E-004,-6.19623260981530684E-004) (  0.0000000000000000     ,  0.0000000000000000     ) ( 7.89355391525911051E-005, 2.32024201688486290E-006)
 (-3.12208681177757880E-004,-3.56464777695542805E-004) (  0.0000000000000000     ,  0.0000000000000000     ) ( 1.33153071457649815E-006, 6.70773969990972299E-006)
 (-1.51960797843747565E-003, 2.37465217158298387E-004) (  0.0000000000000000     ,  0.0000000000000000     ) (-2.30373832036915303E-004,-3.02928422229393698E-004)
 ( 3.04014595243778712E-004,-2.30747599875812711E-004) (  0.0000000000000000     ,  0.0000000000000000     ) ( 5.56488087127656248E-005,-5.04692119151233827E-005)
 (-1.20176498467965603E-004,-2.96299531524423518E-004) (  0.0000000000000000     ,  0.0000000000000000     ) ( 5.21504567501245036E-006, 4.27576687789229650E-006)
 ( 4.47810709167306242E-004, 1.05440486243150305E-003) (  0.0000000000000000     ,  0.0000000000000000     ) (-3.52797177671952092E-004,-5.23724982446664713E-005)
 ( 3.50860148498965008E-004, 7.44552460913462232E-004) (  0.0000000000000000     ,  0.0000000000000000     ) ( 8.30922983968473755E-007,-7.22428855784292635E-005)
 ( 1.11326243225924506E-004, 2.36964335830499087E-004) (  0.0000000000000000     ,  0.0000000000000000     ) ( 5.69164493208019348E-006, 1.95584312886565755E-007)
 ( 4.58516493146232521E-004, 2.83862897646102849E-005) (  0.0000000000000000     ,  0.0000000000000000     ) (-3.52633843158845677E-005,-1.15428039227914471E-006)
 (-2.64217497049582938E-004,-3.47471413488888875E-004) (  0.0000000000000000     ,  0.0000000000000000     ) ( 1.33153071457649815E-006, 6.70773969990972299E-006)
 ( 4.48070116267321628E-004, 4.79573484520858721E-004) (  0.0000000000000000     ,  0.0000000000000000     ) (-9.79496219729731006E-007, 3.18653369015333999E-007)
 ( 1.06227628938117052E-004, 1.86239138215510438E-005) (  0.0000000000000000     ,  0.0000000000000000     ) (-2.65041523885900405E-005,-2.63451353357579127E-005)
 (-1.87331340432258771E-004,-3.97618958487036837E-004) (  0.0000000000000000     ,  0.0000000000000000     ) (-3.77764144336517129E-006, 6.02877682232125395E-006)
 ( 6.68051417697064563E-005,-2.81210166245321057E-004) (  0.0000000000000000     ,  0.0000000000000000     ) ( 8.45706937500328677E-007, 8.94044328377264247E-007)
 (-5.96709877234211970E-005, 5.58178783897027363E-004) (  0.0000000000000000     ,  0.0000000000000000     ) (-2.00264645921011221E-006,-4.14961804160885803E-005)
 ( 3.60230644193668988E-006,-1.59077363640473048E-004) (  0.0000000000000000     ,  0.0000000000000000     ) (-7.19749222351474655E-006, 1.47942439372028362E-006)
 (-1.85064968697577070E-004,-7.69031158914351394E-005) (  0.0000000000000000     ,  0.0000000000000000     ) ( 5.35177590167476517E-007, 4.63836121334098501E-007)
 (-3.53074861739628969E-004, 9.32454767835554023E-004) (  0.0000000000000000     ,  0.0000000000000000     ) ( 2.75907562441680211E-005,-3.62441673998389321E-005)
 ( 4.00821977666026522E-004, 5.88989446040010206E-005) (  0.0000000000000000     ,  0.0000000000000000     ) (-7.67729280404185603E-006,-3.98874344540032257E-006)
 (-3.40946288955030542E-004,-2.14100524833496460E-004) (  0.0000000000000000     ,  0.0000000000000000     ) ( 8.42363995292449580E-007, 3.14586817101537394E-007)
 (-1.96040549928584761E-003, 7.74812434463102587E-004) (  0.0000000000000000     ,  0.0000000000000000     ) ( 5.07995485570168266E-005,-1.10564077968198877E-005)
 ( 7.86384085441322093E-004, 2.58168959066477140E-004) (  0.0000000000000000     ,  0.0000000000000000     ) (-3.89020773544565901E-006,-7.92688442099379929E-006)
 (-2.44774803134065124E-004,-3.35997334155734267E-004) (  0.0000000000000000     ,  0.0000000000000000     ) ( 2.46320573726040550E-007, 3.34915934117730120E-007)
 (-7.11735975233060078E-003,-5.23994219953191794E-005) (  0.0000000000000000     ,  0.0000000000000000     ) ( 6.05509821284474313E-005, 2.27912570401089977E-005)
 ( 2.60764768401028791E-003, 1.95658713091771382E-003) (  0.0000000000000000     ,  0.0000000000000000     ) (-1.34575553992081128E-006,-9.40698651801183168E-006)
 (-1.03255503096818082E-003,-6.60920425642258264E-004) (  0.0000000000000000     ,  0.0000000000000000     ) ( 2.85756863976424101E-007,-2.32266987253365108E-007)
 (-4.27089049629429951E-002,-2.50591079230180307E-002) (  0.0000000000000000     ,  0.0000000000000000     ) ( 1.22822833408543129E-004, 5.22658993314210354E-005)
 ( 1.99405585685369265E-002, 3.37715026418224235E-002) (  0.0000000000000000     ,  0.0000000000000000     ) (-5.69939469651505558E-005,-3.97444489058321226E-006)
 (-9.62082945097836664E-003,-1.84435760937056957E-002) (  0.0000000000000000     ,  0.0000000000000000     ) ( 2.96771044894375498E-005,-1.23293204652913754E-006)
 ( 9.83654101706795542E-002, 5.63351861026412104E-002) (  0.0000000000000000     ,  0.0000000000000000     ) (-5.59003364713579623E-004,-1.53551209617555261E-005)
 (-8.13294297197901911E-007, 5.42834473587858889E-008) (  0.0000000000000000     ,  0.0000000000000000     ) (  0.0000000000000000     ,  0.0000000000000000     )
 (-0.87030507448543037     , 0.45294896979080623     ) (  41.095471280805093     , -41.095471280805093     ) ( 1.27730814593763351E-003, 5.41577401345160836E-005)
 (-4.27048307830149299E-002,-2.50601927733902531E-002) (  0.0000000000000000     ,  0.0000000000000000     ) ( 1.22822833408546545E-004, 5.22658993314211709E-005)
 (-1.99410475023888839E-002,-3.37711963716406521E-002) (  0.0000000000000000     ,  0.0000000000000000     ) ( 5.69939469651506913E-005, 3.97444489058329527E-006)
 (-9.62084644544986684E-003,-1.84434129735504132E-002) (  0.0000000000000000     ,  0.0000000000000000     ) ( 2.96771044894379123E-005,-1.23293204652911382E-006)
 (-7.11024844197282423E-003,-5.22972077769093770E-005) (  0.0000000000000000     ,  0.0000000000000000     ) ( 6.05509821284473161E-005, 2.27912570401090282E-005)
 (-2.60713892430050912E-003,-1.95742488904025085E-003) (  0.0000000000000000     ,  0.0000000000000000     ) ( 1.34575553992089217E-006, 9.40698651801184354E-006)
 (-1.03257861181045726E-003,-6.60402449649733175E-004) (  0.0000000000000000     ,  0.0000000000000000     ) ( 2.85756863976466293E-007,-2.32266987253376543E-007)
 (-1.95443532515519967E-003, 7.76411616100360145E-004) (  0.0000000000000000     ,  0.0000000000000000     ) ( 5.07995485570125101E-005,-1.10564077968198674E-005)
 (-7.85813063436925641E-004,-2.59533759132320315E-004) (  0.0000000000000000     ,  0.0000000000000000     ) ( 3.89020773544544472E-006, 7.92688442099378404E-006)
 (-2.43860888559845914E-004,-3.35904761192070626E-004) (  0.0000000000000000     ,  0.0000000000000000     ) ( 2.46320573726039332E-007, 3.34915934117719373E-007)
 (-3.52492935989133678E-004, 9.38822940861508458E-004) (  0.0000000000000000     ,  0.0000000000000000     ) ( 2.75907562441833016E-005,-3.62441673998390202E-005)
 (-3.99729980226862279E-004,-5.87423043402484247E-005) (  0.0000000000000000     ,  0.0000000000000000     ) ( 7.67729280404142574E-006, 3.98874344540029377E-006)
 (-3.41496452877044403E-004,-2.14362384674613267E-004) (  0.0000000000000000     ,  0.0000000000000000     ) ( 8.42363995292624810E-007, 3.14586817101552217E-007)
 (-6.71573657653129561E-005, 5.70011555803799728E-004) (  0.0000000000000000     ,  0.0000000000000000     ) (-2.00264645921004106E-006,-4.14961804160885600E-005)
 (-1.02012437426380491E-006, 1.60566180091399320E-004) (  0.0000000000000000     ,  0.0000000000000000     ) ( 7.19749222351447635E-006,-1.47942439372034207E-006)
 (-1.85849916401482695E-004,-7.65601509094683650E-005) (  0.0000000000000000     ,  0.0000000000000000     ) ( 5.35177590167476517E-007, 4.63836121334098501E-007)
 ( 8.52673971685583313E-005, 3.37701112578432536E-005) (  0.0000000000000000     ,  0.0000000000000000     ) (-2.65041523885898610E-005,-2.63451353357582583E-005)
 ( 1.95513053666662175E-004, 3.97296315118982556E-004) (  0.0000000000000000     ,  0.0000000000000000     ) ( 3.77764144336572186E-006,-6.02877682232129291E-006)
 ( 6.46198922586172642E-005,-2.80915577481916307E-004) (  0.0000000000000000     ,  0.0000000000000000     ) ( 8.45706937500109719E-007, 8.94044328377263188E-007)
 ( 3.61949242616595136E-004, 5.43409265359857434E-005) (  0.0000000000000000     ,  0.0000000000000000     ) (-3.52633843158845202E-005,-1.15428039227915128E-006)
 ( 3.23128620657308588E-004, 3.58914102465910485E-004) (  0.0000000000000000     ,  0.0000000000000000     ) (-1.33153071457660466E-006,-6.70773969990974247E-006)
 ( 4.19485684034690042E-004, 4.72058026958689593E-004) (  0.0000000000000000     ,  0.0000000000000000     ) (-9.79496219729731006E-007, 3.18653369015333999E-007)
 ( 4.57752061571679915E-005,-4.04966167415938465E-004) (  0.0000000000000000     ,  0.0000000000000000     ) (-2.46413868946036992E-005, 2.18907905533532513E-005)
 ( 1.53345502921255466E-004, 3.22998560309925695E-004) (  0.0000000000000000     ,  0.0000000000000000     ) (-5.21504567501298060E-006,-4.27576687789233038E-006)
 ( 1.39706313743390392E-004, 5.90141061678021102E-005) (  0.0000000000000000     ,  0.0000000000000000     ) (-6.16302573050178837E-008,-4.40707394680262540E-007)
 (-1.74421891624994963E-004, 3.81842388283441499E-004) (  0.0000000000000000     ,  0.0000000000000000     ) (-2.98064919298562028E-006, 2.83310836858897070E-005)
 (-1.84006248055913524E-005, 5.26463876848316358E-005) (  0.0000000000000000     ,  0.0000000000000000     ) (-5.69164493208083807E-006,-1.95584312886583066E-007)
 (-5.88761511423177607E-005, 1.06459578806145528E-004) (  0.0000000000000000     ,  0.0000000000000000     ) (-1.00523715397916034E-007,-2.79857255827165221E-007)
 (-5.09146462505574281E-003,-2.81737656103282037E-003) (  0.0000000000000000     ,  0.0000000000000000     ) ( 1.55055707945597407E-003,-1.05351660681256266E-003)
 (-2.59860572196224382E-003, 6.28130671709994991E-004) (  0.0000000000000000     ,  0.0000000000000000     ) (-2.30373832036915303E-004,-3.02928422229393698E-004)
 (-2.46988200667309986E-004,-3.82446839134798150E-004) (  0.0000000000000000     ,  0.0000000000000000     ) (-2.46413868946036992E-005, 2.18907905533532513E-005)
 ( 6.67625802378548293E-004,-6.50273238008871289E-003) (  0.0000000000000000     ,  0.0000000000000000     ) ( 1.94409520943394074E-003, 3.88810353078501291E-004)
 (-2.26218031725864679E-003, 7.00495176710276058E-005) (  0.0000000000000000     ,  0.0000000000000000     ) ( 4.30272456662972888E-005,-4.06540395970024233E-004)
 ( 3.44607950693583836E-004, 9.09692821335289986E-005) (  0.0000000000000000     ,  0.0000000000000000     ) (-3.52633843158845202E-005,-1.15428039227915128E-006)
 ( 6.84367001775302783E-003,-6.19548556410207552E-003) (  0.0000000000000000     ,  0.0000000000000000     ) ( 1.20111733871814839E-003, 1.79270765718497977E-003)
 (-1.86663705726824547E-003,-1.61272713185894520E-003) (  0.0000000000000000     ,  0.0000000000000000     ) ( 3.28794653465600407E-004,-2.81524827009198980E-004)
 ( 8.66435249016799593E-005, 3.59055711632462658E-005) (  0.0000000000000000     ,  0.0000000000000000     ) (-2.65041523885898610E-005,-2.63451353357582583E-005)
 ( 1.27915648984847970E-002, 2.33711277096211806E-004) (  0.0000000000000000     ,  0.0000000000000000     ) (-4.09638534350483820E-004, 2.31203980784868129E-003)
 (-1.11710554945852007E-004,-3.29681621549847035E-003) (  0.0000000000000000     ,  0.0000000000000000     ) ( 4.65985779119684382E-004, 3.21297719533355678E-005)
 (-6.57716455325025380E-005, 5.65789275671882267E-004) (  0.0000000000000000     ,  0.0000000000000000     ) (-2.00264645921004106E-006,-4.14961804160885600E-005)
 ( 1.40371812239023543E-002, 1.25584719396098429E-002) (  0.0000000000000000     ,  0.0000000000000000     ) (-2.08104986341324559E-003, 1.47536615359540840E-003)
 ( 3.11765154074608369E-003,-4.41750537196771743E-003) (  0.0000000000000000     ,  0.0000000000000000     ) ( 3.52687240375814651E-004, 3.89739530703527026E-004)
 (-3.54210240692260053E-004, 9.33848858494975556E-004) (  0.0000000000000000     ,  0.0000000000000000     ) ( 2.75907562441833016E-005,-3.62441673998390202E-005)
 ( 1.38006667480697971E-003, 3.17604428089696758E-002) (  0.0000000000000000     ,  0.0000000000000000     ) (-2.81400420671174857E-003,-5.42916653908610911E-004)
 ( 9.21334967735840636E-003,-4.12250163359577978E-003) (  0.0000000000000000     ,  0.0000000000000000     ) (-3.46380847799250612E-007, 6.11356570960592247E-004)
 (-1.95110579132370607E-003, 7.78783518512403709E-004) (  0.0000000000000000     ,  0.0000000000000000     ) ( 5.07995485570125101E-005,-1.10564077968198674E-005)
 (-4.08194248670279078E-002, 5.61884962865721385E-002) (  0.0000000000000000     ,  0.0000000000000000     ) (-1.87868301351153165E-003,-2.92248560209453900E-003)
 ( 2.58423956795261582E-002, 4.06898683037617263E-005) (  0.0000000000000000     ,  0.0000000000000000     ) (-4.92350539873044070E-004, 5.64627733015708624E-004)
 (-7.10737809966952103E-003,-4.98709937650519469E-005) (  0.0000000000000000     ,  0.0000000000000000     ) ( 6.05509821284473703E-005, 2.27912570401090146E-005)
 (-0.23109582210659665     , 6.40434341130447921E-002) (  0.0000000000000000     ,  0.0000000000000000     ) ( 1.24393459784795271E-003,-4.51218720000040683E-003)
 ( 0.11702925592930691     , 5.76382528937890576E-002) (  0.0000000000000000     ,  0.0000000000000000     ) (-1.16122084828202744E-003, 2.10442859398196462E-004)
 (-4.27048307830148050E-002,-2.50601927733902392E-002) (  0.0000000000000000     ,  0.0000000000000000     ) ( 1.22822833408546545E-004, 5.22658993314211709E-005)
 (-0.46154482186571771     , 9.90418061525723172E-004) (  21.493243746966318     ,  0.0000000000000000     ) ( 6.33806623393979880E-003,-4.69924738949337780E-003)
 (-2.10989322326914260E-013, 3.29709243373642498E-014) (  0.0000000000000000     ,  0.0000000000000000     ) (  0.0000000000000000     ,  0.0000000000000000     )
 ( 9.83664534178417121E-002, 5.63395966291108385E-002) (  0.0000000000000000     ,  0.0000000000000000     ) (-5.59003364713579623E-004,-1.53551209617553940E-005)
 (-0.23109582210652860     , 6.40434341133549606E-002) (  0.0000000000000000     ,  0.0000000000000000     ) ( 1.24393459784795271E-003,-4.51218720000040683E-003)
 (-0.11702925592931304     ,-5.76382528949171830E-002) (  0.0000000000000000     ,  0.0000000000000000     ) ( 1.16122084828202679E-003,-2.10442859394478353E-004)
 (-4.27048307830381682E-002,-2.50601927732741758E-002) (  0.0000000000000000     ,  0.0000000000000000     ) ( 1.22822833408544159E-004, 5.22658993314211438E-005)
 (-4.08194248672740234E-002, 5.61884962862501530E-002) (  0.0000000000000000     ,  0.0000000000000000     ) (-1.87868301351153165E-003,-2.92248560209451861E-003)
 (-2.58423956792698077E-002,-4.06898697257040970E-005) (  0.0000000000000000     ,  0.0000000000000000     ) ( 4.92350539872850432E-004,-5.64627733015164138E-004)
 (-7.10737809966371578E-003,-4.98709939033340803E-005) (  0.0000000000000000     ,  0.0000000000000000     ) ( 6.05509821284473161E-005, 2.27912570401090282E-005)
 ( 1.38006667452192583E-003, 3.17604428084356238E-002) (  0.0000000000000000     ,  0.0000000000000000     ) (-2.81400420671174857E-003,-5.42916653908610911E-004)
 (-9.21334967816447858E-003, 4.12250163502211886E-003) (  0.0000000000000000     ,  0.0000000000000000     ) ( 3.46380847799396143E-007,-6.11356570975221279E-004)
 (-1.95110579129953573E-003, 7.78783518373269454E-004) (  0.0000000000000000     ,  0.0000000000000000     ) ( 5.07995485570194896E-005,-1.10564077968198386E-005)
 ( 1.40371812241089060E-002, 1.25584719405018013E-002) (  0.0000000000000000     ,  0.0000000000000000     ) (-2.08104986341324559E-003, 1.47536615359540840E-003)
 (-3.11765154068938816E-003, 4.41750537160456262E-003) (  0.0000000000000000     ,  0.0000000000000000     ) (-3.52687240375815572E-004,-3.89739530703527026E-004)
 (-3.54210240764566201E-004, 9.33848858733620489E-004) (  0.0000000000000000     ,  0.0000000000000000     ) ( 2.75907562441830475E-005,-3.62441673998390270E-005)
 ( 1.27915648982538255E-002, 2.33711276753157798E-004) (  0.0000000000000000     ,  0.0000000000000000     ) (-4.09638534350483820E-004, 2.31203980784868259E-003)
 ( 1.11710555213889566E-004, 3.29681621499262672E-003) (  0.0000000000000000     ,  0.0000000000000000     ) (-4.65985779119557368E-004,-3.21297719503959298E-005)
 (-6.57716455255568272E-005, 5.65789275548913033E-004) (  0.0000000000000000     ,  0.0000000000000000     ) (-2.00264645921007282E-006,-4.14961804160884380E-005)
 ( 6.84367001786155647E-003,-6.19548556380206030E-003) (  0.0000000000000000     ,  0.0000000000000000     ) ( 1.20111733871814926E-003, 1.79270765718603795E-003)
 ( 1.86663705724570490E-003, 1.61272713219384940E-003) (  0.0000000000000000     ,  0.0000000000000000     ) (-3.28794653465601979E-004, 2.81524827009049957E-004)
 ( 8.66435248804562545E-005, 3.59055712778764678E-005) (  0.0000000000000000     ,  0.0000000000000000     ) (-2.65041523885900405E-005,-2.63451353357579127E-005)
 ( 6.67625802397878534E-004,-6.50273238005374260E-003) (  0.0000000000000000     ,  0.0000000000000000     ) ( 1.94409520943394074E-003, 3.88810353078501291E-004)
 ( 2.26218031825668655E-003,-7.00495198526268810E-005) (  0.0000000000000000     ,  0.0000000000000000     ) (-4.30272456662974040E-005, 4.06540395987822496E-004)
 ( 3.44607950687805256E-004, 9.09692821379675732E-005) (  0.0000000000000000     ,  0.0000000000000000     ) (-3.52633843158845677E-005,-1.15428039227914471E-006)
 (-5.09146462513266826E-003,-2.81737656145590728E-003) (  0.0000000000000000     ,  0.0000000000000000     ) ( 1.55055707945597407E-003,-1.05351660681256266E-003)
 ( 2.59860572190835550E-003,-6.28130671249571733E-004) (  0.0000000000000000     ,  0.0000000000000000     ) ( 2.30373832036914489E-004, 3.02928422229397818E-004)
 (-2.46988200623895170E-004,-3.82446839276890434E-004) (  0.0000000000000000     ,  0.0000000000000000     ) (-2.46413868946037026E-005, 2.18907905533685792E-005)
 ( 9.00613264428539047E-004,-6.69770541022521684E-004) (  0.0000000000000000     ,  0.0000000000000000     ) ( 2.30373832036914489E-004, 3.02928422229397818E-004)
 ( 1.91436018061427857E-004,-6.38121224762720112E-004) (  0.0000000000000000     ,  0.0000000000000000     ) ( 5.56488087127656248E-005,-5.04692119151233827E-005)
 ( 8.27511814625876533E-005, 1.33357142331507356E-004) (  0.0000000000000000     ,  0.0000000000000000     ) (-5.21504567501298060E-006,-4.27576687789233038E-006)
 ( 1.94291327169672382E-003, 2.00231779321416578E-004) (  0.0000000000000000     ,  0.0000000000000000     ) (-4.30272456662974040E-005, 4.06540395987822496E-004)
 ( 3.08219692327104213E-004,-6.80604989152649347E-004) (  0.0000000000000000     ,  0.0000000000000000     ) ( 7.89355391525911051E-005, 2.32024201688486290E-006)
 ( 2.98945193749880619E-004, 3.39199194466637444E-004) (  0.0000000000000000     ,  0.0000000000000000     ) (-1.33153071457660466E-006,-6.70773969990974247E-006)
 ( 1.82846620030454135E-003, 1.78142494375778350E-003) (  0.0000000000000000     ,  0.0000000000000000     ) (-3.28794653465600245E-004, 2.81524827008268572E-004)
 ( 2.47875570834103125E-004,-7.62443742755939779E-004) (  0.0000000000000000     ,  0.0000000000000000     ) ( 6.16182785956568982E-005, 6.10925094211657230E-005)
 ( 1.84553181125510538E-004, 3.96625940658929877E-004) (  0.0000000000000000     ,  0.0000000000000000     ) ( 3.77764144336572186E-006,-6.02877682232129291E-006)
 ( 1.65504022148420325E-004, 3.38625235832989849E-003) (  0.0000000000000000     ,  0.0000000000000000     ) (-4.65985779119683894E-004,-3.21297719512587244E-005)
 ( 3.36108886984155613E-004,-5.55976878748570889E-004) (  0.0000000000000000     ,  0.0000000000000000     ) ( 6.80053769673954012E-006, 9.41924770157394174E-005)
 (-5.97987618212496141E-006, 1.63653081482826196E-004) (  0.0000000000000000     ,  0.0000000000000000     ) ( 7.19749222351447635E-006,-1.47942439372034207E-006)
 (-3.05822049577453335E-003, 4.43533355371296140E-003) (  0.0000000000000000     ,  0.0000000000000000     ) (-3.52687240375815572E-004,-3.89739530703527026E-004)
 ( 7.74782544519739204E-004, 1.16466818832855490E-004) (  0.0000000000000000     ,  0.0000000000000000     ) (-6.14403406375478399E-005, 8.15321299497807450E-005)
 (-3.99254870719405956E-004,-5.54292243007568425E-005) (  0.0000000000000000     ,  0.0000000000000000     ) ( 7.67729280404142574E-006, 3.98874344540029377E-006)
 (-9.17751885053942271E-003, 4.09031262480827069E-003) (  0.0000000000000000     ,  0.0000000000000000     ) ( 3.46380847799396143E-007,-6.11356570975221279E-004)
 ( 2.36315788304189249E-003, 1.46370828428587368E-003) (  0.0000000000000000     ,  0.0000000000000000     ) (-1.13744523950923068E-004, 2.62005114484193009E-005)
 (-7.83029717962260472E-004,-2.56495995266087348E-004) (  0.0000000000000000     ,  0.0000000000000000     ) ( 3.89020773544544472E-006, 7.92688442099378404E-006)
 (-2.58291098099730082E-002,-8.34438358451815277E-005) (  0.0000000000000000     ,  0.0000000000000000     ) ( 4.92350539872841650E-004,-5.64627733016757156E-004)
 ( 8.27588707330298261E-003, 6.50639277751763508E-003) (  0.0000000000000000     ,  0.0000000000000000     ) (-1.37245834697013525E-004,-5.18849790224602760E-005)
 (-2.60552420614275273E-003,-1.95603217923782198E-003) (  0.0000000000000000     ,  0.0000000000000000     ) ( 1.34575553992086210E-006, 9.40698651801185031E-006)
 (-0.11702719238746268     ,-5.76621725426397919E-002) (  0.0000000000000000     ,  0.0000000000000000     ) ( 1.16122084828202679E-003,-2.10442859394478353E-004)
 ( 4.57256352049146206E-002, 7.06386324172254554E-002) (  0.0000000000000000     ,  0.0000000000000000     ) (-2.48456912372583118E-004,-1.22677950580696884E-004)
 (-1.99410475023889359E-002,-3.37711963716406313E-002) (  0.0000000000000000     ,  0.0000000000000000     ) ( 5.69939469651506913E-005, 3.97444489058329527E-006)
 (-2.11101160322104981E-013, 3.30269216855072316E-014) (  0.0000000000000000     ,  0.0000000000000000     ) (  0.0000000000000000     ,  0.0000000000000000     )
 (-0.79335634324406457     , 0.54169046514664243     ) (  28.876873835844489     , -28.876873835844489     ) ( 2.30400040001401589E-003, 7.75770482325758036E-005)
 (-2.56690511398723401E-014, 3.08545993102293592E-015) (  0.0000000000000000     ,  0.0000000000000000     ) (  0.0000000000000000     ,  0.0000000000000000     )
 ( 0.11702719238740192     , 5.76621725419736442E-002) (  0.0000000000000000     ,  0.0000000000000000     ) (-1.16122084828202744E-003, 2.10442859398196462E-004)
 ( 4.57256352049089237E-002, 7.06386324172500468E-002) (  0.0000000000000000     ,  0.0000000000000000     ) (-2.48456912372583118E-004,-1.22677950580696884E-004)
 ( 1.99410475024816881E-002, 3.37711963715560670E-002) (  0.0000000000000000     ,  0.0000000000000000     ) (-5.69939469651507659E-005,-3.97444489058320549E-006)
 ( 2.58291098099361245E-002, 8.34438356401814618E-005) (  0.0000000000000000     ,  0.0000000000000000     ) (-4.92350539873035939E-004, 5.64627733014926156E-004)
 ( 8.27588707297271381E-003, 6.50639277776221200E-003) (  0.0000000000000000     ,  0.0000000000000000     ) (-1.37245834697013390E-004,-5.18849790224603302E-005)
 ( 2.60552420619431999E-003, 1.95603217921705300E-003) (  0.0000000000000000     ,  0.0000000000000000     ) (-1.34575553992096777E-006,-9.40698651801183676E-006)
 ( 9.17751884977706552E-003,-4.09031262301706115E-003) (  0.0000000000000000     ,  0.0000000000000000     ) (-3.46380847799250612E-007, 6.11356570960592247E-004)
 ( 2.36315788313099439E-003, 1.46370828420045200E-003) (  0.0000000000000000     ,  0.0000000000000000     ) (-1.13744523950923068E-004, 2.62005114484193009E-005)
 ( 7.83029717636287174E-004, 2.56495995493950216E-004) (  0.0000000000000000     ,  0.0000000000000000     ) (-3.89020773544555906E-006,-7.92688442099379929E-006)
 ( 3.05822049609234467E-003,-4.43533355493673682E-003) (  0.0000000000000000     ,  0.0000000000000000     ) ( 3.52687240375814651E-004, 3.89739530703527026E-004)
 ( 7.74782544662754361E-004, 1.16466818714213929E-004) (  0.0000000000000000     ,  0.0000000000000000     ) (-6.14403406375478399E-005, 8.15321299497807450E-005)
 ( 3.99254870915077018E-004, 5.54292241416221674E-005) (  0.0000000000000000     ,  0.0000000000000000     ) (-7.67729280404165952E-006,-3.98874344540031833E-006)
 (-1.65504021927773229E-004,-3.38625235866971304E-003) (  0.0000000000000000     ,  0.0000000000000000     ) ( 4.65985779119557368E-004, 3.21297719539025242E-005)
 ( 3.36108886781903390E-004,-5.55976878577903698E-004) (  0.0000000000000000     ,  0.0000000000000000     ) ( 6.80053769674022029E-006, 9.41924770157393496E-005)
 ( 5.97987625535265461E-006,-1.63653081512748116E-004) (  0.0000000000000000     ,  0.0000000000000000     ) (-7.19749222351458815E-006, 1.47942439372016419E-006)
 (-1.82846620083000925E-003,-1.78142494207989607E-003) (  0.0000000000000000     ,  0.0000000000000000     ) ( 3.28794653465601979E-004,-2.81524827013820717E-004)
 ( 2.47875571023644813E-004,-7.62443742923235536E-004) (  0.0000000000000000     ,  0.0000000000000000     ) ( 6.16182785956569931E-005, 6.10925094211656823E-005)
 (-1.84553181433915234E-004,-3.96625940451249379E-004) (  0.0000000000000000     ,  0.0000000000000000     ) (-3.77764144336517129E-006, 6.02877682232125395E-006)
 (-1.94291327067395493E-003,-2.00231781559647527E-004) (  0.0000000000000000     ,  0.0000000000000000     ) ( 4.30272456662972888E-005,-4.06540395970024233E-004)
 ( 3.08219692313689380E-004,-6.80604989151210719E-004) (  0.0000000000000000     ,  0.0000000000000000     ) ( 7.89355391525911051E-005, 2.32024201688486290E-006)
 (-2.98945193327065245E-004,-3.39199194748895060E-004) (  0.0000000000000000     ,  0.0000000000000000     ) ( 1.33153071457649815E-006, 6.70773969990972299E-006)
 (-9.00613264479555205E-004, 6.69770542043777030E-004) (  0.0000000000000000     ,  0.0000000000000000     ) (-2.30373832036915303E-004,-3.02928422229393698E-004)
 ( 1.91436017905563657E-004,-6.38121224737993147E-004) (  0.0000000000000000     ,  0.0000000000000000     ) ( 5.56488087127656248E-005,-5.04692119151233827E-005)
 (-8.27511816235015516E-005,-1.33357142183873471E-004) (  0.0000000000000000     ,  0.0000000000000000     ) ( 5.21504567501245036E-006, 4.27576687789229650E-006)
 ( 8.61792978910039812E-005,-1.87889710240558670E-004) (  0.0000000000000000     ,  0.0000000000000000     ) (-2.46413868946037026E-005, 2.18907905533685792E-005)
 (-2.20358049039900484E-004,-2.19679314848196853E-004) (  0.0000000000000000     ,  0.0000000000000000     ) ( 5.21504567501245036E-006, 4.27576687789229650E-006)
 ( 1.11308510370964090E-004, 9.57997569158299222E-005) (  0.0000000000000000     ,  0.0000000000000000     ) (-6.16302573050178837E-008,-4.40707394680262540E-007)
 ( 4.11856201068430618E-004, 9.34095072369258827E-005) (  0.0000000000000000     ,  0.0000000000000000     ) (-3.52633843158845677E-005,-1.15428039227914471E-006)
 (-3.25015372981906487E-004,-3.34554079618596474E-004) (  0.0000000000000000     ,  0.0000000000000000     ) ( 1.33153071457649815E-006, 6.70773969990972299E-006)
 ( 4.18799112959408347E-004, 4.78927469287033743E-004) (  0.0000000000000000     ,  0.0000000000000000     ) (-9.79496219729731006E-007, 3.18653369015333999E-007)
 ( 1.11399676291287737E-004, 3.13885968951686594E-005) (  0.0000000000000000     ,  0.0000000000000000     ) (-2.65041523885897966E-005,-2.63451353357582787E-005)
 (-1.91181567348374618E-004,-3.89398286236407787E-004) (  0.0000000000000000     ,  0.0000000000000000     ) (-3.77764144336537500E-006, 6.02877682232127597E-006)
 ( 6.52249582367302232E-005,-2.79125471319289771E-004) (  0.0000000000000000     ,  0.0000000000000000     ) ( 8.45706937500109719E-007, 8.94044328377263188E-007)
 (-5.69509356393148539E-005, 5.56135240316969585E-004) (  0.0000000000000000     ,  0.0000000000000000     ) (-2.00264645921011221E-006,-4.14961804160885803E-005)
 ( 5.23290614731270325E-006,-1.57592996072974500E-004) (  0.0000000000000000     ,  0.0000000000000000     ) (-7.19749222351474655E-006, 1.47942439372028362E-006)
 (-1.84996960470524202E-004,-7.64017382775620933E-005) (  0.0000000000000000     ,  0.0000000000000000     ) ( 5.35177590167476517E-007, 4.63836121334098501E-007)
 (-3.52909801326166059E-004, 9.27458616686202791E-004) (  0.0000000000000000     ,  0.0000000000000000     ) ( 2.75907562441830475E-005,-3.62441673998390270E-005)
 ( 4.01961512881822891E-004, 5.91055330320318609E-005) (  0.0000000000000000     ,  0.0000000000000000     ) (-7.67729280404165952E-006,-3.98874344540031833E-006)
 (-3.41202150133977601E-004,-2.13992029227019276E-004) (  0.0000000000000000     ,  0.0000000000000000     ) ( 8.42363995292624810E-007, 3.14586817101552217E-007)
 (-1.95994318994828325E-003, 7.71111581860181995E-004) (  0.0000000000000000     ,  0.0000000000000000     ) ( 5.07995485570194896E-005,-1.10564077968198386E-005)
 ( 7.86948123761267498E-004, 2.57304382105846233E-004) (  0.0000000000000000     ,  0.0000000000000000     ) (-3.89020773544555906E-006,-7.92688442099379929E-006)
 (-2.43786485617703615E-004,-3.36083950418456054E-004) (  0.0000000000000000     ,  0.0000000000000000     ) ( 2.46320573726039332E-007, 3.34915934117719373E-007)
 (-7.11597635476829242E-003,-5.21813575491318296E-005) (  0.0000000000000000     ,  0.0000000000000000     ) ( 6.05509821284474313E-005, 2.27912570401089977E-005)
 ( 2.60787147373922005E-003, 1.95549556241265488E-003) (  0.0000000000000000     ,  0.0000000000000000     ) (-1.34575553992081128E-006,-9.40698651801183168E-006)
 (-1.03252259283764846E-003,-6.60960327510658825E-004) (  0.0000000000000000     ,  0.0000000000000000     ) ( 2.85756863976424101E-007,-2.32266987253365108E-007)
 (-4.27072122359143727E-002,-2.50558958295836361E-002) (  0.0000000000000000     ,  0.0000000000000000     ) ( 1.22822833408544159E-004, 5.22658993314211438E-005)
 ( 1.99414526357037589E-002, 3.37704731328586638E-002) (  0.0000000000000000     ,  0.0000000000000000     ) (-5.69939469651507659E-005,-3.97444489058320549E-006)
 (-9.62084644544985990E-003,-1.84434129735504271E-002) (  0.0000000000000000     ,  0.0000000000000000     ) ( 2.96771044894379123E-005,-1.23293204652911382E-006)
 ( 9.83664534178417815E-002, 5.63395966291107830E-002) (  0.0000000000000000     ,  0.0000000000000000     ) (-5.59003364713579623E-004,-1.53551209617555261E-005)
 (-2.56628896633953347E-014, 3.07105114620142162E-015) (  0.0000000000000000     ,  0.0000000000000000     ) (  0.0000000000000000     ,  0.0000000000000000     )
 (-0.87030462313694601     , 0.45294924803795650     ) (  41.095471280805093     , -41.095471280805093     ) ( 1.27730814593763351E-003, 5.41577401345160836E-005)
 (-4.27072122359405393E-002,-2.50558958295256269E-002) (  0.0000000000000000     ,  0.0000000000000000     ) ( 1.22822833408546545E-004, 5.22658993314211709E-005)
 (-1.99414526355522793E-002,-3.37704731329904820E-002) (  0.0000000000000000     ,  0.0000000000000000     ) ( 5.69939469651506913E-005, 3.97444489058329527E-006)
 (-9.62084644546778826E-003,-1.84434129735341901E-002) (  0.0000000000000000     ,  0.0000000000000000     ) ( 2.96771044894379123E-005,-1.23293204652911382E-006)
 (-7.11597635476359045E-003,-5.21813575974158246E-005) (  0.0000000000000000     ,  0.0000000000000000     ) ( 6.05509821284473229E-005, 2.27912570401090519E-005)
 (-2.60787147348909808E-003,-1.95549556258217553E-003) (  0.0000000000000000     ,  0.0000000000000000     ) ( 1.34575553992099001E-006, 9.40698651801185201E-006)
 (-1.03252259282364208E-003,-6.60960327525596746E-004) (  0.0000000000000000     ,  0.0000000000000000     ) ( 2.85756863976483022E-007,-2.32266987253381413E-007)
 (-1.95994318992241245E-003, 7.71111581695960060E-004) (  0.0000000000000000     ,  0.0000000000000000     ) ( 5.07995485570125101E-005,-1.10564077968198674E-005)
 (-7.86948124046883105E-004,-2.57304381928960600E-004) (  0.0000000000000000     ,  0.0000000000000000     ) ( 3.89020773544544472E-006, 7.92688442099378404E-006)
 (-2.43786485590342797E-004,-3.36083950443767784E-004) (  0.0000000000000000     ,  0.0000000000000000     ) ( 2.46320573726039332E-007, 3.34915934117719373E-007)
 (-3.52909801393221307E-004, 9.27458616864069085E-004) (  0.0000000000000000     ,  0.0000000000000000     ) ( 2.75907562441833016E-005,-3.62441673998390202E-005)
 (-4.01961512831192167E-004,-5.91055330704711308E-005) (  0.0000000000000000     ,  0.0000000000000000     ) ( 7.67729280404142574E-006, 3.98874344540029377E-006)
 (-3.41202150173890498E-004,-2.13992029193363174E-004) (  0.0000000000000000     ,  0.0000000000000000     ) ( 8.42363995292624810E-007, 3.14586817101552217E-007)
 (-5.69509356155694575E-005, 5.56135240271340286E-004) (  0.0000000000000000     ,  0.0000000000000000     ) (-2.00264645921006689E-006,-4.14961804160884787E-005)
 (-5.23290604818143047E-006, 1.57592995995799634E-004) (  0.0000000000000000     ,  0.0000000000000000     ) ( 7.19749222351435268E-006,-1.47942439372020061E-006)
 (-1.84996960455313414E-004,-7.64017382878481903E-005) (  0.0000000000000000     ,  0.0000000000000000     ) ( 5.35177590167116634E-007, 4.63836121334084049E-007)
 ( 1.11399676270466149E-004, 3.13885969269488748E-005) (  0.0000000000000000     ,  0.0000000000000000     ) (-2.65041523885895865E-005,-2.63451353357578890E-005)
 ( 1.91181567289381470E-004, 3.89398286255620500E-004) (  0.0000000000000000     ,  0.0000000000000000     ) ( 3.77764144336551519E-006,-6.02877682232127597E-006)
 ( 6.52249582226477787E-005,-2.79125471308414247E-004) (  0.0000000000000000     ,  0.0000000000000000     ) ( 8.45706937500328677E-007, 8.94044328377264247E-007)
 ( 4.11856201067852250E-004, 9.34095072437751266E-005) (  0.0000000000000000     ,  0.0000000000000000     ) (-3.52633843158845202E-005,-1.15428039227915128E-006)
 ( 3.25015373400549851E-004, 3.34554079335838662E-004) (  0.0000000000000000     ,  0.0000000000000000     ) (-1.33153071457660466E-006,-6.70773969990974247E-006)
 ( 4.18799112958827757E-004, 4.78927469286609929E-004) (  0.0000000000000000     ,  0.0000000000000000     ) (-9.79496219729731006E-007, 3.18653369015333999E-007)
 ( 8.61792979139646320E-005,-1.87889710292366404E-004) (  0.0000000000000000     ,  0.0000000000000000     ) (-2.46413868946036992E-005, 2.18907905533532513E-005)
 ( 2.20358048960527886E-004, 2.19679314890423004E-004) (  0.0000000000000000     ,  0.0000000000000000     ) (-5.21504567501298060E-006,-4.27576687789233038E-006)
 ( 1.11308510390055752E-004, 9.57997568983388003E-005) (  0.0000000000000000     ,  0.0000000000000000     ) (-6.16302573050178837E-008,-4.40707394680262540E-007)
 (-3.84225860115789157E-003, 1.57705489483904579E-003) (  0.0000000000000000     ,  0.0000000000000000     ) ( 3.47302071175228000E-004,-1.77342026295858606E-003)
 (-1.12318264251541947E-003, 1.53434431205073853E-003) (  0.0000000000000000     ,  0.0000000000000000     ) (-3.52797177671952092E-004,-5.23724982446664713E-005)
 (-3.99626794760775460E-004, 6.69927270607642155E-004) (  0.0000000000000000     ,  0.0000000000000000     ) (-2.98064919298562028E-006, 2.83310836858897070E-005)
 (-4.15729825082238914E-003,-4.14639222214281677E-003) (  0.0000000000000000     ,  0.0000000000000000     ) ( 1.55055707945597407E-003,-1.05351660681256266E-003)
 (-1.68882987769270083E-003, 5.49174907165965540E-004) (  0.0000000000000000     ,  0.0000000000000000     ) (-2.30373832036915303E-004,-3.02928422229393698E-004)
 ( 8.21789439266240910E-005,-3.42301034201292393E-004) (  0.0000000000000000     ,  0.0000000000000000     ) (-2.46413868946036992E-005, 2.18907905533532513E-005)
 ( 5.32226686688405692E-004,-6.99885786884147949E-003) (  0.0000000000000000     ,  0.0000000000000000     ) ( 1.94409520943394465E-003, 3.88810353072312936E-004)
 (-2.12848707962653072E-003,-7.44721788186877501E-005) (  0.0000000000000000     ,  0.0000000000000000     ) ( 4.30272456662993285E-005,-4.06540395978627974E-004)
 ( 3.84529148096636236E-004, 5.45658478016629425E-005) (  0.0000000000000000     ,  0.0000000000000000     ) (-3.52633843158848387E-005,-1.15428039227920951E-006)
 ( 6.67900132196229662E-003,-6.32779666126679578E-003) (  0.0000000000000000     ,  0.0000000000000000     ) ( 1.20111733871814839E-003, 1.79270765718497977E-003)
 (-1.84471888234320433E-003,-1.67196858372454030E-003) (  0.0000000000000000     ,  0.0000000000000000     ) ( 3.28794653465600407E-004,-2.81524827009198980E-004)
 ( 9.22837699274935835E-005, 2.27857100058507734E-005) (  0.0000000000000000     ,  0.0000000000000000     ) (-2.65041523885898610E-005,-2.63451353357582583E-005)
 ( 1.26946819976728083E-002, 2.79461002617106293E-004) (  0.0000000000000000     ,  0.0000000000000000     ) (-4.09638534350483820E-004, 2.31203980784868259E-003)
 (-1.34617511831372900E-004,-3.33474879817710276E-003) (  0.0000000000000000     ,  0.0000000000000000     ) ( 4.65985779119557368E-004, 3.21297719539025242E-005)
 (-7.04472542858219979E-005, 5.58539972723539669E-004) (  0.0000000000000000     ,  0.0000000000000000     ) (-2.00264645921006689E-006,-4.14961804160884787E-005)
 ( 1.40222713951241602E-002, 1.26536742942590392E-002) (  0.0000000000000000     ,  0.0000000000000000     ) (-2.08104986341324559E-003, 1.47536615359132877E-003)
 ( 3.09598639973106445E-003,-4.44140837784608600E-003) (  0.0000000000000000     ,  0.0000000000000000     ) ( 3.52687240375813241E-004, 3.89739530703526863E-004)
 (-3.55150359796805779E-004, 9.38515506456251295E-004) (  0.0000000000000000     ,  0.0000000000000000     ) ( 2.75907562441816719E-005,-3.62441673998393116E-005)
 ( 1.39629967772941289E-003, 3.18500924661875781E-002) (  0.0000000000000000     ,  0.0000000000000000     ) (-2.81400420671174857E-003,-5.42916653908610911E-004)
 ( 9.20606574478559370E-003,-4.11771153954407308E-003) (  0.0000000000000000     ,  0.0000000000000000     ) (-3.46380847799250612E-007, 6.11356570960592247E-004)
 (-1.95399135041400985E-003, 7.78804235531192226E-004) (  0.0000000000000000     ,  0.0000000000000000     ) ( 5.07995485570125101E-005,-1.10564077968198674E-005)
 (-4.07996756535534619E-002, 5.62347751203472329E-002) (  0.0000000000000000     ,  0.0000000000000000     ) (-1.87868301351154596E-003,-2.92248560209448782E-003)
 ( 2.58411855672446220E-002, 6.76499702967135974E-005) (  0.0000000000000000     ,  0.0000000000000000     ) (-4.92350539873053503E-004, 5.64627733011557431E-004)
 (-7.11024844197279734E-003,-5.22972077768835595E-005) (  0.0000000000000000     ,  0.0000000000000000     ) ( 6.05509821284473161E-005, 2.27912570401090282E-005)
 (-0.23109582210652874     , 6.40434341133558210E-002) (  0.0000000000000000     ,  0.0000000000000000     ) ( 1.24393459784795271E-003,-4.51218720000040683E-003)
 ( 0.11702719238740199     , 5.76621725419735817E-002) (  0.0000000000000000     ,  0.0000000000000000     ) (-1.16122084828202744E-003, 2.10442859398196462E-004)
 (-4.27072122359405323E-002,-2.50558958295255506E-002) (  0.0000000000000000     ,  0.0000000000000000     ) ( 1.22822833408546545E-004, 5.22658993314211709E-005)
 (-0.46158884368612768     , 9.30884175055658432E-004) (  21.493243746966318     ,  0.0000000000000000     ) ( 6.33806623393979880E-003,-4.69924738949337780E-003)
 (-1.76315503296493511E-006, 1.58239573684530965E-005) (  0.0000000000000000     ,  0.0000000000000000     ) (  0.0000000000000000     ,  0.0000000000000000     )
 ( 9.83654101707338163E-002, 5.63351861024445066E-002) (  0.0000000000000000     ,  0.0000000000000000     ) (-5.59003364713579623E-004,-1.53551209617553940E-005)
 (-0.23111426131034379     , 6.39554703844264771E-002) (  0.0000000000000000     ,  0.0000000000000000     ) ( 1.24393459784798675E-003,-4.51218720000040596E-003)
 (-0.11703938230329745     ,-5.76347392282975726E-002) (  0.0000000000000000     ,  0.0000000000000000     ) ( 1.16122084828200207E-003,-2.10442859397477907E-004)
 (-4.26998356950242242E-002,-2.50573458139500445E-002) (  0.0000000000000000     ,  0.0000000000000000     ) ( 1.22822833408546897E-004, 5.22658993314210692E-005)
 (-4.07825766897256317E-002, 5.61021423653262283E-002) (  0.0000000000000000     ,  0.0000000000000000     ) (-1.87868301351154596E-003,-2.92248560209448782E-003)
 (-2.58616979588398750E-002,-6.23086131245866243E-005) (  0.0000000000000000     ,  0.0000000000000000     ) ( 4.92350539872834819E-004,-5.64627733016494129E-004)
 (-7.10314472340109818E-003,-4.93799322253935484E-005) (  0.0000000000000000     ,  0.0000000000000000     ) ( 6.05509821284473500E-005, 2.27912570401090113E-005)
 ( 1.48418733680269954E-003, 3.17487616547498866E-002) (  0.0000000000000000     ,  0.0000000000000000     ) (-2.81400420671174857E-003,-5.42916653918665477E-004)
 (-9.22910551852889130E-003, 4.07954151017985572E-003) (  0.0000000000000000     ,  0.0000000000000000     ) ( 3.46380847799701339E-007,-6.11356570975093126E-004)
 (-1.95797344034838016E-003, 7.82328724159696179E-004) (  0.0000000000000000     ,  0.0000000000000000     ) ( 5.07995485570266928E-005,-1.10564077968198437E-005)
 ( 1.41852693007315078E-002, 1.26754509346905988E-002) (  0.0000000000000000     ,  0.0000000000000000     ) (-2.08104986341324559E-003, 1.47536615359132877E-003)
 (-3.09591397350182478E-003, 4.36880143661338462E-003) (  0.0000000000000000     ,  0.0000000000000000     ) (-3.52687240375813621E-004,-3.89739530703526755E-004)
 (-3.55594088110600993E-004, 9.43248301965631691E-004) (  0.0000000000000000     ,  0.0000000000000000     ) ( 2.75907562441817566E-005,-3.62441673998390880E-005)
 ( 1.28351016821300172E-002, 5.59491061579883296E-004) (  0.0000000000000000     ,  0.0000000000000000     ) (-4.09638534350483820E-004, 2.31203980784868129E-003)
 ( 2.17683345614624142E-004, 3.25519020311026584E-003) (  0.0000000000000000     ,  0.0000000000000000     ) (-4.65985779119683894E-004,-3.21297719512587244E-005)
 (-8.70774617281411338E-005, 5.71598563635705476E-004) (  0.0000000000000000     ,  0.0000000000000000     ) (-2.00264645921011221E-006,-4.14961804160885803E-005)
 ( 6.42774484709320720E-003,-5.66284525482359941E-003) (  0.0000000000000000     ,  0.0000000000000000     ) ( 1.20111733871814839E-003, 1.79270765718497977E-003)
 ( 2.13852823824174513E-003, 1.65750944233974355E-003) (  0.0000000000000000     ,  0.0000000000000000     ) (-3.28794653465600245E-004, 2.81524827008268572E-004)
 ( 1.37564014808894121E-005, 1.71343641021441009E-005) (  0.0000000000000000     ,  0.0000000000000000     ) (-2.65041523885897966E-005,-2.63451353357582787E-005)
 (-1.64994624831310186E-003,-6.49101567682047655E-003) (  0.0000000000000000     ,  0.0000000000000000     ) ( 1.94409520943394465E-003, 3.88810353072312936E-004)
 ( 3.13639973354544119E-003, 9.67784953440601822E-004) (  0.0000000000000000     ,  0.0000000000000000     ) (-4.30272456662994369E-005, 4.06540395983284242E-004)
 ( 1.04498523655135382E-004,-3.57671813663014134E-004) (  0.0000000000000000     ,  0.0000000000000000     ) (-3.52633843158849743E-005,-1.15428039227920951E-006)
 (-4.47810708924504153E-004,-1.05440486220356342E-003) (  0.0000000000000000     ,  0.0000000000000000     ) ( 3.52797177671952363E-004, 5.23724982446662681E-005)
 ( 3.50860148519347413E-004, 7.44552460919044139E-004) (  0.0000000000000000     ,  0.0000000000000000     ) ( 8.30922983968473755E-007,-7.22428855784292635E-005)
 (-1.11326243213877556E-004,-2.36964335803922094E-004) (  0.0000000000000000     ,  0.0000000000000000     ) (-5.69164493208083807E-006,-1.95584312886583066E-007)
 ( 1.51960797840318884E-003,-2.37465216656093908E-004) (  0.0000000000000000     ,  0.0000000000000000     ) ( 2.30373832036914489E-004, 3.02928422229397818E-004)
 ( 3.04014595132730064E-004,-2.30747599800315296E-004) (  0.0000000000000000     ,  0.0000000000000000     ) ( 5.56488087127656248E-005,-5.04692119151233827E-005)
 ( 1.20176498381782982E-004, 2.96299531565676110E-004) (  0.0000000000000000     ,  0.0000000000000000     ) (-5.21504567501298060E-006,-4.27576687789233038E-006)
 ( 2.14354780837112827E-003, 1.93557347766291584E-004) (  0.0000000000000000     ,  0.0000000000000000     ) (-4.30272456662994369E-005, 4.06540395983284242E-004)
 ( 3.57571759863532877E-004,-6.19623260955236613E-004) (  0.0000000000000000     ,  0.0000000000000000     ) ( 7.89355391525923790E-005, 2.32024201688501241E-006)
 ( 3.12208681384901644E-004, 3.56464777590687662E-004) (  0.0000000000000000     ,  0.0000000000000000     ) (-1.33153071457673045E-006,-6.70773969990976195E-006)
 ( 1.89330455425773102E-003, 1.71568240647756044E-003) (  0.0000000000000000     ,  0.0000000000000000     ) (-3.28794653465600245E-004, 2.81524827008268572E-004)
 ( 2.76664777159040442E-004,-7.49573209501924070E-004) (  0.0000000000000000     ,  0.0000000000000000     ) ( 6.16182785956568982E-005, 6.10925094211657230E-005)
 ( 1.90391458375753112E-004, 3.99448206926493899E-004) (  0.0000000000000000     ,  0.0000000000000000     ) ( 3.77764144336572186E-006,-6.02877682232129291E-006)
 ( 1.70909655309458240E-004, 3.32801790453241377E-003) (  0.0000000000000000     ,  0.0000000000000000     ) (-4.65985779119557368E-004,-3.21297719503959298E-005)
 ( 3.49171804402550654E-004,-5.56541496402989159E-004) (  0.0000000000000000     ,  0.0000000000000000     ) ( 6.80053769674022029E-006, 9.41924770157393496E-005)
 (-3.05182628702295831E-006, 1.62724291847064225E-004) (  0.0000000000000000     ,  0.0000000000000000     ) ( 7.19749222351435268E-006,-1.47942439372020061E-006)
 (-3.07476922809799555E-003, 4.40353015123643322E-003) (  0.0000000000000000     ,  0.0000000000000000     ) (-3.52687240375813621E-004,-3.89739530703526755E-004)
 ( 7.77665545759227824E-004, 1.08161142337458765E-004) (  0.0000000000000000     ,  0.0000000000000000     ) (-6.14403406375496288E-005, 8.15321299497805553E-005)
 (-3.97501585443396427E-004,-5.62273223778824479E-005) (  0.0000000000000000     ,  0.0000000000000000     ) ( 7.67729280404171204E-006, 3.98874344540030986E-006)
 (-9.19729440294451625E-003, 4.08818509703431227E-003) (  0.0000000000000000     ,  0.0000000000000000     ) ( 3.46380847799396143E-007,-6.11356570975221279E-004)
 ( 2.36368537350629439E-003, 1.45377271534090184E-003) (  0.0000000000000000     ,  0.0000000000000000     ) (-1.13744523950923068E-004, 2.62005114484193009E-005)
 (-7.83885943725495544E-004,-2.57335425553308279E-004) (  0.0000000000000000     ,  0.0000000000000000     ) ( 3.89020773544544472E-006, 7.92688442099378404E-006)
 (-2.58411855675085844E-002,-6.76499702937715741E-005) (  0.0000000000000000     ,  0.0000000000000000     ) ( 4.92350539872834819E-004,-5.64627733016494129E-004)
 ( 8.27612602007127447E-003, 6.50109861677911766E-003) (  0.0000000000000000     ,  0.0000000000000000     ) (-1.37245834697013281E-004,-5.18849790224602963E-005)
 (-2.60713892430048050E-003,-1.95742488904025909E-003) (  0.0000000000000000     ,  0.0000000000000000     ) ( 1.34575553992089217E-006, 9.40698651801184354E-006)
 (-0.11702925592931322     ,-5.76382528949170164E-002) (  0.0000000000000000     ,  0.0000000000000000     ) ( 1.16122084828202679E-003,-2.10442859394478353E-004)
 ( 4.57256352049089099E-002, 7.06386324172499913E-002) (  0.0000000000000000     ,  0.0000000000000000     ) (-2.48456912372583118E-004,-1.22677950580696884E-004)
 (-1.99414526355523418E-002,-3.37704731329904126E-002) (  0.0000000000000000     ,  0.0000000000000000     ) ( 5.69939469651506913E-005, 3.97444489058329527E-006)
 (-1.76315503303594062E-006, 1.58239573684097420E-005) (  0.0000000000000000     ,  0.0000000000000000     ) (  0.0000000000000000     ,  0.0000000000000000     )
 (-0.79335646921878433     , 0.54169551616648781     ) (  28.876873835844489     , -28.876873835844489     ) ( 2.30400040001401589E-003, 7.75770482325758036E-005)
 ( 8.13294268662864978E-007,-5.42834349915174945E-008) (  0.0000000000000000     ,  0.0000000000000000     ) (  0.0000000000000000     ,  0.0000000000000000     )
 ( 0.11702577544369193     , 5.76647546672359526E-002) (  0.0000000000000000     ,  0.0000000000000000     ) (-1.16122084828202744E-003, 2.10442859394837251E-004)
 ( 4.57245596702489099E-002, 7.06470561823310667E-002) (  0.0000000000000000     ,  0.0000000000000000     ) (-2.48456912372543165E-004,-1.22677950580696532E-004)
 ( 1.99407250478550908E-002, 3.37723362038992655E-002) (  0.0000000000000000     ,  0.0000000000000000     ) (-5.69939469651503999E-005,-3.97444489058322751E-006)
 ( 2.58271537188507656E-002, 6.57703948761454018E-005) (  0.0000000000000000     ,  0.0000000000000000     ) (-4.92350539873053503E-004, 5.64627733011557431E-004)
 ( 8.27273533204859850E-003, 6.51124365191077352E-003) (  0.0000000000000000     ,  0.0000000000000000     ) (-1.37245834697013281E-004,-5.18849790224602963E-005)
 ( 2.60586588564623708E-003, 1.95547053664885378E-003) (  0.0000000000000000     ,  0.0000000000000000     ) (-1.34575553992083076E-006,-9.40698651801182829E-006)
 ( 9.18096095312366176E-003,-4.12226061044972808E-003) (  0.0000000000000000     ,  0.0000000000000000     ) (-3.46380847799621824E-007, 6.11356570971055666E-004)
 ( 2.35593355213177535E-003, 1.46587427899048809E-003) (  0.0000000000000000     ,  0.0000000000000000     ) (-1.13744523950908810E-004, 2.62005114484191146E-005)
 ( 7.85439985713115162E-004, 2.54853969127856884E-004) (  0.0000000000000000     ,  0.0000000000000000     ) (-3.89020773544540575E-006,-7.92688442099379590E-006)
 ( 3.07948899406527803E-003,-4.46358282385939630E-003) (  0.0000000000000000     ,  0.0000000000000000     ) ( 3.52687240375813241E-004, 3.89739530703526863E-004)
 ( 7.67417479077640678E-004, 1.10124146798575674E-004) (  0.0000000000000000     ,  0.0000000000000000     ) (-6.14403406375496288E-005, 8.15321299497805553E-005)
 ( 4.00252895987991350E-004, 5.71687228029355926E-005) (  0.0000000000000000     ,  0.0000000000000000     ) (-7.67729280404192888E-006,-3.98874344540033951E-006)
 (-1.15431082620881531E-004,-3.37726003248288659E-003) (  0.0000000000000000     ,  0.0000000000000000     ) ( 4.65985779119684382E-004, 3.21297719533355678E-005)
 ( 3.34124706089402321E-004,-5.72946655024682348E-004) (  0.0000000000000000     ,  0.0000000000000000     ) ( 6.80053769673954012E-006, 9.41924770157394174E-005)
 ( 6.21823619542929761E-006,-1.60043745363921475E-004) (  0.0000000000000000     ,  0.0000000000000000     ) (-7.19749222351474655E-006, 1.47942439372028362E-006)
 (-1.77016476231507919E-003,-1.67027299815178973E-003) (  0.0000000000000000     ,  0.0000000000000000     ) ( 3.28794653465600407E-004,-2.81524827009198980E-004)
 ( 2.72463229919703200E-004,-8.10651757993657873E-004) (  0.0000000000000000     ,  0.0000000000000000     ) ( 6.16182785956568982E-005, 6.10925094211657230E-005)
 (-1.93400751171366006E-004,-3.85493831770280680E-004) (  0.0000000000000000     ,  0.0000000000000000     ) (-3.77764144336537500E-006, 6.02877682232127597E-006)
 (-2.11114227871631293E-003, 1.69863420532348117E-004) (  0.0000000000000000     ,  0.0000000000000000     ) ( 4.30272456662993285E-005,-4.06540395978627974E-004)
 ( 5.42013301984435765E-004,-7.34176356509352542E-004) (  0.0000000000000000     ,  0.0000000000000000     ) ( 7.89355391525923790E-005, 2.32024201688501241E-006)
 (-3.89782979894125452E-004,-3.44605004012724070E-004) (  0.0000000000000000     ,  0.0000000000000000     ) ( 1.33153071457664384E-006, 6.70773969990973993E-006)
 (-1.74421891628347587E-004, 3.81842388301090088E-004) (  0.0000000000000000     ,  0.0000000000000000     ) (-2.98064919298567237E-006, 2.83310836858896901E-005)
 ( 1.84006248081826837E-005,-5.26463876645043833E-005) (  0.0000000000000000     ,  0.0000000000000000     ) ( 5.69164493208019348E-006, 1.95584312886565755E-007)
 (-5.88761511415273163E-005, 1.06459578805270401E-004) (  0.0000000000000000     ,  0.0000000000000000     ) (-1.00523715397916034E-007,-2.79857255827165221E-007)
 ( 4.57752061813952209E-005,-4.04966167589539019E-004) (  0.0000000000000000     ,  0.0000000000000000     ) (-2.46413868946037026E-005, 2.18907905533685792E-005)
 (-1.53345503101985842E-004,-3.22998560180240966E-004) (  0.0000000000000000     ,  0.0000000000000000     ) ( 5.21504567501245036E-006, 4.27576687789229650E-006)
 ( 1.39706313765302850E-004, 5.90141061481538800E-005) (  0.0000000000000000     ,  0.0000000000000000     ) (-6.16302573050178837E-008,-4.40707394680262540E-007)
 ( 3.61949242553497280E-004, 5.43409266476188718E-005) (  0.0000000000000000     ,  0.0000000000000000     ) (-3.52633843158849743E-005,-1.15428039227920951E-006)
 (-3.23128620542771086E-004,-3.58914102508037702E-004) (  0.0000000000000000     ,  0.0000000000000000     ) ( 1.33153071457664384E-006, 6.70773969990973993E-006)
 ( 4.19485684013644051E-004, 4.72058026972482000E-004) (  0.0000000000000000     ,  0.0000000000000000     ) (-9.79496219730201956E-007, 3.18653369015334423E-007)
 ( 8.52673971515058640E-005, 3.37701113139975942E-005) (  0.0000000000000000     ,  0.0000000000000000     ) (-2.65041523885897966E-005,-2.63451353357582787E-005)
 (-1.95513053845428872E-004,-3.97296315002414397E-004) (  0.0000000000000000     ,  0.0000000000000000     ) (-3.77764144336537500E-006, 6.02877682232127597E-006)
 ( 6.46198922533472827E-005,-2.80915577471920559E-004) (  0.0000000000000000     ,  0.0000000000000000     ) ( 8.45706937500109719E-007, 8.94044328377263188E-007)
 (-6.71573657815804611E-005, 5.70011555706579753E-004) (  0.0000000000000000     ,  0.0000000000000000     ) (-2.00264645921007282E-006,-4.14961804160884380E-005)
 ( 1.02012446893971785E-006,-1.60566180146050455E-004) (  0.0000000000000000     ,  0.0000000000000000     ) (-7.19749222351458815E-006, 1.47942439372016419E-006)
 (-1.85849916397855930E-004,-7.65601509143454858E-005) (  0.0000000000000000     ,  0.0000000000000000     ) ( 5.35177590167116634E-007, 4.63836121334084049E-007)
 (-3.52492936025789307E-004, 9.38822940941017340E-004) (  0.0000000000000000     ,  0.0000000000000000     ) ( 2.75907562441817566E-005,-3.62441673998390880E-005)
 ( 3.99729980331940769E-004, 5.87423042719007195E-005) (  0.0000000000000000     ,  0.0000000000000000     ) (-7.67729280404192888E-006,-3.98874344540033951E-006)
 (-3.41496452882575569E-004,-2.14362384670938852E-004) (  0.0000000000000000     ,  0.0000000000000000     ) ( 8.42363995292657526E-007, 3.14586817101558358E-007)
 (-1.95443532515323292E-003, 7.76411616064896976E-004) (  0.0000000000000000     ,  0.0000000000000000     ) ( 5.07995485570194896E-005,-1.10564077968198386E-005)
 ( 7.85813063178816026E-004, 2.59533759284201590E-004) (  0.0000000000000000     ,  0.0000000000000000     ) (-3.89020773544555906E-006,-7.92688442099379929E-006)
 (-2.43860888550728424E-004,-3.35904761199446236E-004) (  0.0000000000000000     ,  0.0000000000000000     ) ( 2.46320573726039332E-007, 3.34915934117719373E-007)
 (-7.11024844197325010E-003,-5.22972078355685838E-005) (  0.0000000000000000     ,  0.0000000000000000     ) ( 6.05509821284473500E-005, 2.27912570401090113E-005)
 ( 2.60713892428197100E-003, 1.95742488905405925E-003) (  0.0000000000000000     ,  0.0000000000000000     ) (-1.34575553992083076E-006,-9.40698651801182829E-006)
 (-1.03257861181044728E-003,-6.60402449649734151E-004) (  0.0000000000000000     ,  0.0000000000000000     ) ( 2.85756863976466293E-007,-2.32266987253376543E-007)
 (-4.27048307830382654E-002,-2.50601927732741758E-002) (  0.0000000000000000     ,  0.0000000000000000     ) ( 1.22822833408544159E-004, 5.22658993314211438E-005)
 ( 1.99410475024816465E-002, 3.37711963715561225E-002) (  0.0000000000000000     ,  0.0000000000000000     ) (-5.69939469651507659E-005,-3.97444489058320549E-006)
 (-9.62084644546779694E-003,-1.84434129735341935E-002) (  0.0000000000000000     ,  0.0000000000000000     ) ( 2.96771044894379123E-005,-1.23293204652911382E-006)
 ( 9.83654101707337886E-002, 5.63351861024446524E-002) (  0.0000000000000000     ,  0.0000000000000000     ) (-5.59003364713579623E-004,-1.53551209617555261E-005)
 ( 8.13294268667858661E-007,-5.42834349635456079E-008) (  0.0000000000000000     ,  0.0000000000000000     ) (  0.0000000000000000     ,  0.0000000000000000     )
 (-0.87030507448539296     , 0.45294896979076843     ) (  41.095471280805093     , -41.095471280805093     ) ( 1.27730814593763351E-003, 5.41577401345160836E-005)
 (-4.27089049629365419E-002,-2.50591079229749610E-002) (  0.0000000000000000     ,  0.0000000000000000     ) ( 1.22822833408545596E-004, 5.22658993314210828E-005)
 (-1.99405585687928988E-002,-3.37715026416424632E-002) (  0.0000000000000000     ,  0.0000000000000000     ) ( 5.69939469651503119E-005, 3.97444489058330035E-006)
 (-9.62082945098683903E-003,-1.84435760936975841E-002) (  0.0000000000000000     ,  0.0000000000000000     ) ( 2.96771044894378615E-005,-1.23293204652911530E-006)
 (-7.11735975236970318E-003,-5.23994217217707225E-005) (  0.0000000000000000     ,  0.0000000000000000     ) ( 6.05509821284473161E-005, 2.27912570401090282E-005)
 (-2.60764768386643597E-003,-1.95658713099622740E-003) (  0.0000000000000000     ,  0.0000000000000000     ) ( 1.34575553992089217E-006, 9.40698651801184354E-006)
 (-1.03255503100984844E-003,-6.60920425603469305E-004) (  0.0000000000000000     ,  0.0000000000000000     ) ( 2.85756863976466293E-007,-2.32266987253376543E-007)
 (-1.96040549918960038E-003, 7.74812434271579032E-004) (  0.0000000000000000     ,  0.0000000000000000     ) ( 5.07995485570500167E-005,-1.10564077968198708E-005)
 (-7.86384085571556566E-004,-2.58168958996459201E-004) (  0.0000000000000000     ,  0.0000000000000000     ) ( 3.89020773544526430E-006, 7.92688442099378913E-006)
 (-2.44774803096858774E-004,-3.35997334180378562E-004) (  0.0000000000000000     ,  0.0000000000000000     ) ( 2.46320573725975646E-007, 3.34915934117723291E-007)
 (-3.53074861758221356E-004, 9.32454767799583448E-004) (  0.0000000000000000     ,  0.0000000000000000     ) ( 2.75907562441816719E-005,-3.62441673998393116E-005)
 (-4.00821977607019578E-004,-5.88989446292905648E-005) (  0.0000000000000000     ,  0.0000000000000000     ) ( 7.67729280404171204E-006, 3.98874344540030986E-006)
 (-3.40946288961196074E-004,-2.14100524837676357E-004) (  0.0000000000000000     ,  0.0000000000000000     ) ( 8.42363995292657526E-007, 3.14586817101558358E-007)
 (-5.96709877197906850E-005, 5.58178783961779386E-004) (  0.0000000000000000     ,  0.0000000000000000     ) (-2.00264645921004106E-006,-4.14961804160885600E-005)
 (-3.60230642695961763E-006, 1.59077363657144012E-004) (  0.0000000000000000     ,  0.0000000000000000     ) ( 7.19749222351447635E-006,-1.47942439372034207E-006)
 (-1.85064968697507383E-004,-7.69031158912209960E-005) (  0.0000000000000000     ,  0.0000000000000000     ) ( 5.35177590167476517E-007, 4.63836121334098501E-007)
 ( 1.06227628966826034E-004, 1.86239137206641343E-005) (  0.0000000000000000     ,  0.0000000000000000     ) (-2.65041523885898610E-005,-2.63451353357582583E-005)
 ( 1.87331340128826036E-004, 3.97618958689039152E-004) (  0.0000000000000000     ,  0.0000000000000000     ) ( 3.77764144336572186E-006,-6.02877682232129291E-006)
 ( 6.68051417824740482E-005,-2.81210166253724329E-004) (  0.0000000000000000     ,  0.0000000000000000     ) ( 8.45706937500109719E-007, 8.94044328377263188E-007)
 ( 4.58516493082207455E-004, 2.83862899091813059E-005) (  0.0000000000000000     ,  0.0000000000000000     ) (-3.52633843158848387E-005,-1.15428039227920951E-006)
 ( 2.64217497284654395E-004, 3.47471413356190660E-004) (  0.0000000000000000     ,  0.0000000000000000     ) (-1.33153071457673045E-006,-6.70773969990976195E-006)
 ( 4.48070116235310071E-004, 4.79573484544749008E-004) (  0.0000000000000000     ,  0.0000000000000000     ) (-9.79496219730201956E-007, 3.18653369015334423E-007)
 (-2.45513022771935707E-003, 2.96075526452744663E-003) (  0.0000000000000000     ,  0.0000000000000000     ) (-9.21437224685846745E-004,-1.45574737113272228E-003)
 ( 9.29085516283832701E-004, 1.88598584115753161E-003) (  0.0000000000000000     ,  0.0000000000000000     ) (-2.73735251976033511E-004, 2.02213850164213466E-004)
 (-3.67809033014148030E-004,-2.10885000139872527E-004) (  0.0000000000000000     ,  0.0000000000000000     ) ( 1.92606890563786959E-005, 2.35918515257712731E-005)
 (-3.39627147663086560E-003, 4.84232144527015757E-005) (  0.0000000000000000     ,  0.0000000000000000     ) ( 3.47302071175230060E-004,-1.77342026295858649E-003)
 (-2.52725635886156316E-004, 1.11779226403257233E-003) (  0.0000000000000000     ,  0.0000000000000000     ) (-3.52797177671956158E-004,-5.23724982446676572E-005)
 (-3.56437060863105994E-005, 5.86117327622458066E-004) (  0.0000000000000000     ,  0.0000000000000000     ) (-2.98064919298553515E-006, 2.83310836858977572E-005)
 (-4.40972192682109135E-003,-4.53002940403385984E-003) (  0.0000000000000000     ,  0.0000000000000000     ) ( 1.55055707945597407E-003,-1.05351660681256266E-003)
 (-1.61668328544894990E-003, 3.65421401636877616E-004) (  0.0000000000000000     ,  0.0000000000000000     ) (-2.30373832036915303E-004,-3.02928422229393698E-004)
 ( 1.07097046639519810E-004,-3.91022224568183423E-004) (  0.0000000000000000     ,  0.0000000000000000     ) (-2.46413868946036992E-005, 2.18907905533532513E-005)
 ( 3.88968309519866233E-004,-7.02213129464587110E-003) (  0.0000000000000000     ,  0.0000000000000000     ) ( 1.94409520943394074E-003, 3.88810353078501291E-004)
 (-2.14846667046932711E-003,-1.22227325720113432E-004) (  0.0000000000000000     ,  0.0000000000000000     ) ( 4.30272456662972888E-005,-4.06540395970024233E-004)
 ( 3.83499074621749679E-004, 4.20355702637736280E-005) (  0.0000000000000000     ,  0.0000000000000000     ) (-3.52633843158845202E-005,-1.15428039227915128E-006)
 ( 6.62466865711251567E-003,-6.22406801654085129E-003) (  0.0000000000000000     ,  0.0000000000000000     ) ( 1.20111733871814926E-003, 1.79270765718603795E-003)
 (-1.87592112257740332E-003,-1.69845108784035578E-003) (  0.0000000000000000     ,  0.0000000000000000     ) ( 3.28794653465601979E-004,-2.81524827013820717E-004)
 ( 8.86797821292198787E-005, 1.92352296087830886E-005) (  0.0000000000000000     ,  0.0000000000000000     ) (-2.65041523885895865E-005,-2.63451353357578890E-005)
 ( 1.26988583744732826E-002, 3.86463880928408050E-004) (  0.0000000000000000     ,  0.0000000000000000     ) (-4.09638534350483820E-004, 2.31203980784868129E-003)
 (-1.47523048950953199E-004,-3.34549329328023099E-003) (  0.0000000000000000     ,  0.0000000000000000     ) ( 4.65985779119684382E-004, 3.21297719533355678E-005)
 (-7.70316151087293611E-005, 5.64349341379594529E-004) (  0.0000000000000000     ,  0.0000000000000000     ) (-2.00264645921004106E-006,-4.14961804160885600E-005)
 ( 1.40305354378147742E-002, 1.27115589367089755E-002) (  0.0000000000000000     ,  0.0000000000000000     ) (-2.08104986341323172E-003, 1.47536615359463211E-003)
 ( 3.09386089465178747E-003,-4.42349663525703346E-003) (  0.0000000000000000     ,  0.0000000000000000     ) ( 3.52687240375818174E-004, 3.89739530703526863E-004)
 (-3.57336319652989606E-004, 9.37998588029367278E-004) (  0.0000000000000000     ,  0.0000000000000000     ) ( 2.75907562441680685E-005,-3.62441673998390677E-005)
 ( 1.39629967778683852E-003, 3.18500924664033361E-002) (  0.0000000000000000     ,  0.0000000000000000     ) (-2.81400420671174857E-003,-5.42916653908610911E-004)
 ( 9.19729440228997906E-003,-4.08818509583835660E-003) (  0.0000000000000000     ,  0.0000000000000000     ) (-3.46380847799250612E-007, 6.11356570960592247E-004)
 (-1.95443532515520444E-003, 7.76411616100333691E-004) (  0.0000000000000000     ,  0.0000000000000000     ) ( 5.07995485570125101E-005,-1.10564077968198674E-005)
 (-4.08194248672738014E-002, 5.61884962862504514E-002) (  0.0000000000000000     ,  0.0000000000000000     ) (-1.87868301351153165E-003,-2.92248560209451861E-003)
 ( 2.58291098099360412E-002, 8.34438356401602250E-005) (  0.0000000000000000     ,  0.0000000000000000     ) (-4.92350539873035939E-004, 5.64627733014926156E-004)
 (-7.11597635476361561E-003,-5.21813575973868222E-005) (  0.0000000000000000     ,  0.0000000000000000     ) ( 6.05509821284473229E-005, 2.27912570401090519E-005)
 (-0.23111426131034377     , 6.39554703844262967E-002) (  0.0000000000000000     ,  0.0000000000000000     ) ( 1.24393459784798675E-003,-4.51218720000040596E-003)
 ( 0.11702577544369182     , 5.76647546672360567E-002) (  0.0000000000000000     ,  0.0000000000000000     ) (-1.16122084828202744E-003, 2.10442859394837251E-004)
 (-4.27089049629365142E-002,-2.50591079229750026E-002) (  0.0000000000000000     ,  0.0000000000000000     ) ( 1.22822833408545596E-004, 5.22658993314210828E-005)
 (-0.46155625742454021     , 8.60106203408245347E-004) (  21.493243746966318     ,  0.0000000000000000     ) ( 6.33806623393979880E-003,-4.69924738949337780E-003)
 (-7.06435025910395016E-006,-2.99548619839155248E-006) (  0.0000000000000000     ,  0.0000000000000000     ) (  0.0000000000000000     ,  0.0000000000000000     )
 ( 9.83668744849455351E-002, 5.63395822541413321E-002) (  0.0000000000000000     ,  0.0000000000000000     ) (-5.59003364713579623E-004,-1.53551209617553940E-005)
 (-0.23103300750032846     , 6.39417306874189434E-002) (  0.0000000000000000     ,  0.0000000000000000     ) ( 1.24393459784797765E-003,-4.51218720000040683E-003)
 (-0.11704379590166955     ,-5.76712394672443951E-002) (  0.0000000000000000     ,  0.0000000000000000     ) ( 1.16122084828202787E-003,-2.10442859397939804E-004)
 (-4.26984121767028449E-002,-2.50553568744849714E-002) (  0.0000000000000000     ,  0.0000000000000000     ) ( 1.22822833408545759E-004, 5.22658993314210760E-005)
 (-4.06870469962172243E-002, 5.62034030654508174E-002) (  0.0000000000000000     ,  0.0000000000000000     ) (-1.87868301351153165E-003,-2.92248560209453900E-003)
 (-2.58471594921858873E-002,-9.35436002348588277E-005) (  0.0000000000000000     ,  0.0000000000000000     ) ( 4.92350539872841650E-004,-5.64627733016757156E-004)
 (-7.11026694764752172E-003,-4.60092136185499996E-005) (  0.0000000000000000     ,  0.0000000000000000     ) ( 6.05509821284474313E-005, 2.27912570401089977E-005)
 ( 1.51208299400334349E-003, 3.19739789341237576E-002) (  0.0000000000000000     ,  0.0000000000000000     ) (-2.81400420671174857E-003,-5.42916653908610911E-004)
 (-9.16891812771393477E-003, 4.06774809470132268E-003) (  0.0000000000000000     ,  0.0000000000000000     ) ( 3.46380847799396143E-007,-6.11356570975221279E-004)
 (-1.96706657233030420E-003, 7.87701505272353714E-004) (  0.0000000000000000     ,  0.0000000000000000     ) ( 5.07995485570194896E-005,-1.10564077968198386E-005)
 ( 1.39713051581659593E-002, 1.29425583582542247E-002) (  0.0000000000000000     ,  0.0000000000000000     ) (-2.08104986341323172E-003, 1.47536615359463211E-003)
 (-2.97676565585448371E-003, 4.41458398087479342E-003) (  0.0000000000000000     ,  0.0000000000000000     ) (-3.52687240375816602E-004,-3.89739530703526809E-004)
 (-3.76709491318341888E-004, 9.30073870320169893E-004) (  0.0000000000000000     ,  0.0000000000000000     ) ( 2.75907562441680211E-005,-3.62441673998389321E-005)
 ( 1.20569215348862186E-002, 5.61357896254992815E-004) (  0.0000000000000000     ,  0.0000000000000000     ) (-4.09638534350483820E-004, 2.31203980784868129E-003)
 ( 3.85680165311776265E-004, 3.53686069927806618E-003) (  0.0000000000000000     ,  0.0000000000000000     ) (-4.65985779119683894E-004,-3.21297719512587244E-005)
 (-1.26851008083777797E-004, 4.89254529149446647E-004) (  0.0000000000000000     ,  0.0000000000000000     ) (-2.00264645921011221E-006,-4.14961804160885803E-005)
 ( 4.64329864763770618E-003,-7.78400357772143694E-003) (  0.0000000000000000     ,  0.0000000000000000     ) ( 1.20111733871814839E-003, 1.79270765718497977E-003)
 ( 1.88999271051441386E-003, 3.29361176819611447E-003) (  0.0000000000000000     ,  0.0000000000000000     ) (-3.28794653465600245E-004, 2.81524827008268572E-004)
 ( 2.29127770468553951E-004,-5.76849212226229801E-004) (  0.0000000000000000     ,  0.0000000000000000     ) (-2.65041523885897966E-005,-2.63451353357582787E-005)
 (-1.23428593619598261E-003,-8.45036089316679125E-004) (  0.0000000000000000     ,  0.0000000000000000     ) ( 2.73735251976033294E-004,-2.02213850164958638E-004)
 ( 1.91095350072434026E-004, 8.26228681222961319E-004) (  0.0000000000000000     ,  0.0000000000000000     ) (-4.60823910861901355E-005,-5.34838370254078093E-005)
 ( 2.13348991738690984E-004,-3.12341370303039310E-006) (  0.0000000000000000     ,  0.0000000000000000     ) (-5.32025005654545259E-006, 4.28861928009051517E-006)
 ( 3.79438403437630913E-004,-9.09972794935288922E-004) (  0.0000000000000000     ,  0.0000000000000000     ) ( 3.52797177671956158E-004, 5.23724982446670135E-005)
 ( 6.41234871766120738E-004, 1.13501981473712382E-003) (  0.0000000000000000     ,  0.0000000000000000     ) ( 8.30922983968610339E-007,-7.22428855784290196E-005)
 (-1.54873763705998871E-005,-7.01813007503896915E-005) (  0.0000000000000000     ,  0.0000000000000000     ) (-5.69164493208126582E-006,-1.95584312886582907E-007)
 ( 1.70160400395119615E-003,-3.61617965278612200E-004) (  0.0000000000000000     ,  0.0000000000000000     ) ( 2.30373832036914489E-004, 3.02928422229397818E-004)
 ( 3.84761127004840738E-004,-1.98337758116542100E-004) (  0.0000000000000000     ,  0.0000000000000000     ) ( 5.56488087127656248E-005,-5.04692119151233827E-005)
 ( 1.42472506847826798E-004, 3.06434954691640210E-004) (  0.0000000000000000     ,  0.0000000000000000     ) (-5.21504567501298060E-006,-4.27576687789233038E-006)
 ( 2.17307372269472630E-003, 8.93652862461410572E-005) (  0.0000000000000000     ,  0.0000000000000000     ) (-4.30272456662974040E-005, 4.06540395987822496E-004)
 ( 3.94060317407258847E-004,-6.19849894702080768E-004) (  0.0000000000000000     ,  0.0000000000000000     ) ( 7.89355391525911051E-005, 2.32024201688486290E-006)
 ( 3.19369700229463183E-004, 3.56453397772462982E-004) (  0.0000000000000000     ,  0.0000000000000000     ) (-1.33153071457660466E-006,-6.70773969990974247E-006)
 ( 1.87367741277958007E-003, 1.66089125743838512E-003) (  0.0000000000000000     ,  0.0000000000000000     ) (-3.28794653465601979E-004, 2.81524827009049957E-004)
 ( 2.86556649411164098E-004,-7.59030257675117411E-004) (  0.0000000000000000     ,  0.0000000000000000     ) ( 6.16182785956569931E-005, 6.10925094211656823E-005)
 ( 1.91971633676721537E-004, 3.96484639925255046E-004) (  0.0000000000000000     ,  0.0000000000000000     ) ( 3.77764144336551519E-006,-6.02877682232127597E-006)
 ( 1.47440005598342900E-004, 3.31608330778547598E-003) (  0.0000000000000000     ,  0.0000000000000000     ) (-4.65985779119683894E-004,-3.21297719512587244E-005)
 ( 3.48324040181699664E-004,-5.70593750016223380E-004) (  0.0000000000000000     ,  0.0000000000000000     ) ( 6.80053769673954012E-006, 9.41924770157394174E-005)
 (-1.61374312246983122E-006, 1.64009768915073358E-004) (  0.0000000000000000     ,  0.0000000000000000     ) ( 7.19749222351447635E-006,-1.47942439372034207E-006)
 (-3.09386089449904074E-003, 4.42349663476221833E-003) (  0.0000000000000000     ,  0.0000000000000000     ) (-3.52687240375816602E-004,-3.89739530703526809E-004)
 ( 7.76370978178871204E-004, 9.82256991461150412E-005) (  0.0000000000000000     ,  0.0000000000000000     ) (-6.14403406375456579E-005, 8.15321299497809483E-005)
 (-3.99151126577133202E-004,-5.72346131634384476E-005) (  0.0000000000000000     ,  0.0000000000000000     ) ( 7.67729280404160192E-006, 3.98874344540030139E-006)
 (-9.20606574553714530E-003, 4.11771154081128164E-003) (  0.0000000000000000     ,  0.0000000000000000     ) ( 3.46380847799396143E-007,-6.11356570975221279E-004)
 ( 2.36368537361121957E-003, 1.45377271528371560E-003) (  0.0000000000000000     ,  0.0000000000000000     ) (-1.13744523950923068E-004, 2.62005114484193009E-005)
 (-7.85813063436907101E-004,-2.59533759132306438E-004) (  0.0000000000000000     ,  0.0000000000000000     ) ( 3.89020773544544472E-006, 7.92688442099378404E-006)
 (-2.58423956792697661E-002,-4.06898697256743966E-005) (  0.0000000000000000     ,  0.0000000000000000     ) ( 4.92350539872850432E-004,-5.64627733015164138E-004)
 ( 8.27588707297275891E-003, 6.50639277776216690E-003) (  0.0000000000000000     ,  0.0000000000000000     ) (-1.37245834697013390E-004,-5.18849790224603302E-005)
 (-2.60787147348911065E-003,-1.95549556258217119E-003) (  0.0000000000000000     ,  0.0000000000000000     ) ( 1.34575553992099001E-006, 9.40698651801185201E-006)
 (-0.11703938230329736     ,-5.76347392282977600E-002) (  0.0000000000000000     ,  0.0000000000000000     ) ( 1.16122084828200207E-003,-2.10442859397477907E-004)
 ( 4.57245596702487364E-002, 7.06470561823309834E-002) (  0.0000000000000000     ,  0.0000000000000000     ) (-2.48456912372543165E-004,-1.22677950580696532E-004)
 (-1.99405585687928814E-002,-3.37715026416424632E-002) (  0.0000000000000000     ,  0.0000000000000000     ) ( 5.69939469651503119E-005, 3.97444489058330035E-006)
 (-7.06435025915422072E-006,-2.99548619841764788E-006) (  0.0000000000000000     ,  0.0000000000000000     ) (  0.0000000000000000     ,  0.0000000000000000     )
 (-0.79336009374383087     , 0.54170474132992308     ) (  28.876873835844489     , -28.876873835844489     ) ( 2.30400040001401589E-003, 7.75770482325758036E-005)
 ( 1.97502236981002553E-006, 1.56556501456086374E-006) (  0.0000000000000000     ,  0.0000000000000000     ) (  0.0000000000000000     ,  0.0000000000000000     )
 ( 0.11703182405102933     , 5.76249151135010892E-002) (  0.0000000000000000     ,  0.0000000000000000     ) (-1.16122084828202744E-003, 2.10442859400752577E-004)
 ( 4.57169571034989827E-002, 7.06477441427959124E-002) (  0.0000000000000000     ,  0.0000000000000000     ) (-2.48456912372582847E-004,-1.22677950580696668E-004)
 ( 1.99420595992280507E-002, 3.37716330397121109E-002) (  0.0000000000000000     ,  0.0000000000000000     ) (-5.69939469651509692E-005,-3.97444489058323429E-006)
 ( 2.58554685598977770E-002, 2.82860619225310573E-005) (  0.0000000000000000     ,  0.0000000000000000     ) (-4.92350539873044070E-004, 5.64627733015708624E-004)
 ( 8.26229485159889372E-003, 6.50387838086489024E-003) (  0.0000000000000000     ,  0.0000000000000000     ) (-1.37245834697013525E-004,-5.18849790224602760E-005)
 ( 2.60713476016186064E-003, 1.95593370362384276E-003) (  0.0000000000000000     ,  0.0000000000000000     ) (-1.34575553992081128E-006,-9.40698651801183168E-006)
 ( 9.23800629361296380E-003,-4.12531982562494223E-003) (  0.0000000000000000     ,  0.0000000000000000     ) (-3.46380847799250612E-007, 6.11356570960592247E-004)
 ( 2.35307218219627575E-003, 1.44718373724792384E-003) (  0.0000000000000000     ,  0.0000000000000000     ) (-1.13744523950923068E-004, 2.62005114484193009E-005)
 ( 7.85887026753175066E-004, 2.58695821099074233E-004) (  0.0000000000000000     ,  0.0000000000000000     ) (-3.89020773544555906E-006,-7.92688442099379929E-006)
 ( 3.14417960829842073E-003,-4.37795301463300267E-003) (  0.0000000000000000     ,  0.0000000000000000     ) ( 3.52687240375818174E-004, 3.89739530703526863E-004)
 ( 7.89069405167047797E-004, 8.13222749178328479E-005) (  0.0000000000000000     ,  0.0000000000000000     ) (-6.14403406375456579E-005, 8.15321299497809483E-005)
 ( 3.95507613986557146E-004, 6.26324478628820811E-005) (  0.0000000000000000     ,  0.0000000000000000     ) (-7.67729280404185603E-006,-3.98874344540032257E-006)
 (-1.44370421080300323E-004,-3.12556986792879125E-003) (  0.0000000000000000     ,  0.0000000000000000     ) ( 4.65985779119684382E-004, 3.21297719533355678E-005)
 ( 4.24064875205478658E-004,-6.18940881815677234E-004) (  0.0000000000000000     ,  0.0000000000000000     ) ( 6.80053769673954012E-006, 9.41924770157394174E-005)
 (-2.06681671298042411E-005,-1.50524596372060104E-004) (  0.0000000000000000     ,  0.0000000000000000     ) (-7.19749222351474655E-006, 1.47942439372028362E-006)
 (-2.50061486042383371E-003,-1.20328157611507888E-003) (  0.0000000000000000     ,  0.0000000000000000     ) ( 3.28794653465600407E-004,-2.81524827009198980E-004)
 ( 7.65882880715009558E-004,-6.63050362056991256E-004) (  0.0000000000000000     ,  0.0000000000000000     ) ( 6.16182785956568982E-005, 6.10925094211657230E-005)
 (-3.68714786866488546E-004,-4.80799046427545906E-004) (  0.0000000000000000     ,  0.0000000000000000     ) (-3.77764144336537500E-006, 6.02877682232127597E-006)
 (-1.88188283146274108E-004,-4.39778107654758632E-004) (  0.0000000000000000     ,  0.0000000000000000     ) ( 1.92606890563786722E-005, 2.35918515257712765E-005)
 (-2.69712407116061371E-004, 4.40859700319699599E-005) (  0.0000000000000000     ,  0.0000000000000000     ) ( 5.32025005654492150E-006,-4.28861928009053719E-006)
 ( 6.20197671386416499E-005,-3.27092789756252438E-004) (  0.0000000000000000     ,  0.0000000000000000     ) ( 3.30619244695750059E-008,-3.60082716251151964E-008)
 (-3.16167600852394691E-005, 5.40860042272290698E-004) (  0.0000000000000000     ,  0.0000000000000000     ) (-2.98064919298549153E-006, 2.83310836858977606E-005)
 ( 1.34375917923123965E-005, 8.50412137034630620E-005) (  0.0000000000000000     ,  0.0000000000000000     ) ( 5.69164493208061022E-006, 1.95584312886572160E-007)
 (-7.11129777057668307E-005, 1.62420806962288041E-004) (  0.0000000000000000     ,  0.0000000000000000     ) (-1.00523715398372002E-007,-2.79857255827182480E-007)
 ( 9.89728262890853720E-005,-4.06358398335290698E-004) (  0.0000000000000000     ,  0.0000000000000000     ) (-2.46413868946037026E-005, 2.18907905533685792E-005)
 (-1.38012239763605203E-004,-3.03386045349144360E-004) (  0.0000000000000000     ,  0.0000000000000000     ) ( 5.21504567501245036E-006, 4.27576687789229650E-006)
 ( 1.43330278889043801E-004, 6.47182458509968815E-005) (  0.0000000000000000     ,  0.0000000000000000     ) (-6.16302573050178837E-008,-4.40707394680262540E-007)
 ( 3.75535944792977931E-004, 3.96312279153033571E-005) (  0.0000000000000000     ,  0.0000000000000000     ) (-3.52633843158845677E-005,-1.15428039227914471E-006)
 (-3.16683397815865865E-004,-3.56658842450568005E-004) (  0.0000000000000000     ,  0.0000000000000000     ) ( 1.33153071457649815E-006, 6.70773969990972299E-006)
 ( 4.21083709700169394E-004, 4.72930310025243962E-004) (  0.0000000000000000     ,  0.0000000000000000     ) (-9.79496219729731006E-007, 3.18653369015333999E-007)
 ( 8.09263762467006829E-005, 2.26058652860556479E-005) (  0.0000000000000000     ,  0.0000000000000000     ) (-2.65041523885900405E-005,-2.63451353357579127E-005)
 (-1.91969453926056144E-004,-3.99665869479729049E-004) (  0.0000000000000000     ,  0.0000000000000000     ) (-3.77764144336517129E-006, 6.02877682232125395E-006)
 ( 6.53444972058096898E-005,-2.80183710267051266E-004) (  0.0000000000000000     ,  0.0000000000000000     ) ( 8.45706937500328677E-007, 8.94044328377264247E-007)
 (-7.60508878420987686E-005, 5.63607842998746912E-004) (  0.0000000000000000     ,  0.0000000000000000     ) (-2.00264645921011221E-006,-4.14961804160885803E-005)
 ( 2.44838584244881759E-006,-1.63929668063584672E-004) (  0.0000000000000000     ,  0.0000000000000000     ) (-7.19749222351474655E-006, 1.47942439372028362E-006)
 (-1.84664651664774327E-004,-7.92179706384286248E-005) (  0.0000000000000000     ,  0.0000000000000000     ) ( 5.35177590167476517E-007, 4.63836121334098501E-007)
 (-3.57336319665876704E-004, 9.37998588076943370E-004) (  0.0000000000000000     ,  0.0000000000000000     ) ( 2.75907562441680211E-005,-3.62441673998389321E-005)
 ( 3.99151126665053270E-004, 5.72346131160614350E-005) (  0.0000000000000000     ,  0.0000000000000000     ) (-7.67729280404185603E-006,-3.98874344540032257E-006)
 (-3.41796831247723871E-004,-2.14544636890690222E-004) (  0.0000000000000000     ,  0.0000000000000000     ) ( 8.42363995292449580E-007, 3.14586817101537394E-007)
 (-1.95399135044313759E-003, 7.78804235591530245E-004) (  0.0000000000000000     ,  0.0000000000000000     ) ( 5.07995485570194896E-005,-1.10564077968198386E-005)
 ( 7.83885943505430584E-004, 2.57335425692532685E-004) (  0.0000000000000000     ,  0.0000000000000000     ) (-3.89020773544555906E-006,-7.92688442099379929E-006)
 (-2.43860888559850657E-004,-3.35904761192072957E-004) (  0.0000000000000000     ,  0.0000000000000000     ) ( 2.46320573726039332E-007, 3.34915934117719373E-007)
 (-7.10737809966367068E-003,-4.98709939033957917E-005) (  0.0000000000000000     ,  0.0000000000000000     ) ( 6.05509821284473161E-005, 2.27912570401090282E-005)
 ( 2.60552420619430741E-003, 1.95603217921704736E-003) (  0.0000000000000000     ,  0.0000000000000000     ) (-1.34575553992096777E-006,-9.40698651801183676E-006)
 (-1.03252259282364187E-003,-6.60960327525593602E-004) (  0.0000000000000000     ,  0.0000000000000000     ) ( 2.85756863976483022E-007,-2.32266987253381413E-007)
 (-4.26998356950241617E-002,-2.50573458139500271E-002) (  0.0000000000000000     ,  0.0000000000000000     ) ( 1.22822833408546897E-004, 5.22658993314210692E-005)
 ( 1.99407250478549902E-002, 3.37723362038992309E-002) (  0.0000000000000000     ,  0.0000000000000000     ) (-5.69939469651503999E-005,-3.97444489058322751E-006)
 (-9.62082945098682689E-003,-1.84435760936975703E-002) (  0.0000000000000000     ,  0.0000000000000000     ) ( 2.96771044894378615E-005,-1.23293204652911530E-006)
 ( 9.83668744849454657E-002, 5.63395822541413530E-002) (  0.0000000000000000     ,  0.0000000000000000     ) (-5.59003364713579623E-004,-1.53551209617555261E-005)
 ( 1.97502236981026481E-006, 1.56556501454617090E-006) (  0.0000000000000000     ,  0.0000000000000000     ) (  0.0000000000000000     ,  0.0000000000000000     )
 (-0.87030664742531294     , 0.45294882026181243     ) (  41.095471280805093     , -41.095471280805093     ) ( 1.27730814593763351E-003, 5.41577401345160836E-005)
 (-4.27113778831132301E-002,-2.50560467120298225E-002) (  0.0000000000000000     ,  0.0000000000000000     ) ( 1.22822833408546111E-004, 5.22658993314211641E-005)
 (-1.99378624165036725E-002,-3.37699884996419536E-002) (  0.0000000000000000     ,  0.0000000000000000     ) ( 5.69939469651508878E-005, 3.97444489058329951E-006)
 (-9.62112683936255930E-003,-1.84433222448416832E-002) (  0.0000000000000000     ,  0.0000000000000000     ) ( 2.96771044894378039E-005,-1.23293204652914601E-006)
 (-7.12590128436332588E-003,-5.50251304344259308E-005) (  0.0000000000000000     ,  0.0000000000000000     ) ( 6.05509821284473703E-005, 2.27912570401090146E-005)
 (-2.60653336714045201E-003,-1.95501227927784467E-003) (  0.0000000000000000     ,  0.0000000000000000     ) ( 1.34575553992086210E-006, 9.40698651801185031E-006)
 (-1.03115711606208984E-003,-6.61919561498128879E-004) (  0.0000000000000000     ,  0.0000000000000000     ) ( 2.85756863976424101E-007,-2.32266987253365108E-007)
 (-1.97150910476587239E-003, 7.65027491610017064E-004) (  0.0000000000000000     ,  0.0000000000000000     ) ( 5.07995485570125101E-005,-1.10564077968198674E-005)
 (-7.88693853004970619E-004,-2.54955312108576520E-004) (  0.0000000000000000     ,  0.0000000000000000     ) ( 3.89020773544544472E-006, 7.92688442099378404E-006)
 (-2.44267651272518009E-004,-3.36373786692034269E-004) (  0.0000000000000000     ,  0.0000000000000000     ) ( 2.46320573726039332E-007, 3.34915934117719373E-007)
 (-3.55216005944959960E-004, 9.09336046282801114E-004) (  0.0000000000000000     ,  0.0000000000000000     ) ( 2.75907562441680685E-005,-3.62441673998390677E-005)
 (-4.08507367842302635E-004,-5.39091313899713601E-005) (  0.0000000000000000     ,  0.0000000000000000     ) ( 7.67729280404160192E-006, 3.98874344540030139E-006)
 (-3.38806894813317662E-004,-2.14660435213595693E-004) (  0.0000000000000000     ,  0.0000000000000000     ) ( 8.42363995292449580E-007, 3.14586817101537394E-007)
 (-1.95640994856093404E-005, 5.10729949722428761E-004) (  0.0000000000000000     ,  0.0000000000000000     ) (-2.00264645921004106E-006,-4.14961804160885600E-005)
 (-3.06263333561866908E-005, 1.58740994958621312E-004) (  0.0000000000000000     ,  0.0000000000000000     ) ( 7.19749222351447635E-006,-1.47942439372034207E-006)
 (-1.76761786285378438E-004,-7.66833770381416315E-005) (  0.0000000000000000     ,  0.0000000000000000     ) ( 5.35177590167476517E-007, 4.63836121334098501E-007)
 ( 3.92728157298180081E-004,-3.00818360154041470E-005) (  0.0000000000000000     ,  0.0000000000000000     ) (-2.65041523885898610E-005,-2.63451353357582583E-005)
 ( 1.92600664756589638E-005, 3.06464345787733732E-004) (  0.0000000000000000     ,  0.0000000000000000     ) ( 3.77764144336572186E-006,-6.02877682232129291E-006)
 ( 1.38081286072791725E-004,-2.34331158616167838E-004) (  0.0000000000000000     ,  0.0000000000000000     ) ( 8.45706937500109719E-007, 8.94044328377263188E-007)
 ( 2.19030216019784250E-004, 3.02799478141638602E-003) (  0.0000000000000000     ,  0.0000000000000000     ) (-1.57193536690994275E-003,-3.72339990464199766E-004)
 ( 1.53806814801628246E-003, 1.21096484589425804E-004) (  0.0000000000000000     ,  0.0000000000000000     ) (-5.18236500967015229E-005, 3.26708585958612947E-004)
 (-4.49789098064543451E-006,-9.78393439783122065E-005) (  0.0000000000000000     ,  0.0000000000000000     ) ( 2.79229369245709074E-005, 3.79640111743603637E-006)
 (-3.09450452845290739E-003, 1.73255002497698296E-003) (  0.0000000000000000     ,  0.0000000000000000     ) (-9.21437224685846745E-004,-1.45574737113272228E-003)
 ( 1.19649819823065915E-003, 1.09506994400796116E-003) (  0.0000000000000000     ,  0.0000000000000000     ) (-2.73735251976033511E-004, 2.02213850164213466E-004)
 (-2.18298148738327633E-004,-4.91630488679232341E-004) (  0.0000000000000000     ,  0.0000000000000000     ) ( 1.92606890563786959E-005, 2.35918515257712731E-005)
 (-3.73859148394664609E-003,-6.22056226174173040E-005) (  0.0000000000000000     ,  0.0000000000000000     ) ( 3.47302071175228000E-004,-1.77342026295858606E-003)
 (-2.93672630562886766E-004, 9.54354875670082809E-004) (  0.0000000000000000     ,  0.0000000000000000     ) (-3.52797177671952092E-004,-5.23724982446664713E-005)
 (-4.40360744485810448E-005, 5.40669791371333288E-004) (  0.0000000000000000     ,  0.0000000000000000     ) (-2.98064919298562028E-006, 2.83310836858897070E-005)
 (-4.50954417034270597E-003,-4.40715441554862235E-003) (  0.0000000000000000     ,  0.0000000000000000     ) ( 1.55055707945597407E-003,-1.05351660681256266E-003)
 (-1.68342076695468675E-003, 3.40021890533797721E-004) (  0.0000000000000000     ,  0.0000000000000000     ) (-2.30373832036915303E-004,-3.02928422229393698E-004)
 ( 9.69662150105554546E-005,-3.99196021914140361E-004) (  0.0000000000000000     ,  0.0000000000000000     ) (-2.46413868946036992E-005, 2.18907905533532513E-005)
 ( 3.76045776144321212E-004,-6.87820366451473170E-003) (  0.0000000000000000     ,  0.0000000000000000     ) ( 1.94409520943394074E-003, 3.88810353078501291E-004)
 (-2.17692344334434245E-003,-1.29465544871013076E-004) (  0.0000000000000000     ,  0.0000000000000000     ) ( 4.30272456662972888E-005,-4.06540395970024233E-004)
 ( 3.80748110467697687E-004, 4.30115945736318846E-005) (  0.0000000000000000     ,  0.0000000000000000     ) (-3.52633843158845202E-005,-1.15428039227915128E-006)
 ( 6.63609752561230073E-003,-6.13238372709945436E-003) (  0.0000000000000000     ,  0.0000000000000000     ) ( 1.20111733871814839E-003, 1.79270765718497977E-003)
 (-1.87264607663735223E-003,-1.68686365103271410E-003) (  0.0000000000000000     ,  0.0000000000000000     ) ( 3.28794653465600407E-004,-2.81524827009198980E-004)
 ( 7.57491181549278813E-005, 2.42390736511301635E-005) (  0.0000000000000000     ,  0.0000000000000000     ) (-2.65041523885898610E-005,-2.63451353357582583E-005)
 ( 1.26988583744713571E-002, 3.86463880928496412E-004) (  0.0000000000000000     ,  0.0000000000000000     ) (-4.09638534350483820E-004, 2.31203980784868129E-003)
 (-1.47440005443707860E-004,-3.31608330793142694E-003) (  0.0000000000000000     ,  0.0000000000000000     ) ( 4.65985779119684382E-004, 3.21297719533355678E-005)
 (-7.60508878424720188E-005, 5.63607843037019791E-004) (  0.0000000000000000     ,  0.0000000000000000     ) (-2.00264645921004106E-006,-4.14961804160885600E-005)
 ( 1.40222713951315865E-002, 1.26536742940384413E-002) (  0.0000000000000000     ,  0.0000000000000000     ) (-2.08104986341324559E-003, 1.47536615359540840E-003)
 ( 3.07476922824868231E-003,-4.40353015168926110E-003) (  0.0000000000000000     ,  0.0000000000000000     ) ( 3.52687240375814651E-004, 3.89739530703527026E-004)
 (-3.52492935989163439E-004, 9.38822940861486449E-004) (  0.0000000000000000     ,  0.0000000000000000     ) ( 2.75907562441833016E-005,-3.62441673998390202E-005)
 ( 1.38006667452201517E-003, 3.17604428084356169E-002) (  0.0000000000000000     ,  0.0000000000000000     ) (-2.81400420671174857E-003,-5.42916653908610911E-004)
 ( 9.17751884977712276E-003,-4.09031262301699176E-003) (  0.0000000000000000     ,  0.0000000000000000     ) (-3.46380847799250612E-007, 6.11356570960592247E-004)
 (-1.95994318992233265E-003, 7.71111581695935015E-004) (  0.0000000000000000     ,  0.0000000000000000     ) ( 5.07995485570125101E-005,-1.10564077968198674E-005)
 (-4.07825766897258676E-002, 5.61021423653262005E-002) (  0.0000000000000000     ,  0.0000000000000000     ) (-1.87868301351154596E-003,-2.92248560209448782E-003)
 ( 2.58271537188506511E-002, 6.57703948759946435E-005) (  0.0000000000000000     ,  0.0000000000000000     ) (-4.92350539873053503E-004, 5.64627733011557431E-004)
 (-7.11735975236970405E-003,-5.23994217217418827E-005) (  0.0000000000000000     ,  0.0000000000000000     ) ( 6.05509821284473161E-005, 2.27912570401090282E-005)
 (-0.23103300750032868     , 6.39417306874190544E-002) (  0.0000000000000000     ,  0.0000000000000000     ) ( 1.24393459784797765E-003,-4.51218720000040683E-003)
 ( 0.11703182405102941     , 5.76249151135012280E-002) (  0.0000000000000000     ,  0.0000000000000000     ) (-1.16122084828202744E-003, 2.10442859400752577E-004)
 (-4.27113778831132718E-002,-2.50560467120298606E-002) (  0.0000000000000000     ,  0.0000000000000000     ) ( 1.22822833408546111E-004, 5.22658993314211641E-005)
 (-0.46147010066676353     , 9.56282344879957305E-004) (  21.493243746966318     ,  0.0000000000000000     ) ( 6.33806623393979880E-003,-4.69924738949337780E-003)
 ( 1.56314019695111503E-005,-3.96480744898912828E-005) (  0.0000000000000000     ,  0.0000000000000000     ) (  0.0000000000000000     ,  0.0000000000000000     )
 ( 9.83641570657820541E-002, 5.63427605475938648E-002) (  0.0000000000000000     ,  0.0000000000000000     ) (-5.59003364713579623E-004,-1.53551209617553940E-005)
 (-0.23102040876265323     , 6.41490640980198756E-002) (  0.0000000000000000     ,  0.0000000000000000     ) ( 1.24393459784797765E-003,-4.51218720000040683E-003)
 (-0.11699232416233558     ,-5.76755407744616658E-002) (  0.0000000000000000     ,  0.0000000000000000     ) ( 1.16122084828202787E-003,-2.10442859397939804E-004)
 (-4.27076109556273550E-002,-2.50532231915589175E-002) (  0.0000000000000000     ,  0.0000000000000000     ) ( 1.22822833408545759E-004, 5.22658993314210760E-005)
 (-4.08566521468073721E-002, 5.64460363972932311E-002) (  0.0000000000000000     ,  0.0000000000000000     ) (-1.87868301351153165E-003,-2.92248560209451861E-003)
 (-2.57709821897280505E-002,-4.65836703309056627E-005) (  0.0000000000000000     ,  0.0000000000000000     ) ( 4.92350539872850432E-004,-5.64627733015164138E-004)
 (-7.12408549006678538E-003,-5.17110558710761914E-005) (  0.0000000000000000     ,  0.0000000000000000     ) ( 6.05509821284473161E-005, 2.27912570401090282E-005)
 ( 1.05401235635064279E-003, 3.19896343840368746E-002) (  0.0000000000000000     ,  0.0000000000000000     ) (-2.81400420671174944E-003,-5.42916653930784906E-004)
 (-9.10720159674527872E-003, 4.21588136464405745E-003) (  0.0000000000000000     ,  0.0000000000000000     ) ( 3.46380847799483069E-007,-6.11356570967973496E-004)
 (-1.97495176778300164E-003, 7.54487517207960354E-004) (  0.0000000000000000     ,  0.0000000000000000     ) ( 5.07995485570168266E-005,-1.10564077968198877E-005)
 ( 1.31855813726984260E-002, 1.21596235928991721E-002) (  0.0000000000000000     ,  0.0000000000000000     ) (-2.08104986341324559E-003, 1.47536615359540840E-003)
 (-3.07632482268639261E-003, 4.86482108868451901E-003) (  0.0000000000000000     ,  0.0000000000000000     ) (-3.52687240375815572E-004,-3.89739530703527026E-004)
 (-3.39125078719269293E-004, 8.08933473944370039E-004) (  0.0000000000000000     ,  0.0000000000000000     ) ( 2.75907562441830475E-005,-3.62441673998390270E-005)
 ( 1.22874592926970651E-002,-3.30047365723425221E-003) (  0.0000000000000000     ,  0.0000000000000000     ) (-4.09638534350483820E-004, 2.31203980784868259E-003)
 (-1.38028255586572848E-003, 4.95239253154203165E-003) (  0.0000000000000000     ,  0.0000000000000000     ) (-4.65985779119557368E-004,-3.21297719503959298E-005)
 ( 6.26957445310507471E-004, 8.78621136088570970E-005) (  0.0000000000000000     ,  0.0000000000000000     ) (-2.00264645921007282E-006,-4.14961804160884380E-005)
 (-9.18620892318570362E-004, 1.80073017993702118E-004) (  0.0000000000000000     ,  0.0000000000000000     ) ( 5.18236500967013942E-005,-3.26708585958541281E-004)
 (-4.64736453715074995E-004, 1.06656087079312433E-004) (  0.0000000000000000     ,  0.0000000000000000     ) (-6.22850863360273208E-005,-7.79332324941471278E-006)
 (-1.06283262681729259E-004, 3.58841383501308172E-004) (  0.0000000000000000     ,  0.0000000000000000     ) (-7.05182834936297331E-007, 5.50819346780739029E-006)
 (-1.01580112212164373E-003,-1.13158023082108130E-003) (  0.0000000000000000     ,  0.0000000000000000     ) ( 2.73735251976033294E-004,-2.02213850164958638E-004)
 ( 3.73386569100029220E-004, 8.17121459114519594E-004) (  0.0000000000000000     ,  0.0000000000000000     ) (-4.60823910861901355E-005,-5.34838370254078093E-005)
 ( 2.73929311555981818E-004, 4.89885591551879251E-006) (  0.0000000000000000     ,  0.0000000000000000     ) (-5.32025005654545259E-006, 4.28861928009051517E-006)
 ( 3.56667425041862619E-004,-1.03427811859141817E-003) (  0.0000000000000000     ,  0.0000000000000000     ) ( 3.52797177671952363E-004, 5.23724982446662681E-005)
 ( 6.71922562620944769E-004, 1.10381697935896684E-003) (  0.0000000000000000     ,  0.0000000000000000     ) ( 8.30922983968473755E-007,-7.22428855784292635E-005)
 (-6.36221387799408135E-006,-7.76488912870509310E-005) (  0.0000000000000000     ,  0.0000000000000000     ) (-5.69164493208083807E-006,-1.95584312886583066E-007)
 ( 1.66874005959959538E-003,-4.05273285159783259E-004) (  0.0000000000000000     ,  0.0000000000000000     ) ( 2.30373832036914489E-004, 3.02928422229397818E-004)
 ( 3.94312618764723502E-004,-2.08950664611322014E-004) (  0.0000000000000000     ,  0.0000000000000000     ) ( 5.56488087127656248E-005,-5.04692119151233827E-005)
 ( 1.44023112909087800E-004, 3.03732978711663496E-004) (  0.0000000000000000     ,  0.0000000000000000     ) (-5.21504567501298060E-006,-4.27576687789233038E-006)
 ( 2.15416454257955558E-003, 9.48673468479377933E-005) (  0.0000000000000000     ,  0.0000000000000000     ) (-4.30272456662974040E-005, 4.06540395987822496E-004)
 ( 3.89251718604835973E-004,-6.28892686821318496E-004) (  0.0000000000000000     ,  0.0000000000000000     ) ( 7.89355391525911051E-005, 2.32024201688486290E-006)
 ( 3.18332625972216608E-004, 3.53546901674275384E-004) (  0.0000000000000000     ,  0.0000000000000000     ) (-1.33153071457660466E-006,-6.70773969990974247E-006)
 ( 1.87264607645464551E-003, 1.68686365157078781E-003) (  0.0000000000000000     ,  0.0000000000000000     ) (-3.28794653465600245E-004, 2.81524827008268572E-004)
 ( 2.81465579735408499E-004,-7.66573775240929930E-004) (  0.0000000000000000     ,  0.0000000000000000     ) ( 6.16182785956568982E-005, 6.10925094211657230E-005)
 ( 1.91416931918730741E-004, 4.00280784653224214E-004) (  0.0000000000000000     ,  0.0000000000000000     ) ( 3.77764144336572186E-006,-6.02877682232129291E-006)
 ( 1.47523049028609640E-004, 3.34549329305650848E-003) (  0.0000000000000000     ,  0.0000000000000000     ) (-4.65985779119683894E-004,-3.21297719512587244E-005)
 ( 3.48324040235636228E-004,-5.70593750099522307E-004) (  0.0000000000000000     ,  0.0000000000000000     ) ( 6.80053769673954012E-006, 9.41924770157394174E-005)
 (-2.44838580908295990E-006, 1.63929668050118773E-004) (  0.0000000000000000     ,  0.0000000000000000     ) ( 7.19749222351447635E-006,-1.47942439372034207E-006)
 (-3.09598639960457405E-003, 4.44140837724011240E-003) (  0.0000000000000000     ,  0.0000000000000000     ) (-3.52687240375815572E-004,-3.89739530703527026E-004)
 ( 7.77665545822938038E-004, 1.08161142237932434E-004) (  0.0000000000000000     ,  0.0000000000000000     ) (-6.14403406375478399E-005, 8.15321299497807450E-005)
 (-3.99729980226836096E-004,-5.87423043402450230E-005) (  0.0000000000000000     ,  0.0000000000000000     ) ( 7.67729280404142574E-006, 3.98874344540029377E-006)
 (-9.21334967816434675E-003, 4.12250163502231315E-003) (  0.0000000000000000     ,  0.0000000000000000     ) ( 3.46380847799396143E-007,-6.11356570975221279E-004)
 ( 2.36315788313097488E-003, 1.46370828420045894E-003) (  0.0000000000000000     ,  0.0000000000000000     ) (-1.13744523950923068E-004, 2.62005114484193009E-005)
 (-7.86948124046901319E-004,-2.57304381928955396E-004) (  0.0000000000000000     ,  0.0000000000000000     ) ( 3.89020773544544472E-006, 7.92688442099378404E-006)
 (-2.58616979588399860E-002,-6.23086131245834259E-005) (  0.0000000000000000     ,  0.0000000000000000     ) ( 4.92350539872834819E-004,-5.64627733016494129E-004)
 ( 8.27273533204868697E-003, 6.51124365191074490E-003) (  0.0000000000000000     ,  0.0000000000000000     ) (-1.37245834697013281E-004,-5.18849790224602963E-005)
 (-2.60764768386644074E-003,-1.95658713099624779E-003) (  0.0000000000000000     ,  0.0000000000000000     ) ( 1.34575553992089217E-006, 9.40698651801184354E-006)
 (-0.11704379590166972     ,-5.76712394672444090E-002) (  0.0000000000000000     ,  0.0000000000000000     ) ( 1.16122084828202787E-003,-2.10442859397939804E-004)
 ( 4.57169571034991007E-002, 7.06477441427959540E-002) (  0.0000000000000000     ,  0.0000000000000000     ) (-2.48456912372582847E-004,-1.22677950580696668E-004)
 (-1.99378624165037557E-002,-3.37699884996419675E-002) (  0.0000000000000000     ,  0.0000000000000000     ) ( 5.69939469651508878E-005, 3.97444489058329951E-006)
 ( 1.56314019695880677E-005,-3.96480744900148344E-005) (  0.0000000000000000     ,  0.0000000000000000     ) (  0.0000000000000000     ,  0.0000000000000000     )
 (-0.79336964283205591     , 0.54169581299454750     ) (  28.876873835844489     , -28.876873835844489     ) ( 2.30400040001401589E-003, 7.75770482325758036E-005)
 ( 3.85404440435388740E-006, 2.01890342771181949E-006) (  0.0000000000000000     ,  0.0000000000000000     ) (  0.0000000000000000     ,  0.0000000000000000     )
 ( 0.11708494316949508     , 5.76196546291911915E-002) (  0.0000000000000000     ,  0.0000000000000000     ) (-1.16122084828202744E-003, 2.10442859400752577E-004)
 ( 4.57122377592419221E-002, 7.06281972338964475E-002) (  0.0000000000000000     ,  0.0000000000000000     ) (-2.48456912372582847E-004,-1.22677950580696668E-004)
 ( 1.99396904650520311E-002, 3.37736994633216076E-002) (  0.0000000000000000     ,  0.0000000000000000     ) (-5.69939469651509692E-005,-3.97444489058323429E-006)
 ( 2.59249491929390424E-002, 8.24426277213332947E-005) (  0.0000000000000000     ,  0.0000000000000000     ) (-4.92350539873035939E-004, 5.64627733014926156E-004)
 ( 8.27376635808809921E-003, 6.48016095737040301E-003) (  0.0000000000000000     ,  0.0000000000000000     ) (-1.37245834697013390E-004,-5.18849790224603302E-005)
 ( 2.60578078097431151E-003, 1.96014170963131756E-003) (  0.0000000000000000     ,  0.0000000000000000     ) (-1.34575553992096777E-006,-9.40698651801183676E-006)
 ( 9.24979457430175414E-003,-3.97306376549138533E-003) (  0.0000000000000000     ,  0.0000000000000000     ) (-3.46380847799526427E-007, 6.11356570965491432E-004)
 ( 2.40180006977050789E-003, 1.42748920306730504E-003) (  0.0000000000000000     ,  0.0000000000000000     ) (-1.13744523950894716E-004, 2.62005114484192738E-005)
 ( 7.75267448003728681E-004, 2.61448459441517120E-004) (  0.0000000000000000     ,  0.0000000000000000     ) (-3.89020773544565901E-006,-7.92688442099379929E-006)
 ( 2.92652791079849907E-003,-4.11540197780870236E-003) (  0.0000000000000000     ,  0.0000000000000000     ) ( 3.52687240375814651E-004, 3.89739530703527026E-004)
 ( 9.27745567503230392E-004, 1.01251340907830011E-004) (  0.0000000000000000     ,  0.0000000000000000     ) (-6.14403406375478399E-005, 8.15321299497807450E-005)
 ( 3.57465253958768789E-004, 5.43855721519386558E-005) (  0.0000000000000000     ,  0.0000000000000000     ) (-7.67729280404165952E-006,-3.98874344540031833E-006)
 (-1.37300023894092356E-003,-3.09582540287484109E-003) (  0.0000000000000000     ,  0.0000000000000000     ) ( 4.65985779119557368E-004, 3.21297719539025242E-005)
 ( 9.33775072024378401E-004,-9.84892407422330047E-005) (  0.0000000000000000     ,  0.0000000000000000     ) ( 6.80053769674022029E-006, 9.41924770157393496E-005)
 (-1.81403036545098014E-004,-3.81701360723513963E-004) (  0.0000000000000000     ,  0.0000000000000000     ) (-7.19749222351458815E-006, 1.47942439372016419E-006)
 (-2.55851573809554898E-005,-2.32160711663770272E-005) (  0.0000000000000000     ,  0.0000000000000000     ) ( 2.79229369245708803E-005, 3.79640111743603256E-006)
 ( 7.14995351740561408E-005,-2.00251648433439461E-004) (  0.0000000000000000     ,  0.0000000000000000     ) ( 7.05182834936258791E-007,-5.50819346780740130E-006)
 ( 1.36770278196642731E-004, 5.26011003350318513E-006) (  0.0000000000000000     ,  0.0000000000000000     ) (-6.79349742515000395E-007, 1.36220247246062615E-008)
 (-1.76028819330128241E-004,-4.87885464554166425E-004) (  0.0000000000000000     ,  0.0000000000000000     ) ( 1.92606890563786722E-005, 2.35918515257712765E-005)
 (-2.56542761801683921E-004, 2.59116206275360403E-005) (  0.0000000000000000     ,  0.0000000000000000     ) ( 5.32025005654492150E-006,-4.28861928009053719E-006)
 ( 6.48159570776848270E-005,-3.36271868634695605E-004) (  0.0000000000000000     ,  0.0000000000000000     ) ( 3.30619244695750059E-008,-3.60082716251151964E-008)
 (-3.12807906113699157E-005, 5.24256471690105557E-004) (  0.0000000000000000     ,  0.0000000000000000     ) (-2.98064919298567237E-006, 2.83310836858896901E-005)
 ( 1.82314886007600325E-005, 8.21650884946279635E-005) (  0.0000000000000000     ,  0.0000000000000000     ) ( 5.69164493208019348E-006, 1.95584312886565755E-007)
 (-7.01410597542345921E-005, 1.61465332523520478E-004) (  0.0000000000000000     ,  0.0000000000000000     ) (-1.00523715397916034E-007,-2.79857255827165221E-007)
 ( 9.36523167326611664E-005,-4.11788624081604762E-004) (  0.0000000000000000     ,  0.0000000000000000     ) (-2.46413868946037026E-005, 2.18907905533685792E-005)
 (-1.37493638545836493E-004,-3.05891943625278694E-004) (  0.0000000000000000     ,  0.0000000000000000     ) ( 5.21504567501245036E-006, 4.27576687789229650E-006)
 ( 1.43423556199373422E-004, 6.42537297424307179E-005) (  0.0000000000000000     ,  0.0000000000000000     ) (-6.16302573050178837E-008,-4.40707394680262540E-007)
 ( 3.68229025559938634E-004, 3.84002474562783534E-005) (  0.0000000000000000     ,  0.0000000000000000     ) (-3.52633843158845677E-005,-1.15428039227914471E-006)
 (-3.16288407711526993E-004,-3.58336052104602648E-004) (  0.0000000000000000     ,  0.0000000000000000     ) ( 1.33153071457649815E-006, 6.70773969990972299E-006)
 ( 4.21136903896197976E-004, 4.72748495956945049E-004) (  0.0000000000000000     ,  0.0000000000000000     ) (-9.79496219729731006E-007, 3.18653369015333999E-007)
 ( 7.57491181577588958E-005, 2.42390736997123413E-005) (  0.0000000000000000     ,  0.0000000000000000     ) (-2.65041523885897966E-005,-2.63451353357582787E-005)
 (-1.91416932018655502E-004,-4.00280784595235715E-004) (  0.0000000000000000     ,  0.0000000000000000     ) (-3.77764144336537500E-006, 6.02877682232127597E-006)
 ( 6.40454627524939175E-005,-2.80569892157635247E-004) (  0.0000000000000000     ,  0.0000000000000000     ) ( 8.45706937500109719E-007, 8.94044328377263188E-007)
 (-7.70316151112385031E-005, 5.64349341312892459E-004) (  0.0000000000000000     ,  0.0000000000000000     ) (-2.00264645921011221E-006,-4.14961804160885803E-005)
 ( 1.61374316005897612E-006,-1.64009768930235627E-004) (  0.0000000000000000     ,  0.0000000000000000     ) (-7.19749222351474655E-006, 1.47942439372028362E-006)
 (-1.84664651661927781E-004,-7.92179706435663743E-005) (  0.0000000000000000     ,  0.0000000000000000     ) ( 5.35177590167476517E-007, 4.63836121334098501E-007)
 (-3.55150359793056066E-004, 9.38515506465670193E-004) (  0.0000000000000000     ,  0.0000000000000000     ) ( 2.75907562441830475E-005,-3.62441673998390270E-005)
 ( 3.97501585525867024E-004, 5.62273223394074400E-005) (  0.0000000000000000     ,  0.0000000000000000     ) (-7.67729280404165952E-006,-3.98874344540031833E-006)
 (-3.41496452877039416E-004,-2.14362384674613430E-004) (  0.0000000000000000     ,  0.0000000000000000     ) ( 8.42363995292624810E-007, 3.14586817101552217E-007)
 (-1.95110579129953248E-003, 7.78783518373249830E-004) (  0.0000000000000000     ,  0.0000000000000000     ) ( 5.07995485570194896E-005,-1.10564077968198386E-005)
 ( 7.83029717636294547E-004, 2.56495995493956667E-004) (  0.0000000000000000     ,  0.0000000000000000     ) (-3.89020773544555906E-006,-7.92688442099379929E-006)
 (-2.43786485590335723E-004,-3.36083950443760303E-004) (  0.0000000000000000     ,  0.0000000000000000     ) ( 2.46320573726039332E-007, 3.34915934117719373E-007)
 (-7.10314472340111899E-003,-4.93799322254809825E-005) (  0.0000000000000000     ,  0.0000000000000000     ) ( 6.05509821284473500E-005, 2.27912570401090113E-005)
 ( 2.60586588564626137E-003, 1.95547053664883817E-003) (  0.0000000000000000     ,  0.0000000000000000     ) (-1.34575553992083076E-006,-9.40698651801182829E-006)
 (-1.03255503100984974E-003,-6.60920425603474834E-004) (  0.0000000000000000     ,  0.0000000000000000     ) ( 2.85756863976466293E-007,-2.32266987253376543E-007)
 (-4.26984121767027477E-002,-2.50553568744851067E-002) (  0.0000000000000000     ,  0.0000000000000000     ) ( 1.22822833408545759E-004, 5.22658993314210760E-005)
 ( 1.99420595992280125E-002, 3.37716330397121595E-002) (  0.0000000000000000     ,  0.0000000000000000     ) (-5.69939469651509692E-005,-3.97444489058323429E-006)
 (-9.62112683936252461E-003,-1.84433222448417283E-002) (  0.0000000000000000     ,  0.0000000000000000     ) ( 2.96771044894378039E-005,-1.23293204652914601E-006)
 ( 9.83641570657819847E-002, 5.63427605475940660E-002) (  0.0000000000000000     ,  0.0000000000000000     ) (-5.59003364713579623E-004,-1.53551209617555261E-005)
 ( 3.85404440434030269E-006, 2.01890342769915126E-006) (  0.0000000000000000     ,  0.0000000000000000     ) (  0.0000000000000000     ,  0.0000000000000000     )
 (-0.87030677738196871     , 0.45294865670090539     ) (  41.095471280805093     , -41.095471280805093     ) ( 1.27730814593763351E-003, 5.41577401345160836E-005)
 (-4.27185391877502041E-002,-2.50542055435726690E-002) (  0.0000000000000000     ,  0.0000000000000000     ) ( 1.22822833408546111E-004, 5.22658993314211641E-005)
 (-1.99359397027517003E-002,-3.37682851703353104E-002) (  0.0000000000000000     ,  0.0000000000000000     ) ( 5.69939469651508878E-005, 3.97444489058329951E-006)
 (-9.62117754080235067E-003,-1.84434403381655912E-002) (  0.0000000000000000     ,  0.0000000000000000     ) ( 2.96771044894378039E-005,-1.23293204652914601E-006)
 (-7.13629327064640041E-003,-5.85427877865969524E-005) (  0.0000000000000000     ,  0.0000000000000000     ) ( 6.05509821284473229E-005, 2.27912570401090519E-005)
 (-2.60688120207929353E-003,-1.95205911030083760E-003) (  0.0000000000000000     ,  0.0000000000000000     ) ( 1.34575553992099001E-006, 9.40698651801185201E-006)
 (-1.03110842733106440E-003,-6.62780018494568365E-004) (  0.0000000000000000     ,  0.0000000000000000     ) ( 2.85756863976483022E-007,-2.32266987253381413E-007)
 (-1.97762016721246027E-003, 7.46925342997604449E-004) (  0.0000000000000000     ,  0.0000000000000000     ) ( 5.07995485570099148E-005,-1.10564077968199013E-005)
 (-7.93779881104830797E-004,-2.50496245221865717E-004) (  0.0000000000000000     ,  0.0000000000000000     ) ( 3.89020773544552603E-006, 7.92688442099379082E-006)
 (-2.42935481273124710E-004,-3.37423202395927002E-004) (  0.0000000000000000     ,  0.0000000000000000     ) ( 2.46320573726040550E-007, 3.34915934117730120E-007)
 (-3.34456578286383254E-004, 8.66631426567858378E-004) (  0.0000000000000000     ,  0.0000000000000000     ) ( 2.75907562441833016E-005,-3.62441673998390202E-005)
 (-4.28815657072075603E-004,-4.94648914220801531E-005) (  0.0000000000000000     ,  0.0000000000000000     ) ( 7.67729280404142574E-006, 3.98874344540029377E-006)
 (-3.33110878611445494E-004,-2.15435847320083387E-004) (  0.0000000000000000     ,  0.0000000000000000     ) ( 8.42363995292624810E-007, 3.14586817101552217E-007)
 ( 1.60158421348909654E-004, 4.42446721900257819E-004) (  0.0000000000000000     ,  0.0000000000000000     ) (-2.00264645921006689E-006,-4.14961804160884787E-005)
 (-1.37922889945602385E-004, 1.18504367469226586E-004) (  0.0000000000000000     ,  0.0000000000000000     ) ( 7.19749222351435268E-006,-1.47942439372020061E-006)
 (-1.36135694489770715E-004,-5.63492689206037474E-005) (  0.0000000000000000     ,  0.0000000000000000     ) ( 5.35177590167116634E-007, 4.63836121334084049E-007)
 ( 2.89445929901305504E-003, 1.23402876839766437E-003) (  0.0000000000000000     ,  0.0000000000000000     ) (-1.31069642483873979E-003, 8.33277347499296263E-004)
 ( 1.21421202340067256E-003,-5.71360794760722326E-004) (  0.0000000000000000     ,  0.0000000000000000     ) ( 1.77690915779922152E-004, 2.64143186196687566E-004)
 ( 5.62138806101699392E-004, 9.13073337289579544E-004) (  0.0000000000000000     ,  0.0000000000000000     ) ( 1.81003850937512153E-005,-1.71629263676459457E-005)
 (-1.07723476796975619E-003, 3.10391499425943275E-003) (  0.0000000000000000     ,  0.0000000000000000     ) (-1.57193536690994275E-003,-3.72339990464199766E-004)
 ( 9.90355131592902211E-004,-4.50307137132219910E-004) (  0.0000000000000000     ,  0.0000000000000000     ) (-5.18236500967015229E-005, 3.26708585958612947E-004)
 (-1.81461996901362570E-004,-3.62046506891630540E-004) (  0.0000000000000000     ,  0.0000000000000000     ) ( 2.79229369245709074E-005, 3.79640111743603637E-006)
 (-3.26434989963495046E-003, 2.03701844430969128E-003) (  0.0000000000000000     ,  0.0000000000000000     ) (-9.21437224686238792E-004,-1.45574737113278517E-003)
 ( 1.06952999500227290E-003, 1.07912494075179839E-003) (  0.0000000000000000     ,  0.0000000000000000     ) (-2.73735251976037143E-004, 2.02213850165758536E-004)
 (-2.54964761304045081E-004,-4.98705333230088600E-004) (  0.0000000000000000     ,  0.0000000000000000     ) ( 1.92606890563787637E-005, 2.35918515257712934E-005)
 (-3.71074391550040104E-003, 1.68870199726510776E-004) (  0.0000000000000000     ,  0.0000000000000000     ) ( 3.47302071175228000E-004,-1.77342026295858606E-003)
 (-3.74887152738333988E-004, 9.68779467791275242E-004) (  0.0000000000000000     ,  0.0000000000000000     ) (-3.52797177671952092E-004,-5.23724982446664713E-005)
 (-5.70303737134272368E-005, 5.42653622102864486E-004) (  0.0000000000000000     ,  0.0000000000000000     ) (-2.98064919298562028E-006, 2.83310836858897070E-005)
 (-4.47182386440240359E-003,-4.30873913399825066E-003) (  0.0000000000000000     ,  0.0000000000000000     ) ( 1.55055707945597277E-003,-1.05351660681256287E-003)
 (-1.68716596677268927E-003, 3.59994755959897636E-004) (  0.0000000000000000     ,  0.0000000000000000     ) (-2.30373832036914571E-004,-3.02928422229396463E-004)
 ( 9.72172496636198571E-005,-3.92120903689955312E-004) (  0.0000000000000000     ,  0.0000000000000000     ) (-2.46413868946069010E-005, 2.18907905533249638E-005)
 ( 3.76045776019704207E-004,-6.87820366439173634E-003) (  0.0000000000000000     ,  0.0000000000000000     ) ( 1.94409520943394465E-003, 3.88810353072312936E-004)
 (-2.15416454210615909E-003,-9.48673475346795944E-005) (  0.0000000000000000     ,  0.0000000000000000     ) ( 4.30272456662993285E-005,-4.06540395978627974E-004)
 ( 3.68229025535991047E-004, 3.84002474602833352E-005) (  0.0000000000000000     ,  0.0000000000000000     ) (-3.52633843158848387E-005,-1.15428039227920951E-006)
 ( 6.62466865717607680E-003,-6.22406801643167387E-003) (  0.0000000000000000     ,  0.0000000000000000     ) ( 1.20111733871814839E-003, 1.79270765718497977E-003)
 (-1.87367741298931877E-003,-1.66089125651125999E-003) (  0.0000000000000000     ,  0.0000000000000000     ) ( 3.28794653465600407E-004,-2.81524827009198980E-004)
 ( 8.09263762587745481E-005, 2.26058653002559858E-005) (  0.0000000000000000     ,  0.0000000000000000     ) (-2.65041523885898610E-005,-2.63451353357582583E-005)
 ( 1.26946819978382523E-002, 2.79461002825456177E-004) (  0.0000000000000000     ,  0.0000000000000000     ) (-4.09638534350483820E-004, 2.31203980784868129E-003)
 (-1.70909655170474337E-004,-3.32801790503328568E-003) (  0.0000000000000000     ,  0.0000000000000000     ) ( 4.65985779119684382E-004, 3.21297719533355678E-005)
 (-6.71573657653272134E-005, 5.70011555803803956E-004) (  0.0000000000000000     ,  0.0000000000000000     ) (-2.00264645921004106E-006,-4.14961804160885600E-005)
 ( 1.40371812241091472E-002, 1.25584719405015897E-002) (  0.0000000000000000     ,  0.0000000000000000     ) (-2.08104986341324559E-003, 1.47536615359540840E-003)
 ( 3.05822049609230651E-003,-4.43533355493666397E-003) (  0.0000000000000000     ,  0.0000000000000000     ) ( 3.52687240375814651E-004, 3.89739530703527026E-004)
 (-3.52909801393211061E-004, 9.27458616864072446E-004) (  0.0000000000000000     ,  0.0000000000000000     ) ( 2.75907562441833016E-005,-3.62441673998390202E-005)
 ( 1.48418733680259762E-003, 3.17487616547499421E-002) (  0.0000000000000000     ,  0.0000000000000000     ) (-2.81400420671174857E-003,-5.42916653918665477E-004)
 ( 9.18096095312356635E-003,-4.12226061044956328E-003) (  0.0000000000000000     ,  0.0000000000000000     ) (-3.46380847799621824E-007, 6.11356570971055666E-004)
 (-1.96040549918961816E-003, 7.74812434271540326E-004) (  0.0000000000000000     ,  0.0000000000000000     ) ( 5.07995485570500167E-005,-1.10564077968198708E-005)
 (-4.06870469962171341E-002, 5.62034030654509492E-002) (  0.0000000000000000     ,  0.0000000000000000     ) (-1.87868301351153165E-003,-2.92248560209453900E-003)
 ( 2.58554685598978012E-002, 2.82860619226287270E-005) (  0.0000000000000000     ,  0.0000000000000000     ) (-4.92350539873044070E-004, 5.64627733015708624E-004)
 (-7.12590128436333715E-003,-5.50251304344005063E-005) (  0.0000000000000000     ,  0.0000000000000000     ) ( 6.05509821284473703E-005, 2.27912570401090146E-005)
 (-0.23102040876265326     , 6.41490640980199311E-002) (  0.0000000000000000     ,  0.0000000000000000     ) ( 1.24393459784797765E-003,-4.51218720000040683E-003)
 ( 0.11708494316949494     , 5.76196546291910111E-002) (  0.0000000000000000     ,  0.0000000000000000     ) (-1.16122084828202744E-003, 2.10442859400752577E-004)
 (-4.27185391877502943E-002,-2.50542055435724817E-002) (  0.0000000000000000     ,  0.0000000000000000     ) ( 1.22822833408546111E-004, 5.22658993314211641E-005)
 (-0.46163047621381564     , 1.17398183682128300E-003) (  21.493243746966318     ,  0.0000000000000000     ) ( 6.33806623393979880E-003,-4.69924738949337780E-003)
 ( 7.87704549743239286E-005, 1.10141860165568365E-005) (  0.0000000000000000     ,  0.0000000000000000     ) (  0.0000000000000000     ,  0.0000000000000000     )
 ( 9.83557010593586328E-002, 5.63411301566549283E-002) (  0.0000000000000000     ,  0.0000000000000000     ) (-5.59003364713579623E-004,-1.53551209617553940E-005)
 (-0.23141104206546581     , 6.42030117955962043E-002) (  0.0000000000000000     ,  0.0000000000000000     ) ( 1.24393459784797721E-003,-4.51218720000040423E-003)
 (-0.11695845470711648     ,-5.75575065031469074E-002) (  0.0000000000000000     ,  0.0000000000000000     ) ( 1.16122084828200684E-003,-2.10442859394639249E-004)
 (-4.27168269517881824E-002,-2.50742028877121437E-002) (  0.0000000000000000     ,  0.0000000000000000     ) ( 1.22822833408546192E-004, 5.22658993314211302E-005)
 (-4.13430207901763075E-002, 5.59811840383646411E-002) (  0.0000000000000000     ,  0.0000000000000000     ) (-1.87868301351153165E-003,-2.92248560209453900E-003)
 (-2.58683584484249822E-002, 1.60692359735307392E-004) (  0.0000000000000000     ,  0.0000000000000000     ) ( 4.92350539872841650E-004,-5.64627733016757156E-004)
 (-7.09917284918389849E-003,-9.20614866074110884E-005) (  0.0000000000000000     ,  0.0000000000000000     ) ( 6.05509821284474313E-005, 2.27912570401089977E-005)
 ( 9.94488750146254111E-004, 3.04251297969415288E-002) (  0.0000000000000000     ,  0.0000000000000000     ) (-2.81400420671174857E-003,-5.42916653908610911E-004)
 (-9.63307920782562575E-003, 4.57304101587992489E-003) (  0.0000000000000000     ,  0.0000000000000000     ) ( 3.46380847799396143E-007,-6.11356570975221279E-004)
 (-1.82137694194278287E-003, 6.68547225516603894E-004) (  0.0000000000000000     ,  0.0000000000000000     ) ( 5.07995485570194896E-005,-1.10564077968198386E-005)
 ( 1.71573732388431432E-002, 8.48146033050064738E-003) (  0.0000000000000000     ,  0.0000000000000000     ) (-2.08104986341324559E-003, 1.47536615359132877E-003)
 (-6.22201333981794395E-003, 4.56126571705395972E-003) (  0.0000000000000000     ,  0.0000000000000000     ) (-3.52687240375813621E-004,-3.89739530703526755E-004)
 ( 8.08335456668148045E-004, 1.14868655733647114E-003) (  0.0000000000000000     ,  0.0000000000000000     ) ( 2.75907562441817566E-005,-3.62441673998390880E-005)
 (-6.99211092099365716E-004, 2.09332437639814912E-004) (  0.0000000000000000     ,  0.0000000000000000     ) (-1.77690915779922152E-004,-2.64143186196695318E-004)
 (-1.75687326219538665E-003, 1.35560040889691545E-003) (  0.0000000000000000     ,  0.0000000000000000     ) (-4.79761618144970733E-005, 3.04991934666684504E-005)
 (-2.54364312214586899E-004,-1.83961861710181871E-004) (  0.0000000000000000     ,  0.0000000000000000     ) ( 4.38744857157517669E-006, 3.77772460288686080E-006)
 (-9.82384527063698667E-004, 3.27730636270368893E-004) (  0.0000000000000000     ,  0.0000000000000000     ) ( 5.18236500967013942E-005,-3.26708585958541281E-004)
 (-5.14297995852599750E-004, 2.39106715456643526E-004) (  0.0000000000000000     ,  0.0000000000000000     ) (-6.22850863360273208E-005,-7.79332324941471278E-006)
 (-1.42237439095368518E-004, 4.44481526363379358E-004) (  0.0000000000000000     ,  0.0000000000000000     ) (-7.05182834936297331E-007, 5.50819346780739029E-006)
 (-1.06829544192987651E-003,-1.11956050214057383E-003) (  0.0000000000000000     ,  0.0000000000000000     ) ( 2.73735251976037089E-004,-2.02213850165525242E-004)
 ( 3.65424233879509445E-004, 8.04301702897567404E-004) (  0.0000000000000000     ,  0.0000000000000000     ) (-4.60823910861917347E-005,-5.34838370254078568E-005)
 ( 2.73647342851297663E-004, 4.22216938794647039E-006) (  0.0000000000000000     ,  0.0000000000000000     ) (-5.32025005654748970E-006, 4.28861928009049992E-006)
 ( 3.52011843992262581E-004,-9.97315770485114432E-004) (  0.0000000000000000     ,  0.0000000000000000     ) ( 3.52797177671952363E-004, 5.23724982446662681E-005)
 ( 6.60402368294817207E-004, 1.10730575182230043E-003) (  0.0000000000000000     ,  0.0000000000000000     ) ( 8.30922983968473755E-007,-7.22428855784292635E-005)
 (-7.90361968449465862E-006,-7.68906738690515874E-005) (  0.0000000000000000     ,  0.0000000000000000     ) (-5.69164493208083807E-006,-1.95584312886583066E-007)
 ( 1.68716596664123301E-003,-3.59994755205123355E-004) (  0.0000000000000000     ,  0.0000000000000000     ) ( 2.30373832036914571E-004, 3.02928422229398631E-004)
 ( 3.84889779784715986E-004,-2.10490521986865812E-004) (  0.0000000000000000     ,  0.0000000000000000     ) ( 5.56488087127704833E-005,-5.04692119151234098E-005)
 ( 1.43463935693854760E-004, 3.03631460563937310E-004) (  0.0000000000000000     ,  0.0000000000000000     ) (-5.21504567501315424E-006,-4.27576687789234393E-006)
 ( 2.17692344409964192E-003, 1.29465543359932780E-004) (  0.0000000000000000     ,  0.0000000000000000     ) (-4.30272456662994369E-005, 4.06540395983284242E-004)
 ( 3.89251718544165917E-004,-6.28892686800981357E-004) (  0.0000000000000000     ,  0.0000000000000000     ) ( 7.89355391525923790E-005, 2.32024201688501241E-006)
 ( 3.16288408004158743E-004, 3.58336051926797720E-004) (  0.0000000000000000     ,  0.0000000000000000     ) (-1.33153071457673045E-006,-6.70773969990976195E-006)
 ( 1.87592112213222275E-003, 1.69845108908634086E-003) (  0.0000000000000000     ,  0.0000000000000000     ) (-3.28794653465600245E-004, 2.81524827008268572E-004)
 ( 2.86556649533821516E-004,-7.59030257797863516E-004) (  0.0000000000000000     ,  0.0000000000000000     ) ( 6.16182785956568982E-005, 6.10925094211657230E-005)
 ( 1.91969453689013283E-004, 3.99665869629964722E-004) (  0.0000000000000000     ,  0.0000000000000000     ) ( 3.77764144336572186E-006,-6.02877682232129291E-006)
 ( 1.34617512056299992E-004, 3.33474879770595837E-003) (  0.0000000000000000     ,  0.0000000000000000     ) (-4.65985779119683894E-004,-3.21297719512587244E-005)
 ( 3.49171804539673389E-004,-5.56541496547559062E-004) (  0.0000000000000000     ,  0.0000000000000000     ) ( 6.80053769673954012E-006, 9.41924770157394174E-005)
 (-1.02012437426953593E-006, 1.60566180091387177E-004) (  0.0000000000000000     ,  0.0000000000000000     ) ( 7.19749222351447635E-006,-1.47942439372034207E-006)
 (-3.11765154068928668E-003, 4.41750537160464675E-003) (  0.0000000000000000     ,  0.0000000000000000     ) (-3.52687240375815572E-004,-3.89739530703527026E-004)
 ( 7.74782544662733870E-004, 1.16466818714232632E-004) (  0.0000000000000000     ,  0.0000000000000000     ) (-6.14403406375478399E-005, 8.15321299497807450E-005)
 (-4.01961512831206804E-004,-5.91055330704690098E-005) (  0.0000000000000000     ,  0.0000000000000000     ) ( 7.67729280404142574E-006, 3.98874344540029377E-006)
 (-9.22910551852893814E-003, 4.07954151017977679E-003) (  0.0000000000000000     ,  0.0000000000000000     ) ( 3.46380847799701339E-007,-6.11356570975093126E-004)
 ( 2.35593355213178446E-003, 1.46587427899051714E-003) (  0.0000000000000000     ,  0.0000000000000000     ) (-1.13744523950908810E-004, 2.62005114484191146E-005)
 (-7.86384085571564372E-004,-2.58168958996480668E-004) (  0.0000000000000000     ,  0.0000000000000000     ) ( 3.89020773544526430E-006, 7.92688442099378913E-006)
 (-2.58471594921857971E-002,-9.35436002348837914E-005) (  0.0000000000000000     ,  0.0000000000000000     ) ( 4.92350539872841650E-004,-5.64627733016757156E-004)
 ( 8.26229485159891107E-003, 6.50387838086490238E-003) (  0.0000000000000000     ,  0.0000000000000000     ) (-1.37245834697013525E-004,-5.18849790224602760E-005)
 (-2.60653336714046112E-003,-1.95501227927783036E-003) (  0.0000000000000000     ,  0.0000000000000000     ) ( 1.34575553992086210E-006, 9.40698651801185031E-006)
 (-0.11699232416233556     ,-5.76755407744616172E-002) (  0.0000000000000000     ,  0.0000000000000000     ) ( 1.16122084828202787E-003,-2.10442859397939804E-004)
 ( 4.57122377592418805E-002, 7.06281972338964337E-002) (  0.0000000000000000     ,  0.0000000000000000     ) (-2.48456912372582847E-004,-1.22677950580696668E-004)
 (-1.99359397027518148E-002,-3.37682851703352549E-002) (  0.0000000000000000     ,  0.0000000000000000     ) ( 5.69939469651508878E-005, 3.97444489058329951E-006)
 ( 7.87704549742938013E-005, 1.10141860166184988E-005) (  0.0000000000000000     ,  0.0000000000000000     ) (  0.0000000000000000     ,  0.0000000000000000     )
 (-0.79336734525875163     , 0.54167080402441903     ) (  28.876873835844489     , -28.876873835844489     ) ( 2.30400040001401589E-003, 7.75770482325758036E-005)
 ( 1.41676121598128423E-006, 4.41681467283229168E-006) (  0.0000000000000000     ,  0.0000000000000000     ) (  0.0000000000000000     ,  0.0000000000000000     )
 ( 0.11711328626426921     , 5.77351259338733797E-002) (  0.0000000000000000     ,  0.0000000000000000     ) (-1.16122084828203308E-003, 2.10442859395397946E-004)
 ( 4.57403351375336720E-002, 7.06171867990325330E-002) (  0.0000000000000000     ,  0.0000000000000000     ) (-2.48456912372592171E-004,-1.22677950580696803E-004)
 ( 1.99335742844182172E-002, 3.37766706867323879E-002) (  0.0000000000000000     ,  0.0000000000000000     ) (-5.69939469651514977E-005,-3.97444489058321650E-006)
 ( 2.58152417546316584E-002, 2.47062085661714091E-004) (  0.0000000000000000     ,  0.0000000000000000     ) (-4.92350539873044070E-004, 5.64627733015708624E-004)
 ( 8.33938043919145097E-003, 6.50027782227303487E-003) (  0.0000000000000000     ,  0.0000000000000000     ) (-1.37245834697013525E-004,-5.18849790224602760E-005)
 ( 2.59263653232130785E-003, 1.95539872527290826E-003) (  0.0000000000000000     ,  0.0000000000000000     ) (-1.34575553992081128E-006,-9.40698651801183168E-006)
 ( 8.81674433156338401E-003,-3.90384218343125698E-003) (  0.0000000000000000     ,  0.0000000000000000     ) (-3.46380847799250612E-007, 6.11356570960592247E-004)
 ( 2.52648208994823899E-003, 1.55780937052516313E-003) (  0.0000000000000000     ,  0.0000000000000000     ) (-1.13744523950923068E-004, 2.62005114484193009E-005)
 ( 7.45327491679690073E-004, 2.22373076354749502E-004) (  0.0000000000000000     ,  0.0000000000000000     ) (-3.89020773544555906E-006,-7.92688442099379929E-006)
 ( 1.67227757273628289E-003,-5.04798175176161129E-003) (  0.0000000000000000     ,  0.0000000000000000     ) ( 3.52687240375813241E-004, 3.89739530703526863E-004)
 ( 1.03847306265045670E-003, 9.89716757856562521E-004) (  0.0000000000000000     ,  0.0000000000000000     ) (-6.14403406375496288E-005, 8.15321299497805553E-005)
 ( 3.66997759497829086E-004,-2.84713202844186350E-004) (  0.0000000000000000     ,  0.0000000000000000     ) (-7.67729280404192888E-006,-3.98874344540033951E-006)
 ( 1.98872592238241469E-004, 8.09067234394736812E-004) (  0.0000000000000000     ,  0.0000000000000000     ) ( 1.81003850937512526E-005,-1.71629263676460304E-005)
 ( 2.54921682100587134E-004, 1.19215270549989587E-005) (  0.0000000000000000     ,  0.0000000000000000     ) (-4.38744857157503524E-006,-3.77772460288685360E-006)
 (-1.31479363183355366E-003, 1.08202348821748173E-003) (  0.0000000000000000     ,  0.0000000000000000     ) (-3.88467476698110036E-007,-3.99907245425492112E-006)
 (-2.32121131571602824E-004,-3.32240487678838424E-004) (  0.0000000000000000     ,  0.0000000000000000     ) ( 2.79229369245708803E-005, 3.79640111743603256E-006)
 ( 1.30558838877249613E-004,-4.59919608415048525E-004) (  0.0000000000000000     ,  0.0000000000000000     ) ( 7.05182834936258791E-007,-5.50819346780740130E-006)
 ( 1.86246728543859998E-004,-1.06981084845780979E-004) (  0.0000000000000000     ,  0.0000000000000000     ) (-6.79349742515000395E-007, 1.36220247246062615E-008)
 (-2.64081658174428148E-004,-4.83733475985719398E-004) (  0.0000000000000000     ,  0.0000000000000000     ) ( 1.92606890563787705E-005, 2.35918515257712934E-005)
 (-2.77919564055429215E-004,-5.68153097936912127E-006) (  0.0000000000000000     ,  0.0000000000000000     ) ( 5.32025005654697047E-006,-4.28861928009052364E-006)
 ( 5.95184189926178923E-005,-3.46802514188558164E-004) (  0.0000000000000000     ,  0.0000000000000000     ) ( 3.30619244695210407E-008,-3.60082716251262276E-008)
 (-5.47492402514310547E-005, 5.53174311078758808E-004) (  0.0000000000000000     ,  0.0000000000000000     ) (-2.98064919298567237E-006, 2.83310836858896901E-005)
 ( 5.71842896272955793E-006, 7.63030018279825534E-005) (  0.0000000000000000     ,  0.0000000000000000     ) ( 5.69164493208019348E-006, 1.95584312886565755E-007)
 (-7.17366574760260479E-005, 1.59500335036793259E-004) (  0.0000000000000000     ,  0.0000000000000000     ) (-1.00523715397916034E-007,-2.79857255827165221E-007)
 ( 9.72172496571935740E-005,-3.92120903740009836E-004) (  0.0000000000000000     ,  0.0000000000000000     ) (-2.46413868946069721E-005, 2.18907905533653199E-005)
 (-1.43463935824415605E-004,-3.03631460473049780E-004) (  0.0000000000000000     ,  0.0000000000000000     ) ( 5.21504567501269091E-006, 4.27576687789230666E-006)
 ( 1.42573908318175373E-004, 6.35720393500171756E-005) (  0.0000000000000000     ,  0.0000000000000000     ) (-6.16302573051622366E-008,-4.40707394680266404E-007)
 ( 3.80748110436262004E-004, 4.30115945874009608E-005) (  0.0000000000000000     ,  0.0000000000000000     ) (-3.52633843158849743E-005,-1.15428039227920951E-006)
 (-3.18332625827219963E-004,-3.53546901750148611E-004) (  0.0000000000000000     ,  0.0000000000000000     ) ( 1.33153071457664384E-006, 6.70773969990973993E-006)
 ( 4.21136903892143819E-004, 4.72748495957483843E-004) (  0.0000000000000000     ,  0.0000000000000000     ) (-9.79496219730201956E-007, 3.18653369015334423E-007)
 ( 8.86797821172002237E-005, 1.92352296774181074E-005) (  0.0000000000000000     ,  0.0000000000000000     ) (-2.65041523885897966E-005,-2.63451353357582787E-005)
 (-1.91971633839842302E-004,-3.96484639828087058E-004) (  0.0000000000000000     ,  0.0000000000000000     ) (-3.77764144336537500E-006, 6.02877682232127597E-006)
 ( 6.53444971995672196E-005,-2.80183710256747009E-004) (  0.0000000000000000     ,  0.0000000000000000     ) ( 8.45706937500109719E-007, 8.94044328377263188E-007)
 (-7.04472542977360109E-005, 5.58539972712219081E-004) (  0.0000000000000000     ,  0.0000000000000000     ) (-2.00264645921011221E-006,-4.14961804160885803E-005)
 ( 3.05182636603500139E-006,-1.62724291918603327E-004) (  0.0000000000000000     ,  0.0000000000000000     ) (-7.19749222351474655E-006, 1.47942439372028362E-006)
 (-1.85849916401478412E-004,-7.65601509094661830E-005) (  0.0000000000000000     ,  0.0000000000000000     ) ( 5.35177590167476517E-007, 4.63836121334098501E-007)
 (-3.54210240764548366E-004, 9.33848858733632198E-004) (  0.0000000000000000     ,  0.0000000000000000     ) ( 2.75907562441830475E-005,-3.62441673998390270E-005)
 ( 3.99254870915062327E-004, 5.54292241416315864E-005) (  0.0000000000000000     ,  0.0000000000000000     ) (-7.67729280404165952E-006,-3.98874344540031833E-006)
 (-3.41202150173894130E-004,-2.13992029193360572E-004) (  0.0000000000000000     ,  0.0000000000000000     ) ( 8.42363995292624810E-007, 3.14586817101552217E-007)
 (-1.95797344034834807E-003, 7.82328724159732716E-004) (  0.0000000000000000     ,  0.0000000000000000     ) ( 5.07995485570266928E-005,-1.10564077968198437E-005)
 ( 7.85439985713094779E-004, 2.54853969127849457E-004) (  0.0000000000000000     ,  0.0000000000000000     ) (-3.89020773544540575E-006,-7.92688442099379590E-006)
 (-2.44774803096854926E-004,-3.35997334180377694E-004) (  0.0000000000000000     ,  0.0000000000000000     ) ( 2.46320573725975646E-007, 3.34915934117723291E-007)
 (-7.11026694764750698E-003,-4.60092136185547972E-005) (  0.0000000000000000     ,  0.0000000000000000     ) ( 6.05509821284474313E-005, 2.27912570401089977E-005)
 ( 2.60713476016186108E-003, 1.95593370362383452E-003) (  0.0000000000000000     ,  0.0000000000000000     ) (-1.34575553992081128E-006,-9.40698651801183168E-006)
 (-1.03115711606209613E-003,-6.61919561498131481E-004) (  0.0000000000000000     ,  0.0000000000000000     ) ( 2.85756863976424101E-007,-2.32266987253365108E-007)
 (-4.27076109556272371E-002,-2.50532231915589036E-002) (  0.0000000000000000     ,  0.0000000000000000     ) ( 1.22822833408545759E-004, 5.22658993314210760E-005)
 ( 1.99396904650520380E-002, 3.37736994633215729E-002) (  0.0000000000000000     ,  0.0000000000000000     ) (-5.69939469651509692E-005,-3.97444489058323429E-006)
 (-9.62117754080237149E-003,-1.84434403381655738E-002) (  0.0000000000000000     ,  0.0000000000000000     ) ( 2.96771044894378039E-005,-1.23293204652914601E-006)
 ( 9.83557010593584802E-002, 5.63411301566549491E-002) (  0.0000000000000000     ,  0.0000000000000000     ) (-5.59003364713579623E-004,-1.53551209617555261E-005)
 ( 1.41676121598496057E-006, 4.41681467284876478E-006) (  0.0000000000000000     ,  0.0000000000000000     ) (  0.0000000000000000     ,  0.0000000000000000     )
 (-0.87031216116761279     , 0.45294613308525367     ) (  41.095471280805093     , -41.095471280805093     ) ( 1.27730814593763351E-003, 5.41577401345160836E-005)
 (-4.27154691497476785E-002,-2.50697357451077629E-002) (  0.0000000000000000     ,  0.0000000000000000     ) ( 1.22822833408546951E-004, 5.22658993314211302E-005)
 (-1.99391937831217558E-002,-3.37668475895209624E-002) (  0.0000000000000000     ,  0.0000000000000000     ) ( 5.69939469651514299E-005, 3.97444489058328680E-006)
 (-9.61893007019985410E-003,-1.84438764288448465E-002) (  0.0000000000000000     ,  0.0000000000000000     ) ( 2.96771044894378513E-005,-1.23293204652915575E-006)
 (-7.11354341737201103E-003,-7.90601686830766674E-005) (  0.0000000000000000     ,  0.0000000000000000     ) ( 6.05509821284473703E-005, 2.27912570401090146E-005)
 (-2.61520167016450131E-003,-1.95738067304523401E-003) (  0.0000000000000000     ,  0.0000000000000000     ) ( 1.34575553992086210E-006, 9.40698651801185031E-006)
 (-1.02968000740640713E-003,-6.61931719960042581E-004) (  0.0000000000000000     ,  0.0000000000000000     ) ( 2.85756863976424101E-007,-2.32266987253365108E-007)
 (-1.91280421805981905E-003, 7.40803513644194074E-004) (  0.0000000000000000     ,  0.0000000000000000     ) ( 5.07995485570125101E-005,-1.10564077968198674E-005)
 (-8.09599792481051849E-004,-2.69729327378024611E-004) (  0.0000000000000000     ,  0.0000000000000000     ) ( 3.89020773544544472E-006, 7.92688442099378404E-006)
 (-2.38977038915621294E-004,-3.31672525016867307E-004) (  0.0000000000000000     ,  0.0000000000000000     ) ( 2.46320573726039332E-007, 3.34915934117719373E-007)
 (-1.71610298966976601E-004, 1.02850647004272717E-003) (  0.0000000000000000     ,  0.0000000000000000     ) ( 2.75907562441816719E-005,-3.62441673998393116E-005)
 (-4.25718772759705298E-004,-1.83440558125403308E-004) (  0.0000000000000000     ,  0.0000000000000000     ) ( 7.67729280404171204E-006, 3.98874344540030986E-006)
 (-3.44713874415166106E-004,-1.62468148651517233E-004) (  0.0000000000000000     ,  0.0000000000000000     ) ( 8.42363995292657526E-007, 3.14586817101558358E-007)
 ( 2.89334255154999895E-003,-9.99656548454405615E-004) (  0.0000000000000000     ,  0.0000000000000000     ) (-3.45115459221472540E-004, 1.49150732946954517E-003)
 (-2.39036409245391542E-004,-6.45362673314024563E-004) (  0.0000000000000000     ,  0.0000000000000000     ) ( 2.95904746295498210E-004, 6.08620468424279749E-005)
 (-4.63111798162985471E-005,-4.27639040450446923E-004) (  0.0000000000000000     ,  0.0000000000000000     ) ( 3.79595296703625546E-006,-2.59846103359063711E-005)
 ( 1.97028953083698598E-003, 2.32550644214095598E-003) (  0.0000000000000000     ,  0.0000000000000000     ) (-1.31069642483873914E-003, 8.33277347515376391E-004)
 ( 4.41618848129350346E-004,-5.25286987237487315E-004) (  0.0000000000000000     ,  0.0000000000000000     ) ( 1.77690915779921013E-004, 2.64143186196684476E-004)
 ( 2.71107540572174078E-004, 8.76693841126916168E-004) (  0.0000000000000000     ,  0.0000000000000000     ) ( 1.81003850937522012E-005,-1.71629263676459491E-005)
 (-1.00511904246320121E-003, 3.56727678019732632E-003) (  0.0000000000000000     ,  0.0000000000000000     ) (-1.57193536690994275E-003,-3.72339990464199766E-004)
 ( 8.92812171491897820E-004,-3.28611418984063347E-004) (  0.0000000000000000     ,  0.0000000000000000     ) (-5.18236500967015229E-005, 3.26708585958612947E-004)
 (-2.13018351951242333E-004,-3.31446474363194556E-004) (  0.0000000000000000     ,  0.0000000000000000     ) ( 2.79229369245709074E-005, 3.79640111743603637E-006)
 (-3.21120389034770066E-003, 2.24057594350626776E-003) (  0.0000000000000000     ,  0.0000000000000000     ) (-9.21437224685846745E-004,-1.45574737113272228E-003)
 ( 1.02214862238345517E-003, 1.08821777926219779E-003) (  0.0000000000000000     ,  0.0000000000000000     ) (-2.73735251976033511E-004, 2.02213850164213466E-004)
 (-2.61379960918671570E-004,-4.91303440530493712E-004) (  0.0000000000000000     ,  0.0000000000000000     ) ( 1.92606890563786959E-005, 2.35918515257712731E-005)
 (-3.71074391533000045E-003, 1.68870199893654337E-004) (  0.0000000000000000     ,  0.0000000000000000     ) ( 3.47302071175228000E-004,-1.77342026295858606E-003)
 (-3.52011843805635229E-004, 9.97315770554118479E-004) (  0.0000000000000000     ,  0.0000000000000000     ) (-3.52797177671952092E-004,-5.23724982446664713E-005)
 (-5.47492402462650075E-005, 5.53174311104973732E-004) (  0.0000000000000000     ,  0.0000000000000000     ) (-2.98064919298562028E-006, 2.83310836858897070E-005)
 (-4.50954417045419231E-003,-4.40715441567488334E-003) (  0.0000000000000000     ,  0.0000000000000000     ) ( 1.55055707945597407E-003,-1.05351660681256266E-003)
 (-1.66874005956600766E-003, 4.05273285516846216E-004) (  0.0000000000000000     ,  0.0000000000000000     ) (-2.30373832036915303E-004,-3.02928422229393698E-004)
 ( 9.36523167250329774E-005,-4.11788624060229825E-004) (  0.0000000000000000     ,  0.0000000000000000     ) (-2.46413868946036992E-005, 2.18907905533532513E-005)
 ( 3.88968309473865920E-004,-7.02213129454995998E-003) (  0.0000000000000000     ,  0.0000000000000000     ) ( 1.94409520943394074E-003, 3.88810353078501291E-004)
 (-2.17307372175693176E-003,-8.93652878992616501E-005) (  0.0000000000000000     ,  0.0000000000000000     ) ( 4.30272456662972888E-005,-4.06540395970024233E-004)
 ( 3.75535944788800012E-004, 3.96312279214582237E-005) (  0.0000000000000000     ,  0.0000000000000000     ) (-3.52633843158845202E-005,-1.15428039227915128E-006)
 ( 6.67900132183424367E-003,-6.32779666137846860E-003) (  0.0000000000000000     ,  0.0000000000000000     ) ( 1.20111733871814839E-003, 1.79270765718497977E-003)
 (-1.89330455444106050E-003,-1.71568240575203598E-003) (  0.0000000000000000     ,  0.0000000000000000     ) ( 3.28794653465600407E-004,-2.81524827009198980E-004)
 ( 8.52673971685307926E-005, 3.37701112578509582E-005) (  0.0000000000000000     ,  0.0000000000000000     ) (-2.65041523885898610E-005,-2.63451353357582583E-005)
 ( 1.27915648982538169E-002, 2.33711276752957518E-004) (  0.0000000000000000     ,  0.0000000000000000     ) (-4.09638534350483820E-004, 2.31203980784868259E-003)
 (-1.65504021927742275E-004,-3.38625235866967444E-003) (  0.0000000000000000     ,  0.0000000000000000     ) ( 4.65985779119557368E-004, 3.21297719539025242E-005)
 (-5.69509356155539399E-005, 5.56135240271327493E-004) (  0.0000000000000000     ,  0.0000000000000000     ) (-2.00264645921006689E-006,-4.14961804160884787E-005)
 ( 1.41852693007315494E-002, 1.26754509346908052E-002) (  0.0000000000000000     ,  0.0000000000000000     ) (-2.08104986341324559E-003, 1.47536615359132877E-003)
 ( 3.07948899406533657E-003,-4.46358282385937895E-003) (  0.0000000000000000     ,  0.0000000000000000     ) ( 3.52687240375813241E-004, 3.89739530703526863E-004)
 (-3.53074861758199997E-004, 9.32454767799600686E-004) (  0.0000000000000000     ,  0.0000000000000000     ) ( 2.75907562441816719E-005,-3.62441673998393116E-005)
 ( 1.51208299400327432E-003, 3.19739789341238131E-002) (  0.0000000000000000     ,  0.0000000000000000     ) (-2.81400420671174857E-003,-5.42916653908610911E-004)
 ( 9.23800629361295512E-003,-4.12531982562496825E-003) (  0.0000000000000000     ,  0.0000000000000000     ) (-3.46380847799250612E-007, 6.11356570960592247E-004)
 (-1.97150910476589277E-003, 7.65027491610002536E-004) (  0.0000000000000000     ,  0.0000000000000000     ) ( 5.07995485570125101E-005,-1.10564077968198674E-005)
 (-4.08566521468071500E-002, 5.64460363972933560E-002) (  0.0000000000000000     ,  0.0000000000000000     ) (-1.87868301351153165E-003,-2.92248560209451861E-003)
 ( 2.59249491929390043E-002, 8.24426277213943895E-005) (  0.0000000000000000     ,  0.0000000000000000     ) (-4.92350539873035939E-004, 5.64627733014926156E-004)
 (-7.13629327064639520E-003,-5.85427877865146547E-005) (  0.0000000000000000     ,  0.0000000000000000     ) ( 6.05509821284473229E-005, 2.27912570401090519E-005)
 (-0.23141104206546584     , 6.42030117955959406E-002) (  0.0000000000000000     ,  0.0000000000000000     ) ( 1.24393459784797721E-003,-4.51218720000040423E-003)
 ( 0.11711328626426912     , 5.77351259338733797E-002) (  0.0000000000000000     ,  0.0000000000000000     ) (-1.16122084828203308E-003, 2.10442859395397946E-004)
 (-4.27154691497476993E-002,-2.50697357451077976E-002) (  0.0000000000000000     ,  0.0000000000000000     ) ( 1.22822833408546951E-004, 5.22658993314211302E-005)
 (-0.46212755472378197     , 8.17055857939315419E-004) (  21.493243746966318     ,  0.0000000000000000     ) ( 6.33806623393979880E-003,-4.69924738949337780E-003)
 (-4.44393222924885642E-006, 1.73157206509692819E-004) (  0.0000000000000000     ,  0.0000000000000000     ) (  0.0000000000000000     ,  0.0000000000000000     )
 ( 9.83644924650989710E-002, 5.63098540017338139E-002) (  0.0000000000000000     ,  0.0000000000000000     ) (-5.59003364713579623E-004,-1.53551209617553940E-005)
 (-0.23151166656973912     , 6.31820608743382806E-002) (  0.0000000000000000     ,  0.0000000000000000     ) ( 1.24393459784796464E-003,-4.51218720000040249E-003)
 (-0.11728616649871802     ,-5.74135444528532379E-002) (  0.0000000000000000     ,  0.0000000000000000     ) ( 1.16122084828202202E-003,-2.10442859397382714E-004)
 (-4.26469354548679527E-002,-2.50945909486040945E-002) (  0.0000000000000000     ,  0.0000000000000000     ) ( 1.22822833408543129E-004, 5.22658993314210354E-005)
 (-3.98401851970052526E-002, 5.41820329412517065E-002) (  0.0000000000000000     ,  0.0000000000000000     ) (-1.87868301351153165E-003,-2.92248560209453900E-003)
 (-2.68162629567800757E-002, 2.30148612133397715E-005) (  0.0000000000000000     ,  0.0000000000000000     ) ( 4.92350539872841650E-004,-5.64627733016757156E-004)
 (-6.83939877657003398E-003,-3.23604158529953312E-005) (  0.0000000000000000     ,  0.0000000000000000     ) ( 6.05509821284474313E-005, 2.27912570401089977E-005)
 ( 9.23237153263930209E-003, 3.02881378230042582E-002) (  0.0000000000000000     ,  0.0000000000000000     ) (-2.81400420671174857E-003,-5.42916653908610911E-004)
 (-1.29302440627915589E-002, 1.03113340548918395E-003) (  0.0000000000000000     ,  0.0000000000000000     ) ( 3.46380847799396143E-007,-6.11356570975221279E-004)
 (-8.35145270166227742E-004, 2.22411515538633404E-003) (  0.0000000000000000     ,  0.0000000000000000     ) ( 5.07995485570194896E-005,-1.10564077968198386E-005)
 (-5.96697960825398556E-005,-7.30564416363967237E-005) (  0.0000000000000000     ,  0.0000000000000000     ) (-2.95904746295498047E-004,-6.08620468424281240E-005)
 (-8.80466828415422790E-005, 8.91332904136506979E-004) (  0.0000000000000000     ,  0.0000000000000000     ) (-8.80195760056698024E-006, 6.05990566149638635E-005)
 ( 9.67202005387035585E-005,-2.49489695488530681E-004) (  0.0000000000000000     ,  0.0000000000000000     ) ( 5.15649060531682018E-006, 4.59228458313620336E-007)
 (-6.20813620775790480E-004, 4.21148530813008444E-004) (  0.0000000000000000     ,  0.0000000000000000     ) (-1.77690915779920824E-004,-2.64143186196685452E-004)
 (-1.77520684743125894E-003, 1.48710106515935556E-003) (  0.0000000000000000     ,  0.0000000000000000     ) (-4.79761618144962195E-005, 3.04991934666684944E-005)
 (-2.64614099770569178E-004,-1.17243347541257710E-004) (  0.0000000000000000     ,  0.0000000000000000     ) ( 4.38744857157544944E-006, 3.77772460288685995E-006)
 (-9.36341141170346069E-004, 3.56149742645100954E-004) (  0.0000000000000000     ,  0.0000000000000000     ) ( 5.18236500967013942E-005,-3.26708585958541281E-004)
 (-5.11023325403385108E-004, 2.45209492113566887E-004) (  0.0000000000000000     ,  0.0000000000000000     ) (-6.22850863360273208E-005,-7.79332324941471278E-006)
 (-1.40317129070548918E-004, 4.48135740331070216E-004) (  0.0000000000000000     ,  0.0000000000000000     ) (-7.05182834936297331E-007, 5.50819346780739029E-006)
 (-1.02214862221144238E-003,-1.08821777914503781E-003) (  0.0000000000000000     ,  0.0000000000000000     ) ( 2.73735251976033294E-004,-2.02213850164958638E-004)
 ( 3.53589877989678701E-004, 8.18799597196998171E-004) (  0.0000000000000000     ,  0.0000000000000000     ) (-4.60823910861901355E-005,-5.34838370254078093E-005)
 ( 2.72676775377780119E-004, 6.00202559489437422E-006) (  0.0000000000000000     ,  0.0000000000000000     ) (-5.32025005654545259E-006, 4.28861928009051517E-006)
 ( 3.74887152898887579E-004,-9.68779467413175238E-004) (  0.0000000000000000     ,  0.0000000000000000     ) ( 3.52797177671952363E-004, 5.23724982446662681E-005)
 ( 6.60402368315374981E-004, 1.10730575176993173E-003) (  0.0000000000000000     ,  0.0000000000000000     ) ( 8.30922983968473755E-007,-7.22428855784292635E-005)
 (-5.71842898503223359E-006,-7.63030017947608234E-005) (  0.0000000000000000     ,  0.0000000000000000     ) (-5.69164493208083807E-006,-1.95584312886583066E-007)
 ( 1.68342076689273175E-003,-3.40021889755249868E-004) (  0.0000000000000000     ,  0.0000000000000000     ) ( 2.30373832036914489E-004, 3.02928422229397818E-004)
 ( 3.94312618974558906E-004,-2.08950664787313045E-004) (  0.0000000000000000     ,  0.0000000000000000     ) ( 5.56488087127656248E-005,-5.04692119151233827E-005)
 ( 1.37493638418256824E-004, 3.05891943706787929E-004) (  0.0000000000000000     ,  0.0000000000000000     ) (-5.21504567501298060E-006,-4.27576687789233038E-006)
 ( 2.14846667138661679E-003, 1.22227324026936393E-004) (  0.0000000000000000     ,  0.0000000000000000     ) (-4.30272456662974040E-005, 4.06540395987822496E-004)
 ( 3.94060317380177212E-004,-6.19849894686150694E-004) (  0.0000000000000000     ,  0.0000000000000000     ) ( 7.89355391525911051E-005, 2.32024201688486290E-006)
 ( 3.16683398150789848E-004, 3.56658842236309164E-004) (  0.0000000000000000     ,  0.0000000000000000     ) (-1.33153071457660466E-006,-6.70773969990974247E-006)
 ( 1.84471888213131024E-003, 1.67196858472137356E-003) (  0.0000000000000000     ,  0.0000000000000000     ) (-3.28794653465600245E-004, 2.81524827008268572E-004)
 ( 2.76664777029883612E-004,-7.49573209405009623E-004) (  0.0000000000000000     ,  0.0000000000000000     ) ( 6.16182785956568982E-005, 6.10925094211657230E-005)
 ( 1.95513053666656131E-004, 3.97296315118972365E-004) (  0.0000000000000000     ,  0.0000000000000000     ) ( 3.77764144336572186E-006,-6.02877682232129291E-006)
 ( 1.11710555213934248E-004, 3.29681621499251743E-003) (  0.0000000000000000     ,  0.0000000000000000     ) (-4.65985779119557368E-004,-3.21297719503959298E-005)
 ( 3.36108886781891192E-004,-5.55976878577883640E-004) (  0.0000000000000000     ,  0.0000000000000000     ) ( 6.80053769674022029E-006, 9.41924770157393496E-005)
 (-5.23290604817503198E-006, 1.57592995995794267E-004) (  0.0000000000000000     ,  0.0000000000000000     ) ( 7.19749222351435268E-006,-1.47942439372020061E-006)
 (-3.09591397350185297E-003, 4.36880143661338635E-003) (  0.0000000000000000     ,  0.0000000000000000     ) (-3.52687240375813621E-004,-3.89739530703526755E-004)
 ( 7.67417479077641112E-004, 1.10124146798583304E-004) (  0.0000000000000000     ,  0.0000000000000000     ) (-6.14403406375496288E-005, 8.15321299497805553E-005)
 (-4.00821977607033998E-004,-5.88989446292908223E-005) (  0.0000000000000000     ,  0.0000000000000000     ) ( 7.67729280404171204E-006, 3.98874344540030986E-006)
 (-9.16891812771385845E-003, 4.06774809470137992E-003) (  0.0000000000000000     ,  0.0000000000000000     ) ( 3.46380847799396143E-007,-6.11356570975221279E-004)
 ( 2.35307218219628833E-003, 1.44718373724789955E-003) (  0.0000000000000000     ,  0.0000000000000000     ) (-1.13744523950923068E-004, 2.62005114484193009E-005)
 (-7.88693853004972787E-004,-2.54955312108549902E-004) (  0.0000000000000000     ,  0.0000000000000000     ) ( 3.89020773544544472E-006, 7.92688442099378404E-006)
 (-2.57709821897281928E-002,-4.65836703308578765E-005) (  0.0000000000000000     ,  0.0000000000000000     ) ( 4.92350539872850432E-004,-5.64627733015164138E-004)
 ( 8.27376635808812870E-003, 6.48016095737038392E-003) (  0.0000000000000000     ,  0.0000000000000000     ) (-1.37245834697013390E-004,-5.18849790224603302E-005)
 (-2.60688120207931608E-003,-1.95205911030084606E-003) (  0.0000000000000000     ,  0.0000000000000000     ) ( 1.34575553992099001E-006, 9.40698651801185201E-006)
 (-0.11695845470711651     ,-5.75575065031466993E-002) (  0.0000000000000000     ,  0.0000000000000000     ) ( 1.16122084828200684E-003,-2.10442859394639249E-004)
 ( 4.57403351375337067E-002, 7.06171867990325192E-002) (  0.0000000000000000     ,  0.0000000000000000     ) (-2.48456912372592171E-004,-1.22677950580696803E-004)
 (-1.99391937831217628E-002,-3.37668475895209763E-002) (  0.0000000000000000     ,  0.0000000000000000     ) ( 5.69939469651514299E-005, 3.97444489058328680E-006)
 (-4.44393222930289543E-006, 1.73157206509684010E-004) (  0.0000000000000000     ,  0.0000000000000000     ) (  0.0000000000000000     ,  0.0000000000000000     )
 (-0.79331787125875297     , 0.54169051755308417     ) (  28.876873835844489     , -28.876873835844489     ) ( 2.30400040001401589E-003, 7.75770482325758036E-005)
 (-8.75493691651453980E-006, 2.95875058119796487E-006) (  0.0000000000000000     ,  0.0000000000000000     ) (  0.0000000000000000     ,  0.0000000000000000     )
 ( 0.11682270537538911     , 5.78073581082826499E-002) (  0.0000000000000000     ,  0.0000000000000000     ) (-1.16122084828201703E-003, 2.10442859387916897E-004)
 ( 4.57966929463246922E-002, 7.07041106302147421E-002) (  0.0000000000000000     ,  0.0000000000000000     ) (-2.48456912372543057E-004,-1.22677950580697264E-004)
 ( 1.99244004013449001E-002, 3.37580219109399685E-002) (  0.0000000000000000     ,  0.0000000000000000     ) (-5.69939469651505558E-005,-3.97444489058321226E-006)
 ( 2.52210165963399242E-002,-1.12515885852486705E-004) (  0.0000000000000000     ,  0.0000000000000000     ) (-4.92350539873044070E-004, 5.64627733015708624E-004)
 ( 8.34690382120838008E-003, 6.77707644637601768E-003) (  0.0000000000000000     ,  0.0000000000000000     ) (-1.37245834697013525E-004,-5.18849790224602760E-005)
 ( 2.59664342071350834E-003, 1.87820649414253559E-003) (  0.0000000000000000     ,  0.0000000000000000     ) (-1.34575553992081128E-006,-9.40698651801183168E-006)
 ( 8.32065088507650402E-003,-6.24976158922630962E-003) (  0.0000000000000000     ,  0.0000000000000000     ) (-3.46380847799250612E-007, 6.11356570960592247E-004)
 ( 1.73156323742861343E-003, 2.67864400804151406E-003) (  0.0000000000000000     ,  0.0000000000000000     ) (-1.13744523950923068E-004, 2.62005114484193009E-005)
 ( 1.10893266003041593E-003,-1.44388992353507162E-004) (  0.0000000000000000     ,  0.0000000000000000     ) (-3.89020773544555906E-006,-7.92688442099379929E-006)
 (-1.24641195456765290E-004,-2.23196114351823145E-004) (  0.0000000000000000     ,  0.0000000000000000     ) ( 3.79595296703618262E-006,-2.59846103359063813E-005)
 (-1.74144797218655855E-004, 1.89035107219363781E-004) (  0.0000000000000000     ,  0.0000000000000000     ) (-5.15649060531621710E-006,-4.59228458313606360E-007)
 ( 1.57779394233338284E-004,-3.81529418732589806E-004) (  0.0000000000000000     ,  0.0000000000000000     ) ( 1.81527325290883815E-007, 9.49369957945424122E-007)
 ( 2.84359621509157215E-004, 9.28133579656952577E-004) (  0.0000000000000000     ,  0.0000000000000000     ) ( 1.81003850937523503E-005,-1.71629263676459965E-005)
 ( 2.50690612990282097E-004, 1.14705825117463104E-004) (  0.0000000000000000     ,  0.0000000000000000     ) (-4.38744857157519024E-006,-3.77772460288684979E-006)
 (-1.32123704684839979E-003, 1.12832103582011624E-003) (  0.0000000000000000     ,  0.0000000000000000     ) (-3.88467476697765717E-007,-3.99907245425510662E-006)
 (-2.05548998131151330E-004,-3.25053257859373671E-004) (  0.0000000000000000     ,  0.0000000000000000     ) ( 2.79229369245708803E-005, 3.79640111743603256E-006)
 ( 1.36759143708445286E-004,-4.46596552666787068E-004) (  0.0000000000000000     ,  0.0000000000000000     ) ( 7.05182834936258791E-007,-5.50819346780740130E-006)
 ( 1.88090783113891005E-004,-1.02956116618974685E-004) (  0.0000000000000000     ,  0.0000000000000000     ) (-6.79349742515000395E-007, 1.36220247246062615E-008)
 (-2.61379960907834482E-004,-4.91303440511300189E-004) (  0.0000000000000000     ,  0.0000000000000000     ) ( 1.92606890563786722E-005, 2.35918515257712765E-005)
 (-2.72676775379361157E-004,-6.00202557476708585E-006) (  0.0000000000000000     ,  0.0000000000000000     ) ( 5.32025005654492150E-006,-4.28861928009053719E-006)
 ( 6.03309257299267972E-005,-3.46059983879922481E-004) (  0.0000000000000000     ,  0.0000000000000000     ) ( 3.30619244695750059E-008,-3.60082716251151964E-008)
 (-5.70303737098520937E-005, 5.42653622169710103E-004) (  0.0000000000000000     ,  0.0000000000000000     ) (-2.98064919298567237E-006, 2.83310836858896901E-005)
 ( 7.90361970919135093E-006, 7.68906738647440386E-005) (  0.0000000000000000     ,  0.0000000000000000     ) ( 5.69164493208019348E-006, 1.95584312886565755E-007)
 (-7.17366574814630779E-005, 1.59500335044600111E-004) (  0.0000000000000000     ,  0.0000000000000000     ) (-1.00523715397916034E-007,-2.79857255827165221E-007)
 ( 9.69662150208693886E-005,-3.99196021995445820E-004) (  0.0000000000000000     ,  0.0000000000000000     ) (-2.46413868946037026E-005, 2.18907905533685792E-005)
 (-1.44023112960264908E-004,-3.03732978679576533E-004) (  0.0000000000000000     ,  0.0000000000000000     ) ( 5.21504567501245036E-006, 4.27576687789229650E-006)
 ( 1.43423556203818787E-004, 6.42537297395813804E-005) (  0.0000000000000000     ,  0.0000000000000000     ) (-6.16302573050178837E-008,-4.40707394680262540E-007)
 ( 3.83499074599208411E-004, 4.20355702988958288E-005) (  0.0000000000000000     ,  0.0000000000000000     ) (-3.52633843158845677E-005,-1.15428039227914471E-006)
 (-3.19369699892771842E-004,-3.56453397989446694E-004) (  0.0000000000000000     ,  0.0000000000000000     ) ( 1.33153071457649815E-006, 6.70773969990972299E-006)
 ( 4.21083709695220987E-004, 4.72930310029651569E-004) (  0.0000000000000000     ,  0.0000000000000000     ) (-9.79496219729731006E-007, 3.18653369015333999E-007)
 ( 9.22837698987119054E-005, 2.27857099752380507E-005) (  0.0000000000000000     ,  0.0000000000000000     ) (-2.65041523885897966E-005,-2.63451353357582787E-005)
 (-1.90391458503433748E-004,-3.99448206849860538E-004) (  0.0000000000000000     ,  0.0000000000000000     ) (-3.77764144336537500E-006, 6.02877682232127597E-006)
 ( 6.46198922586193648E-005,-2.80915577481917987E-004) (  0.0000000000000000     ,  0.0000000000000000     ) ( 8.45706937500109719E-007, 8.94044328377263188E-007)
 (-6.57716455255602154E-005, 5.65789275548933958E-004) (  0.0000000000000000     ,  0.0000000000000000     ) (-2.00264645921007282E-006,-4.14961804160884380E-005)
 ( 5.97987625534283327E-006,-1.63653081512751288E-004) (  0.0000000000000000     ,  0.0000000000000000     ) (-7.19749222351458815E-006, 1.47942439372016419E-006)
 (-1.84996960455312303E-004,-7.64017382878474314E-005) (  0.0000000000000000     ,  0.0000000000000000     ) ( 5.35177590167116634E-007, 4.63836121334084049E-007)
 (-3.55594088110610480E-004, 9.43248301965626270E-004) (  0.0000000000000000     ,  0.0000000000000000     ) ( 2.75907562441817566E-005,-3.62441673998390880E-005)
 ( 4.00252895987996608E-004, 5.71687228029354571E-005) (  0.0000000000000000     ,  0.0000000000000000     ) (-7.67729280404192888E-006,-3.98874344540033951E-006)
 (-3.40946288961195966E-004,-2.14100524837677902E-004) (  0.0000000000000000     ,  0.0000000000000000     ) ( 8.42363995292657526E-007, 3.14586817101558358E-007)
 (-1.96706657233028208E-003, 7.87701505272378434E-004) (  0.0000000000000000     ,  0.0000000000000000     ) ( 5.07995485570194896E-005,-1.10564077968198386E-005)
 ( 7.85887026753178536E-004, 2.58695821099069951E-004) (  0.0000000000000000     ,  0.0000000000000000     ) (-3.89020773544555906E-006,-7.92688442099379929E-006)
 (-2.44267651272516383E-004,-3.36373786692031884E-004) (  0.0000000000000000     ,  0.0000000000000000     ) ( 2.46320573726039332E-007, 3.34915934117719373E-007)
 (-7.12408549006677584E-003,-5.17110558710692797E-005) (  0.0000000000000000     ,  0.0000000000000000     ) ( 6.05509821284473161E-005, 2.27912570401090282E-005)
 ( 2.60578078097429980E-003, 1.96014170963131973E-003) (  0.0000000000000000     ,  0.0000000000000000     ) (-1.34575553992096777E-006,-9.40698651801183676E-006)
 (-1.03110842733106678E-003,-6.62780018494570425E-004) (  0.0000000000000000     ,  0.0000000000000000     ) ( 2.85756863976483022E-007,-2.32266987253381413E-007)
 (-4.27168269517881477E-002,-2.50742028877120951E-002) (  0.0000000000000000     ,  0.0000000000000000     ) ( 1.22822833408546192E-004, 5.22658993314211302E-005)
 ( 1.99335742844181651E-002, 3.37766706867323879E-002) (  0.0000000000000000     ,  0.0000000000000000     ) (-5.69939469651514977E-005,-3.97444489058321650E-006)
 (-9.61893007019986451E-003,-1.84438764288448603E-002) (  0.0000000000000000     ,  0.0000000000000000     ) ( 2.96771044894378513E-005,-1.23293204652915575E-006)
 ( 9.83644924650988461E-002, 5.63098540017338417E-002) (  0.0000000000000000     ,  0.0000000000000000     ) (-5.59003364713579623E-004,-1.53551209617555261E-005)
 (-8.75493691650258986E-006, 2.95875058120552125E-006) (  0.0000000000000000     ,  0.0000000000000000     ) (  0.0000000000000000     ,  0.0000000000000000     )
 (-0.87031115985927965     , 0.45294636560744622     ) (  41.095471280805093     , -41.095471280805093     ) ( 1.27730814593763351E-003, 5.41577401345160836E-005)
 (-4.26663599233513824E-002,-2.50893458332634572E-002) (  0.0000000000000000     ,  0.0000000000000000     ) ( 1.22822833408544376E-004, 5.22658993314209947E-005)
 (-1.99514969837655126E-002,-3.37806113324132726E-002) (  0.0000000000000000     ,  0.0000000000000000     ) ( 5.69939469651504677E-005, 3.97444489058328680E-006)
 (-9.61687817510916039E-003,-1.84406241149189520E-002) (  0.0000000000000000     ,  0.0000000000000000     ) ( 2.96771044894375498E-005,-1.23293204652913754E-006)
 (-6.99847199913034186E-003,-2.64725651427306205E-005) (  0.0000000000000000     ,  0.0000000000000000     ) ( 6.05509821284473703E-005, 2.27912570401090146E-005)
 (-2.62205438481150641E-003,-2.01065969465036038E-003) (  0.0000000000000000     ,  0.0000000000000000     ) ( 1.34575553992086210E-006, 9.40698651801185031E-006)
 (-1.02908637791503110E-003,-6.47049175092979955E-004) (  0.0000000000000000     ,  0.0000000000000000     ) ( 2.85756863976424101E-007,-2.32266987253365108E-007)
 (-1.79878248962899519E-003, 1.18035213387297690E-003) (  0.0000000000000000     ,  0.0000000000000000     ) ( 5.07995485570125101E-005,-1.10564077968198674E-005)
 (-6.53955987714215222E-004,-4.99367356593367483E-004) (  0.0000000000000000     ,  0.0000000000000000     ) ( 3.89020773544544472E-006, 7.92688442099378404E-006)
 (-3.18248044918743563E-004,-2.56710757608952949E-004) (  0.0000000000000000     ,  0.0000000000000000     ) ( 2.46320573726039332E-007, 3.34915934117719373E-007)
 ( 1.78491229597183454E-003,-1.69211949453748059E-003) (  0.0000000000000000     ,  0.0000000000000000     ) ( 7.46428804988656398E-004, 1.28239357783107330E-003)
 ( 1.29304473422299461E-003, 1.80616963066921059E-004) (  0.0000000000000000     ,  0.0000000000000000     ) ( 2.29671894220272052E-004,-1.62432163957116607E-004)
 (-3.04773397330866672E-005,-5.23546291891984438E-006) (  0.0000000000000000     ,  0.0000000000000000     ) (-1.49068872094138146E-005,-2.13828879373572603E-005)
 ( 3.03807718596510717E-003, 1.20693425823835101E-004) (  0.0000000000000000     ,  0.0000000000000000     ) (-3.45115459221472540E-004, 1.49150732946954517E-003)
 (-5.39933974165086416E-004,-1.99040736485069455E-004) (  0.0000000000000000     ,  0.0000000000000000     ) ( 2.95904746295498210E-004, 6.08620468424279749E-005)
 (-1.38303166062523833E-004,-3.14420092998222175E-004) (  0.0000000000000000     ,  0.0000000000000000     ) ( 3.79595296703625546E-006,-2.59846103359063711E-005)
 ( 2.22711616858243004E-003, 2.68084810370858902E-003) (  0.0000000000000000     ,  0.0000000000000000     ) (-1.31069642483873914E-003, 8.33277347515376391E-004)
 ( 4.23925944410270328E-004,-3.19883690056586552E-004) (  0.0000000000000000     ,  0.0000000000000000     ) ( 1.77690915779921013E-004, 2.64143186196684476E-004)
 ( 2.63074234712594977E-004, 9.23183444796488650E-004) (  0.0000000000000000     ,  0.0000000000000000     ) ( 1.81003850937522012E-005,-1.71629263676459491E-005)
 (-1.00511904256314600E-003, 3.56727677953329108E-003) (  0.0000000000000000     ,  0.0000000000000000     ) (-1.57193536690994188E-003,-3.72339990459692413E-004)
 ( 9.36341141280591649E-004,-3.56149742787034945E-004) (  0.0000000000000000     ,  0.0000000000000000     ) (-5.18236500967023090E-005, 3.26708585958680818E-004)
 (-2.05548998091914541E-004,-3.25053257993759663E-004) (  0.0000000000000000     ,  0.0000000000000000     ) ( 2.79229369245716901E-005, 3.79640111743606771E-006)
 (-3.26434989948367997E-003, 2.03701844438801448E-003) (  0.0000000000000000     ,  0.0000000000000000     ) (-9.21437224685846745E-004,-1.45574737113272228E-003)
 ( 1.06829544191374011E-003, 1.11956050249184167E-003) (  0.0000000000000000     ,  0.0000000000000000     ) (-2.73735251976033511E-004, 2.02213850164213466E-004)
 (-2.64081658184341875E-004,-4.83733475977360416E-004) (  0.0000000000000000     ,  0.0000000000000000     ) ( 1.92606890563786959E-005, 2.35918515257712731E-005)
 (-3.73859148384186922E-003,-6.22056224617806514E-005) (  0.0000000000000000     ,  0.0000000000000000     ) ( 3.47302071175230060E-004,-1.77342026295858649E-003)
 (-3.56667424917443427E-004, 1.03427811893318342E-003) (  0.0000000000000000     ,  0.0000000000000000     ) (-3.52797177671956158E-004,-5.23724982446676572E-005)
 (-3.12807906347942799E-005, 5.24256471683358892E-004) (  0.0000000000000000     ,  0.0000000000000000     ) (-2.98064919298553515E-006, 2.83310836858977572E-005)
 (-4.40972192672563386E-003,-4.53002940394667090E-003) (  0.0000000000000000     ,  0.0000000000000000     ) ( 1.55055707945597168E-003,-1.05351660681256049E-003)
 (-1.70160400396478077E-003, 3.61617966198476265E-004) (  0.0000000000000000     ,  0.0000000000000000     ) (-2.30373832036908797E-004,-3.02928422229392939E-004)
 ( 9.89728262719455316E-005,-4.06358398273070666E-004) (  0.0000000000000000     ,  0.0000000000000000     ) (-2.46413868946018052E-005, 2.18907905533600716E-005)
 ( 5.32226686727877048E-004,-6.99885786937205073E-003) (  0.0000000000000000     ,  0.0000000000000000     ) ( 1.94409520943394074E-003, 3.88810353078501291E-004)
 (-2.14354780767986438E-003,-1.93557348723417971E-004) (  0.0000000000000000     ,  0.0000000000000000     ) ( 4.30272456662972888E-005,-4.06540395970024233E-004)
 ( 3.61949242616606140E-004, 5.43409265360259469E-005) (  0.0000000000000000     ,  0.0000000000000000     ) (-3.52633843158845202E-005,-1.15428039227915128E-006)
 ( 6.84367001786129886E-003,-6.19548556380234219E-003) (  0.0000000000000000     ,  0.0000000000000000     ) ( 1.20111733871814926E-003, 1.79270765718603795E-003)
 (-1.82846620083004438E-003,-1.78142494207986354E-003) (  0.0000000000000000     ,  0.0000000000000000     ) ( 3.28794653465601979E-004,-2.81524827013820717E-004)
 ( 1.11399676270441782E-004, 3.13885969269466725E-005) (  0.0000000000000000     ,  0.0000000000000000     ) (-2.65041523885895865E-005,-2.63451353357578890E-005)
 ( 1.28351016821301647E-002, 5.59491061579925363E-004) (  0.0000000000000000     ,  0.0000000000000000     ) (-4.09638534350483820E-004, 2.31203980784868129E-003)
 (-1.15431082620914057E-004,-3.37726003248287011E-003) (  0.0000000000000000     ,  0.0000000000000000     ) ( 4.65985779119684382E-004, 3.21297719533355678E-005)
 (-5.96709877197800192E-005, 5.58178783961801612E-004) (  0.0000000000000000     ,  0.0000000000000000     ) (-2.00264645921004106E-006,-4.14961804160885600E-005)
 ( 1.39713051581660651E-002, 1.29425583582541970E-002) (  0.0000000000000000     ,  0.0000000000000000     ) (-2.08104986341323172E-003, 1.47536615359463211E-003)
 ( 3.14417960829838430E-003,-4.37795301463301222E-003) (  0.0000000000000000     ,  0.0000000000000000     ) ( 3.52687240375818174E-004, 3.89739530703526863E-004)
 (-3.55216005944965598E-004, 9.09336046282819871E-004) (  0.0000000000000000     ,  0.0000000000000000     ) ( 2.75907562441680685E-005,-3.62441673998390677E-005)
 ( 1.05401235635088088E-003, 3.19896343840371106E-002) (  0.0000000000000000     ,  0.0000000000000000     ) (-2.81400420671174944E-003,-5.42916653930784906E-004)
 ( 9.24979457430173506E-003,-3.97306376549148334E-003) (  0.0000000000000000     ,  0.0000000000000000     ) (-3.46380847799526427E-007, 6.11356570965491432E-004)
 (-1.97762016721244249E-003, 7.46925342997665272E-004) (  0.0000000000000000     ,  0.0000000000000000     ) ( 5.07995485570099148E-005,-1.10564077968199013E-005)
 (-4.13430207901765365E-002, 5.59811840383645093E-002) (  0.0000000000000000     ,  0.0000000000000000     ) (-1.87868301351153165E-003,-2.92248560209453900E-003)
 ( 2.58152417546317278E-002, 2.47062085661746075E-004) (  0.0000000000000000     ,  0.0000000000000000     ) (-4.92350539873044070E-004, 5.64627733015708624E-004)
 (-7.11354341737203012E-003,-7.90601686831545267E-005) (  0.0000000000000000     ,  0.0000000000000000     ) ( 6.05509821284473703E-005, 2.27912570401090146E-005)
 (-0.23151166656973921     , 6.31820608743381834E-002) (  0.0000000000000000     ,  0.0000000000000000     ) ( 1.24393459784796464E-003,-4.51218720000040249E-003)
 ( 0.11682270537538905     , 5.78073581082828580E-002) (  0.0000000000000000     ,  0.0000000000000000     ) (-1.16122084828201703E-003, 2.10442859387916897E-004)
 (-4.26663599233513477E-002,-2.50893458332634746E-002) (  0.0000000000000000     ,  0.0000000000000000     ) ( 1.22822833408544376E-004, 5.22658993314209947E-005)
 (-0.46095534153781209     ,-4.05427950193584601E-004) (  21.493243746966318     ,  0.0000000000000000     ) ( 6.33806623393979880E-003,-4.69924738949337780E-003)
 (-5.44394317675445430E-004,-7.11855512517108404E-005) (  0.0000000000000000     ,  0.0000000000000000     ) (  0.0000000000000000     ,  0.0000000000000000     )
 ( 9.84701015796822648E-002, 5.63751065343998381E-002) (  0.0000000000000000     ,  0.0000000000000000     ) (-5.59003364713579623E-004,-1.53551209617553940E-005)
 (-0.22755459289351601     , 6.31446871452985836E-002) (  0.0000000000000000     ,  0.0000000000000000     ) ( 1.24393459784795271E-003,-4.51218720000040683E-003)
 (-0.11819136966728179     ,-5.87836909339568073E-002) (  0.0000000000000000     ,  0.0000000000000000     ) ( 1.16122084828202679E-003,-2.10442859394478353E-004)
 (-4.24264025014339102E-002,-2.46951072802116811E-002) (  0.0000000000000000     ,  0.0000000000000000     ) ( 1.22822833408544159E-004, 5.22658993314211438E-005)
 (-3.01710726254440890E-002, 6.47100830130309113E-002) (  0.0000000000000000     ,  0.0000000000000000     ) (-1.87868301351154596E-003,-2.92248560209448782E-003)
 (-2.62005706329280497E-002,-8.39892911035546724E-003) (  0.0000000000000000     ,  0.0000000000000000     ) ( 4.92350539872834819E-004,-5.64627733016494129E-004)
 (-7.62857519821799872E-003, 3.12470234974064967E-003) (  0.0000000000000000     ,  0.0000000000000000     ) ( 6.05509821284473500E-005, 2.27912570401090113E-005)
 (-6.97666225674429988E-004,-8.65962974334082776E-004) (  0.0000000000000000     ,  0.0000000000000000     ) (-2.29671894220272079E-004, 1.62432163956499344E-004)
 ( 5.00112345963550382E-004,-4.54858138338891369E-005) (  0.0000000000000000     ,  0.0000000000000000     ) ( 3.41550243023792965E-005, 4.91806380091704855E-005)
 ( 2.01354611445847876E-005, 6.09242798959407089E-006) (  0.0000000000000000     ,  0.0000000000000000     ) ( 3.13995180653428455E-006,-3.33509549417262152E-006)
 ( 5.64938806388453696E-004,-1.16755195895743274E-006) (  0.0000000000000000     ,  0.0000000000000000     ) (-2.95904746295498047E-004,-6.08620468424281240E-005)
 ( 1.26692392812137607E-004, 1.11984414707177733E-003) (  0.0000000000000000     ,  0.0000000000000000     ) (-8.80195760056698024E-006, 6.05990566149638635E-005)
 ( 1.61305946303025213E-004,-1.63411939782701472E-004) (  0.0000000000000000     ,  0.0000000000000000     ) ( 5.15649060531682018E-006, 4.59228458313620336E-007)
 (-4.23925944345827194E-004, 3.19883689680432203E-004) (  0.0000000000000000     ,  0.0000000000000000     ) (-1.77690915779920824E-004,-2.64143186196685452E-004)
 (-1.68925327097870794E-003, 1.50204709441686198E-003) (  0.0000000000000000     ,  0.0000000000000000     ) (-4.79761618144962195E-005, 3.04991934666684944E-005)
 (-2.44003182822006599E-004,-1.10115723481367750E-004) (  0.0000000000000000     ,  0.0000000000000000     ) ( 4.38744857157544944E-006, 3.77772460288685995E-006)
 (-8.92812171575800432E-004, 3.28611419171349623E-004) (  0.0000000000000000     ,  0.0000000000000000     ) ( 5.18236500967021735E-005,-3.26708585958665042E-004)
 (-5.11023325398911148E-004, 2.45209492110814910E-004) (  0.0000000000000000     ,  0.0000000000000000     ) (-6.22850863360165059E-005,-7.79332324941502279E-006)
 (-1.36759143753319520E-004, 4.46596552698209199E-004) (  0.0000000000000000     ,  0.0000000000000000     ) (-7.05182834936420892E-007, 5.50819346780739029E-006)
 (-1.06952999489112765E-003,-1.07912494081995264E-003) (  0.0000000000000000     ,  0.0000000000000000     ) ( 2.73735251976033294E-004,-2.02213850164958638E-004)
 ( 3.65424233930035272E-004, 8.04301702852719597E-004) (  0.0000000000000000     ,  0.0000000000000000     ) (-4.60823910861901355E-005,-5.34838370254078093E-005)
 ( 2.77919564070924525E-004, 5.68153097331944594E-006) (  0.0000000000000000     ,  0.0000000000000000     ) (-5.32025005654545259E-006, 4.28861928009051517E-006)
 ( 2.93672630698318471E-004,-9.54354875558696214E-004) (  0.0000000000000000     ,  0.0000000000000000     ) ( 3.52797177671956158E-004, 5.23724982446670135E-005)
 ( 6.71922562643508209E-004, 1.10381697932297024E-003) (  0.0000000000000000     ,  0.0000000000000000     ) ( 8.30922983968610339E-007,-7.22428855784290196E-005)
 (-1.82314885952285787E-005,-8.21650884918203271E-005) (  0.0000000000000000     ,  0.0000000000000000     ) (-5.69164493208126582E-006,-1.95584312886582907E-007)
 ( 1.61668328549326428E-003,-3.65421401330762890E-004) (  0.0000000000000000     ,  0.0000000000000000     ) ( 2.30373832036910776E-004, 3.02928422229397384E-004)
 ( 3.84761126775664956E-004,-1.98337757953261415E-004) (  0.0000000000000000     ,  0.0000000000000000     ) ( 5.56488087127656925E-005,-5.04692119151240807E-005)
 ( 1.38012239717298494E-004, 3.03386045376118009E-004) (  0.0000000000000000     ,  0.0000000000000000     ) (-5.21504567501365060E-006,-4.27576687789235495E-006)
 ( 2.12848708012956063E-003, 7.44721783213693364E-005) (  0.0000000000000000     ,  0.0000000000000000     ) (-4.30272456662974040E-005, 4.06540395987822496E-004)
 ( 3.57571759867088192E-004,-6.19623260981538491E-004) (  0.0000000000000000     ,  0.0000000000000000     ) ( 7.89355391525911051E-005, 2.32024201688486290E-006)
 ( 3.23128620657298939E-004, 3.58914102465921110E-004) (  0.0000000000000000     ,  0.0000000000000000     ) (-1.33153071457660466E-006,-6.70773969990974247E-006)
 ( 1.86663705724566414E-003, 1.61272713219368633E-003) (  0.0000000000000000     ,  0.0000000000000000     ) (-3.28794653465601979E-004, 2.81524827009049957E-004)
 ( 2.47875571023691379E-004,-7.62443742923208973E-004) (  0.0000000000000000     ,  0.0000000000000000     ) ( 6.16182785956569931E-005, 6.10925094211656823E-005)
 ( 1.91181567289388626E-004, 3.89398286255613181E-004) (  0.0000000000000000     ,  0.0000000000000000     ) ( 3.77764144336551519E-006,-6.02877682232127597E-006)
 ( 2.17683345614693422E-004, 3.25519020311029923E-003) (  0.0000000000000000     ,  0.0000000000000000     ) (-4.65985779119683894E-004,-3.21297719512587244E-005)
 ( 3.34124706089398364E-004,-5.72946655024664893E-004) (  0.0000000000000000     ,  0.0000000000000000     ) ( 6.80053769673954012E-006, 9.41924770157394174E-005)
 (-3.60230642695874942E-006, 1.59077363657145502E-004) (  0.0000000000000000     ,  0.0000000000000000     ) ( 7.19749222351447635E-006,-1.47942439372034207E-006)
 (-2.97676565585455527E-003, 4.41458398087483505E-003) (  0.0000000000000000     ,  0.0000000000000000     ) (-3.52687240375816602E-004,-3.89739530703526809E-004)
 ( 7.89069405167030342E-004, 8.13222749178563751E-005) (  0.0000000000000000     ,  0.0000000000000000     ) (-6.14403406375456579E-005, 8.15321299497809483E-005)
 (-4.08507367842306267E-004,-5.39091313899683176E-005) (  0.0000000000000000     ,  0.0000000000000000     ) ( 7.67729280404160192E-006, 3.98874344540030139E-006)
 (-9.10720159674534464E-003, 4.21588136464411296E-003) (  0.0000000000000000     ,  0.0000000000000000     ) ( 3.46380847799483069E-007,-6.11356570967973496E-004)
 ( 2.40180006977052307E-003, 1.42748920306735253E-003) (  0.0000000000000000     ,  0.0000000000000000     ) (-1.13744523950894716E-004, 2.62005114484192738E-005)
 (-7.93779881104830038E-004,-2.50496245221861380E-004) (  0.0000000000000000     ,  0.0000000000000000     ) ( 3.89020773544552603E-006, 7.92688442099379082E-006)
 (-2.58683584484249614E-002, 1.60692359735235509E-004) (  0.0000000000000000     ,  0.0000000000000000     ) ( 4.92350539872841650E-004,-5.64627733016757156E-004)
 ( 8.33938043919145965E-003, 6.50027782227303834E-003) (  0.0000000000000000     ,  0.0000000000000000     ) (-1.37245834697013525E-004,-5.18849790224602760E-005)
 (-2.61520167016451172E-003,-1.95738067304521580E-003) (  0.0000000000000000     ,  0.0000000000000000     ) ( 1.34575553992086210E-006, 9.40698651801185031E-006)
 (-0.11728616649871801     ,-5.74135444528531547E-002) (  0.0000000000000000     ,  0.0000000000000000     ) ( 1.16122084828202202E-003,-2.10442859397382714E-004)
 ( 4.57966929463246852E-002, 7.07041106302147282E-002) (  0.0000000000000000     ,  0.0000000000000000     ) (-2.48456912372543057E-004,-1.22677950580697264E-004)
 (-1.99514969837655300E-002,-3.37806113324132518E-002) (  0.0000000000000000     ,  0.0000000000000000     ) ( 5.69939469651504677E-005, 3.97444489058328680E-006)
 (-5.44394317675388835E-004,-7.11855512518145037E-005) (  0.0000000000000000     ,  0.0000000000000000     ) (  0.0000000000000000     ,  0.0000000000000000     )
 (-0.79333440546832779     , 0.54189390552531946     ) (  28.876873835844489     , -28.876873835844489     ) ( 2.30400040001401589E-003, 7.75770482325758036E-005)
 (-2.38938936210779542E-007,-3.88978588466721087E-005) (  0.0000000000000000     ,  0.0000000000000000     ) (  0.0000000000000000     ,  0.0000000000000000     )
 ( 0.11632644145841570     , 5.65353884085206468E-002) (  0.0000000000000000     ,  0.0000000000000000     ) (-1.16122084828202744E-003, 2.10442859398196462E-004)
 ( 4.54710977732315641E-002, 7.11558657604706851E-002) (  0.0000000000000000     ,  0.0000000000000000     ) (-2.48456912372583118E-004,-1.22677950580696884E-004)
 ( 2.00225487890980797E-002, 3.36388315105742852E-002) (  0.0000000000000000     ,  0.0000000000000000     ) (-5.69939469651507659E-005,-3.97444489058320549E-006)
 ( 2.73028808734082119E-002,-4.53864091603772401E-003) (  0.0000000000000000     ,  0.0000000000000000     ) (-4.92350539873053503E-004, 5.64627733011557431E-004)
 ( 5.65494811440846179E-003, 7.69230462268594151E-003) (  0.0000000000000000     ,  0.0000000000000000     ) (-1.37245834697013281E-004,-5.18849790224602963E-005)
 ( 3.66769771236702315E-003, 1.68908549304265087E-003) (  0.0000000000000000     ,  0.0000000000000000     ) (-1.34575553992083076E-006,-9.40698651801182829E-006)
 (-1.18000055326021158E-005, 1.88913153345346484E-004) (  0.0000000000000000     ,  0.0000000000000000     ) (-1.49068872094138112E-005,-2.13828879373572468E-005)
 ( 1.34731345265173841E-004, 1.23853119772058450E-004) (  0.0000000000000000     ,  0.0000000000000000     ) (-3.13995180653383181E-006, 3.33509549417264566E-006)
 (-7.79978525924157813E-005, 2.73269333571772271E-005) (  0.0000000000000000     ,  0.0000000000000000     ) ( 3.36317002897570599E-007, 2.46710669067808437E-007)
 (-1.33036990628810324E-004,-2.81518434845901770E-004) (  0.0000000000000000     ,  0.0000000000000000     ) ( 3.79595296703618262E-006,-2.59846103359063813E-005)
 (-1.45909064128451141E-004, 1.61991410222134556E-004) (  0.0000000000000000     ,  0.0000000000000000     ) (-5.15649060531621710E-006,-4.59228458313606360E-007)
 ( 1.75457197588379507E-004,-3.89484996850141712E-004) (  0.0000000000000000     ,  0.0000000000000000     ) ( 1.81527325290883815E-007, 9.49369957945424122E-007)
 ( 2.63074234731603155E-004, 9.23183444797233280E-004) (  0.0000000000000000     ,  0.0000000000000000     ) ( 1.81003850937523503E-005,-1.71629263676459965E-005)
 ( 2.44003182878128590E-004, 1.10115723440812476E-004) (  0.0000000000000000     ,  0.0000000000000000     ) (-4.38744857157519024E-006,-3.77772460288684979E-006)
 (-1.32190829560643332E-003, 1.12640144335951790E-003) (  0.0000000000000000     ,  0.0000000000000000     ) (-3.88467476697765717E-007,-3.99907245425510662E-006)
 (-2.13018351868466858E-004,-3.31446474480305792E-004) (  0.0000000000000000     ,  0.0000000000000000     ) ( 2.79229369245715614E-005, 3.79640111743606178E-006)
 ( 1.40317129085497464E-004,-4.48135740342820040E-004) (  0.0000000000000000     ,  0.0000000000000000     ) ( 7.05182834936364882E-007,-5.50819346780739283E-006)
 ( 1.88090783139187664E-004,-1.02956116633561677E-004) (  0.0000000000000000     ,  0.0000000000000000     ) (-6.79349742515715820E-007, 1.36220247245842933E-008)
 (-2.54964761286631655E-004,-4.98705333184633857E-004) (  0.0000000000000000     ,  0.0000000000000000     ) ( 1.92606890563786722E-005, 2.35918515257712765E-005)
 (-2.73647342908221747E-004,-4.22216934659244743E-006) (  0.0000000000000000     ,  0.0000000000000000     ) ( 5.32025005654492150E-006,-4.28861928009053719E-006)
 ( 5.95184189881345333E-005,-3.46802514186076642E-004) (  0.0000000000000000     ,  0.0000000000000000     ) ( 3.30619244695750059E-008,-3.60082716251151964E-008)
 (-4.40360744364976387E-005, 5.40669791438747570E-004) (  0.0000000000000000     ,  0.0000000000000000     ) (-2.98064919298549153E-006, 2.83310836858977606E-005)
 ( 6.36221385337287577E-006, 7.76488913160138606E-005) (  0.0000000000000000     ,  0.0000000000000000     ) ( 5.69164493208061022E-006, 1.95584312886572160E-007)
 (-7.01410597584034172E-005, 1.61465332526240579E-004) (  0.0000000000000000     ,  0.0000000000000000     ) (-1.00523715398372002E-007,-2.79857255827182480E-007)
 ( 1.07097046653046302E-004,-3.91022224597492119E-004) (  0.0000000000000000     ,  0.0000000000000000     ) (-2.46413868946017104E-005, 2.18907905533461532E-005)
 (-1.42472506986938692E-004,-3.06434954586222582E-004) (  0.0000000000000000     ,  0.0000000000000000     ) ( 5.21504567501313137E-006, 4.27576687789232106E-006)
 ( 1.43330278886293723E-004, 6.47182458510624757E-005) (  0.0000000000000000     ,  0.0000000000000000     ) (-6.16302573050399330E-008,-4.40707394680274769E-007)
 ( 3.84529148152972086E-004, 5.45658477178946909E-005) (  0.0000000000000000     ,  0.0000000000000000     ) (-3.52633843158845677E-005,-1.15428039227914471E-006)
 (-3.12208681177768288E-004,-3.56464777695544377E-004) (  0.0000000000000000     ,  0.0000000000000000     ) ( 1.33153071457649815E-006, 6.70773969990972299E-006)
 ( 4.19485684034686410E-004, 4.72058026958687587E-004) (  0.0000000000000000     ,  0.0000000000000000     ) (-9.79496219729731006E-007, 3.18653369015333999E-007)
 ( 8.66435248804890245E-005, 3.59055712778676519E-005) (  0.0000000000000000     ,  0.0000000000000000     ) (-2.65041523885900405E-005,-2.63451353357579127E-005)
 (-1.84553181433921685E-004,-3.96625940451242386E-004) (  0.0000000000000000     ,  0.0000000000000000     ) (-3.77764144336517129E-006, 6.02877682232125395E-006)
 ( 6.52249582226475212E-005,-2.79125471308412892E-004) (  0.0000000000000000     ,  0.0000000000000000     ) ( 8.45706937500328677E-007, 8.94044328377264247E-007)
 (-8.70774617281348318E-005, 5.71598563635685852E-004) (  0.0000000000000000     ,  0.0000000000000000     ) (-2.00264645921011221E-006,-4.14961804160885803E-005)
 ( 6.21823619542252643E-006,-1.60043745363925677E-004) (  0.0000000000000000     ,  0.0000000000000000     ) (-7.19749222351474655E-006, 1.47942439372028362E-006)
 (-1.85064968697508874E-004,-7.69031158912204945E-005) (  0.0000000000000000     ,  0.0000000000000000     ) ( 5.35177590167476517E-007, 4.63836121334098501E-007)
 (-3.76709491318351483E-004, 9.30073870320172712E-004) (  0.0000000000000000     ,  0.0000000000000000     ) ( 2.75907562441680211E-005,-3.62441673998389321E-005)
 ( 3.95507613986554327E-004, 6.26324478628807665E-005) (  0.0000000000000000     ,  0.0000000000000000     ) (-7.67729280404185603E-006,-3.98874344540032257E-006)
 (-3.38806894813324818E-004,-2.14660435213594826E-004) (  0.0000000000000000     ,  0.0000000000000000     ) ( 8.42363995292449580E-007, 3.14586817101537394E-007)
 (-1.97495176778301074E-003, 7.54487517207957210E-004) (  0.0000000000000000     ,  0.0000000000000000     ) ( 5.07995485570168266E-005,-1.10564077968198877E-005)
 ( 7.75267448003738439E-004, 2.61448459441524276E-004) (  0.0000000000000000     ,  0.0000000000000000     ) (-3.89020773544565901E-006,-7.92688442099379929E-006)
 (-2.42935481273127963E-004,-3.37423202395925701E-004) (  0.0000000000000000     ,  0.0000000000000000     ) ( 2.46320573726040550E-007, 3.34915934117730120E-007)
 (-7.09917284918388982E-003,-9.20614866074137041E-005) (  0.0000000000000000     ,  0.0000000000000000     ) ( 6.05509821284474313E-005, 2.27912570401089977E-005)
 ( 2.59263653232130482E-003, 1.95539872527292951E-003) (  0.0000000000000000     ,  0.0000000000000000     ) (-1.34575553992081128E-006,-9.40698651801183168E-006)
 (-1.02968000740641017E-003,-6.61931719960048869E-004) (  0.0000000000000000     ,  0.0000000000000000     ) ( 2.85756863976424101E-007,-2.32266987253365108E-007)
 (-4.26469354548679111E-002,-2.50945909486041605E-002) (  0.0000000000000000     ,  0.0000000000000000     ) ( 1.22822833408543129E-004, 5.22658993314210354E-005)
 ( 1.99244004013448550E-002, 3.37580219109400032E-002) (  0.0000000000000000     ,  0.0000000000000000     ) (-5.69939469651505558E-005,-3.97444489058321226E-006)
 (-9.61687817510915172E-003,-1.84406241149189520E-002) (  0.0000000000000000     ,  0.0000000000000000     ) ( 2.96771044894375498E-005,-1.23293204652913754E-006)
 ( 9.84701015796821677E-002, 5.63751065343999491E-002) (  0.0000000000000000     ,  0.0000000000000000     ) (-5.59003364713579623E-004,-1.53551209617555261E-005)
 (-2.38938936201112885E-007,-3.88978588466501129E-005) (  0.0000000000000000     ,  0.0000000000000000     ) (  0.0000000000000000     ,  0.0000000000000000     )
 (-0.87031384532195155     , 0.45295488443232856     ) (  41.095471280805093     , -41.095471280805093     ) ( 1.27730814593763351E-003, 5.41577401345160836E-005)
 (-4.25929183420671667E-002,-2.48081705120186749E-002) (  0.0000000000000000     ,  0.0000000000000000     ) ( 1.22822833408546545E-004, 5.22658993314211709E-005)
 (-1.98738012864541208E-002,-3.38704086991870323E-002) (  0.0000000000000000     ,  0.0000000000000000     ) ( 5.69939469651506913E-005, 3.97444489058329527E-006)
 (-9.64043594072614904E-003,-1.84169974037864947E-002) (  0.0000000000000000     ,  0.0000000000000000     ) ( 2.96771044894379123E-005,-1.23293204652911382E-006)
 (-7.55420032962048679E-003, 8.91550669462259676E-004) (  0.0000000000000000     ,  0.0000000000000000     ) ( 6.05509821284473161E-005, 2.27912570401090282E-005)
 (-2.00703816098977191E-003,-2.16085849348421170E-003) (  0.0000000000000000     ,  0.0000000000000000     ) ( 1.34575553992089217E-006, 9.40698651801184354E-006)
 (-1.27653228200392838E-003,-6.24488407277871450E-004) (  0.0000000000000000     ,  0.0000000000000000     ) ( 2.85756863976466293E-007,-2.32266987253376543E-007)
 (-1.15230837788117156E-003,-1.50398048958109553E-003) (  0.0000000000000000     ,  0.0000000000000000     ) ( 1.36583001009397379E-003, 3.76621852740823915E-004)
 (-1.26130926559900498E-003,-5.87076836517084620E-004) (  0.0000000000000000     ,  0.0000000000000000     ) ( 6.19888482552975631E-005,-2.81186950552767033E-004)
 (-2.65102492317924245E-004,-3.94574583380449004E-004) (  0.0000000000000000     ,  0.0000000000000000     ) (-2.42929960110183385E-005,-4.25239958371560817E-006)
 ( 2.45379299395376413E-003,-1.37324348956234174E-003) (  0.0000000000000000     ,  0.0000000000000000     ) ( 7.46428804988650977E-004, 1.28239357783083477E-003)
 ( 1.43754560542962151E-003, 7.38924456434937225E-004) (  0.0000000000000000     ,  0.0000000000000000     ) ( 2.29671894220256873E-004,-1.62432163956757519E-004)
 ( 4.12833070201453072E-005, 1.78938779821141594E-004) (  0.0000000000000000     ,  0.0000000000000000     ) (-1.49068872094138756E-005,-2.13828879373572874E-005)
 ( 3.03807718566552866E-003, 1.20693425222000573E-004) (  0.0000000000000000     ,  0.0000000000000000     ) (-3.45115459221472540E-004, 1.49150732946954517E-003)
 (-5.64938806552455646E-004, 1.16755215254108011E-006) (  0.0000000000000000     ,  0.0000000000000000     ) ( 2.95904746295498210E-004, 6.08620468424279749E-005)
 (-1.33036990583168665E-004,-2.81518434968286999E-004) (  0.0000000000000000     ,  0.0000000000000000     ) ( 3.79595296703625546E-006,-2.59846103359063711E-005)
 ( 1.97028953078214617E-003, 2.32550644317368327E-003) (  0.0000000000000000     ,  0.0000000000000000     ) (-1.31069642483873979E-003, 8.33277347499296263E-004)
 ( 6.20813620738724752E-004,-4.21148530769524076E-004) (  0.0000000000000000     ,  0.0000000000000000     ) ( 1.77690915779922152E-004, 2.64143186196687566E-004)
 ( 2.84359621401127365E-004, 9.28133579843537916E-004) (  0.0000000000000000     ,  0.0000000000000000     ) ( 1.81003850937512153E-005,-1.71629263676459457E-005)
 (-1.07723476811130486E-003, 3.10391499432632976E-003) (  0.0000000000000000     ,  0.0000000000000000     ) (-1.57193536690994123E-003,-3.72339990472883304E-004)
 ( 9.82384527283593732E-004,-3.27730636658999589E-004) (  0.0000000000000000     ,  0.0000000000000000     ) (-5.18236500966990090E-005, 3.26708585958552611E-004)
 (-2.32121131580185342E-004,-3.32240487670888620E-004) (  0.0000000000000000     ,  0.0000000000000000     ) ( 2.79229369245706567E-005, 3.79640111744004157E-006)
 (-3.09450452869056971E-003, 1.73255002465017450E-003) (  0.0000000000000000     ,  0.0000000000000000     ) (-9.21437224686238792E-004,-1.45574737113278517E-003)
 ( 1.01580112234826302E-003, 1.13158023057214241E-003) (  0.0000000000000000     ,  0.0000000000000000     ) (-2.73735251976037143E-004, 2.02213850165758536E-004)
 (-1.76028819318050256E-004,-4.87885464628674424E-004) (  0.0000000000000000     ,  0.0000000000000000     ) ( 1.92606890563787637E-005, 2.35918515257712934E-005)
 (-3.39627147683854973E-003, 4.84232142515019230E-005) (  0.0000000000000000     ,  0.0000000000000000     ) ( 3.47302071175228000E-004,-1.77342026295858606E-003)
 (-3.79438403250721723E-004, 9.09972795182015606E-004) (  0.0000000000000000     ,  0.0000000000000000     ) (-3.52797177671952092E-004,-5.23724982446664713E-005)
 (-3.16167600824384396E-005, 5.40860042197030587E-004) (  0.0000000000000000     ,  0.0000000000000000     ) (-2.98064919298562028E-006, 2.83310836858897070E-005)
 (-4.15729825065395877E-003,-4.14639222164482710E-003) (  0.0000000000000000     ,  0.0000000000000000     ) ( 1.55055707945597407E-003,-1.05351660681256266E-003)
 (-1.51960797843750470E-003, 2.37465217158164190E-004) (  0.0000000000000000     ,  0.0000000000000000     ) (-2.30373832036915303E-004,-3.02928422229393698E-004)
 ( 4.57752061571693738E-005,-4.04966167415910872E-004) (  0.0000000000000000     ,  0.0000000000000000     ) (-2.46413868946036992E-005, 2.18907905533532513E-005)
 ( 6.67625802397614314E-004,-6.50273238005377729E-003) (  0.0000000000000000     ,  0.0000000000000000     ) ( 1.94409520943394074E-003, 3.88810353078501291E-004)
 (-1.94291327067389703E-003,-2.00231781559711522E-004) (  0.0000000000000000     ,  0.0000000000000000     ) ( 4.30272456662972888E-005,-4.06540395970024233E-004)
 ( 4.11856201067845582E-004, 9.34095072437482926E-005) (  0.0000000000000000     ,  0.0000000000000000     ) (-3.52633843158845202E-005,-1.15428039227915128E-006)
 ( 6.42774484709321674E-003,-5.66284525482344502E-003) (  0.0000000000000000     ,  0.0000000000000000     ) ( 1.20111733871814839E-003, 1.79270765718497977E-003)
 (-1.77016476231498963E-003,-1.67027299815175698E-003) (  0.0000000000000000     ,  0.0000000000000000     ) ( 3.28794653465600407E-004,-2.81524827009198980E-004)
 ( 1.06227628966819109E-004, 1.86239137206781679E-005) (  0.0000000000000000     ,  0.0000000000000000     ) (-2.65041523885898610E-005,-2.63451353357582583E-005)
 ( 1.20569215348861822E-002, 5.61357896255024582E-004) (  0.0000000000000000     ,  0.0000000000000000     ) (-4.09638534350483820E-004, 2.31203980784868129E-003)
 (-1.44370421080251723E-004,-3.12556986792875829E-003) (  0.0000000000000000     ,  0.0000000000000000     ) ( 4.65985779119684382E-004, 3.21297719533355678E-005)
 (-1.95640994855876191E-005, 5.10729949722408378E-004) (  0.0000000000000000     ,  0.0000000000000000     ) (-2.00264645921004106E-006,-4.14961804160885600E-005)
 ( 1.31855813726984832E-002, 1.21596235928993126E-002) (  0.0000000000000000     ,  0.0000000000000000     ) (-2.08104986341324559E-003, 1.47536615359540840E-003)
 ( 2.92652791079851598E-003,-4.11540197780867114E-003) (  0.0000000000000000     ,  0.0000000000000000     ) ( 3.52687240375814651E-004, 3.89739530703527026E-004)
 (-3.34456578286360595E-004, 8.66631426567873882E-004) (  0.0000000000000000     ,  0.0000000000000000     ) ( 2.75907562441833016E-005,-3.62441673998390202E-005)
 ( 9.94488750146227439E-004, 3.04251297969414351E-002) (  0.0000000000000000     ,  0.0000000000000000     ) (-2.81400420671174857E-003,-5.42916653908610911E-004)
 ( 8.81674433156346554E-003,-3.90384218343125308E-003) (  0.0000000000000000     ,  0.0000000000000000     ) (-3.46380847799250612E-007, 6.11356570960592247E-004)
 (-1.91280421805977568E-003, 7.40803513644214240E-004) (  0.0000000000000000     ,  0.0000000000000000     ) ( 5.07995485570125101E-005,-1.10564077968198674E-005)
 (-3.98401851970053636E-002, 5.41820329412515539E-002) (  0.0000000000000000     ,  0.0000000000000000     ) (-1.87868301351153165E-003,-2.92248560209453900E-003)
 ( 2.52210165963398063E-002,-1.12515885852387039E-004) (  0.0000000000000000     ,  0.0000000000000000     ) (-4.92350539873044070E-004, 5.64627733015708624E-004)
 (-6.99847199913036615E-003,-2.64725651428228794E-005) (  0.0000000000000000     ,  0.0000000000000000     ) ( 6.05509821284473703E-005, 2.27912570401090146E-005)
 (-0.22755459289351629     , 6.31446871452990000E-002) (  0.0000000000000000     ,  0.0000000000000000     ) ( 1.24393459784795271E-003,-4.51218720000040683E-003)
 ( 0.11632644145841579     , 5.65353884085209174E-002) (  0.0000000000000000     ,  0.0000000000000000     ) (-1.16122084828202744E-003, 2.10442859398196462E-004)
 (-4.25929183420673194E-002,-2.48081705120185812E-002) (  0.0000000000000000     ,  0.0000000000000000     ) ( 1.22822833408546545E-004, 5.22658993314211709E-005)
 (-0.45409551232703771     , 6.05111501818203588E-003) (  21.493243746966318     ,  0.0000000000000000     ) ( 6.33806623393979880E-003,-4.69924738949337780E-003)
 ( 6.63992797081836700E-005,-3.87973291536103902E-003) (  0.0000000000000000     ,  0.0000000000000000     ) (  0.0000000000000000     ,  0.0000000000000000     )
 ( 9.82253670124273726E-002, 5.74292278749356580E-002) (  0.0000000000000000     ,  0.0000000000000000     ) (-5.59003364713579623E-004,-1.53551209617553940E-005)
 (-0.22723214846312850     , 9.76129679108046766E-002) (  0.0000000000000000     ,  0.0000000000000000     ) ( 1.24393459784795271E-003,-4.51218720000040683E-003)
 (-0.10389131990896497     ,-7.31760136179092635E-002) (  0.0000000000000000     ,  0.0000000000000000     ) ( 1.16122084828202679E-003,-2.10442859394478353E-004)
 (-4.87682153149273795E-002,-1.99974411071305452E-002) (  0.0000000000000000     ,  0.0000000000000000     ) ( 1.22822833408544159E-004, 5.22658993314211438E-005)
 ( 1.51011392810366900E-003, 3.77009932157235279E-005) (  0.0000000000000000     ,  0.0000000000000000     ) (-6.19888482552974140E-005, 2.81186950552753643E-004)
 (-2.47800273925112742E-004,-1.21374014827534192E-003) (  0.0000000000000000     ,  0.0000000000000000     ) ( 5.66109451453858059E-005, 1.13493348886246244E-005)
 ( 1.55038659683115183E-004, 3.42779215858597197E-004) (  0.0000000000000000     ,  0.0000000000000000     ) ( 5.32414924268280331E-007,-5.04023687649267754E-006)
 (-1.43754560547729518E-003,-7.38924456396847034E-004) (  0.0000000000000000     ,  0.0000000000000000     ) (-2.29671894220257117E-004, 1.62432163956595485E-004)
 ( 1.33770172786760799E-004,-3.52612159304396041E-004) (  0.0000000000000000     ,  0.0000000000000000     ) ( 3.41550243023774398E-005, 4.91806380091705736E-005)
 (-1.40725565344510781E-004,-1.53170248369389968E-004) (  0.0000000000000000     ,  0.0000000000000000     ) ( 3.13995180653194589E-006,-3.33509549417333260E-006)
 ( 5.39933974114887747E-004, 1.99040736355304902E-004) (  0.0000000000000000     ,  0.0000000000000000     ) (-2.95904746295498047E-004,-6.08620468424281240E-005)
 ( 1.26692392786182241E-004, 1.11984414708678247E-003) (  0.0000000000000000     ,  0.0000000000000000     ) (-8.80195760056698024E-006, 6.05990566149638635E-005)
 ( 1.45909064138033265E-004,-1.61991410236415775E-004) (  0.0000000000000000     ,  0.0000000000000000     ) ( 5.15649060531682018E-006, 4.59228458313620336E-007)
 (-4.41618848160454480E-004, 5.25286987234908865E-004) (  0.0000000000000000     ,  0.0000000000000000     ) (-1.77690915779922152E-004,-2.64143186196695318E-004)
 (-1.77520684742296956E-003, 1.48710106516472063E-003) (  0.0000000000000000     ,  0.0000000000000000     ) (-4.79761618144970733E-005, 3.04991934666684504E-005)
 (-2.50690613006753459E-004,-1.14705825107771218E-004) (  0.0000000000000000     ,  0.0000000000000000     ) ( 4.38744857157517669E-006, 3.77772460288686080E-006)
 (-9.90355131455998485E-004, 4.50307136944799952E-004) (  0.0000000000000000     ,  0.0000000000000000     ) ( 5.18236500966988734E-005,-3.26708585958497696E-004)
 (-5.14297995834641242E-004, 2.39106715433844814E-004) (  0.0000000000000000     ,  0.0000000000000000     ) (-6.22850863360227672E-005,-7.79332324941426216E-006)
 (-1.30558838846649958E-004, 4.59919608401983238E-004) (  0.0000000000000000     ,  0.0000000000000000     ) (-7.05182834935966353E-007, 5.50819346780739876E-006)
 (-1.19649819816030549E-003,-1.09506994383848756E-003) (  0.0000000000000000     ,  0.0000000000000000     ) ( 2.73735251976037089E-004,-2.02213850165525242E-004)
 ( 3.73386569093229104E-004, 8.17121459107769460E-004) (  0.0000000000000000     ,  0.0000000000000000     ) (-4.60823910861917347E-005,-5.34838370254078568E-005)
 ( 2.56542761776477630E-004,-2.59116206080317210E-005) (  0.0000000000000000     ,  0.0000000000000000     ) (-5.32025005654748970E-006, 4.28861928009049992E-006)
 ( 2.52725636076403439E-004,-1.11779226389012920E-003) (  0.0000000000000000     ,  0.0000000000000000     ) ( 3.52797177671952363E-004, 5.23724982446662681E-005)
 ( 6.41234871740675597E-004, 1.13501981478094011E-003) (  0.0000000000000000     ,  0.0000000000000000     ) ( 8.30922983968473755E-007,-7.22428855784292635E-005)
 (-1.34375917751847415E-005,-8.50412137029789116E-005) (  0.0000000000000000     ,  0.0000000000000000     ) (-5.69164493208083807E-006,-1.95584312886583066E-007)
 ( 1.68882987750883034E-003,-5.49174906110603688E-004) (  0.0000000000000000     ,  0.0000000000000000     ) ( 2.30373832036914489E-004, 3.02928422229397818E-004)
 ( 3.04014595243761474E-004,-2.30747599875853423E-004) (  0.0000000000000000     ,  0.0000000000000000     ) ( 5.56488087127656248E-005,-5.04692119151233827E-005)
 ( 1.53345502921264492E-004, 3.22998560309934910E-004) (  0.0000000000000000     ,  0.0000000000000000     ) (-5.21504567501298060E-006,-4.27576687789233038E-006)
 ( 2.26218031825657596E-003,-7.00495198526902797E-005) (  0.0000000000000000     ,  0.0000000000000000     ) (-4.30272456662974040E-005, 4.06540395987822496E-004)
 ( 3.08219692313705805E-004,-6.80604989151202696E-004) (  0.0000000000000000     ,  0.0000000000000000     ) ( 7.89355391525911051E-005, 2.32024201688486290E-006)
 ( 3.25015373400542153E-004, 3.34554079335826736E-004) (  0.0000000000000000     ,  0.0000000000000000     ) (-1.33153071457660466E-006,-6.70773969990974247E-006)
 ( 2.13852823824181495E-003, 1.65750944233982486E-003) (  0.0000000000000000     ,  0.0000000000000000     ) (-3.28794653465600245E-004, 2.81524827008268572E-004)
 ( 2.72463229919722011E-004,-8.10651757993632394E-004) (  0.0000000000000000     ,  0.0000000000000000     ) ( 6.16182785956568982E-005, 6.10925094211657230E-005)
 ( 1.87331340128827066E-004, 3.97618958689051674E-004) (  0.0000000000000000     ,  0.0000000000000000     ) ( 3.77764144336572186E-006,-6.02877682232129291E-006)
 ( 3.85680165311740107E-004, 3.53686069927803366E-003) (  0.0000000000000000     ,  0.0000000000000000     ) (-4.65985779119683894E-004,-3.21297719512587244E-005)
 ( 4.24064875205473616E-004,-6.18940881815660754E-004) (  0.0000000000000000     ,  0.0000000000000000     ) ( 6.80053769673954012E-006, 9.41924770157394174E-005)
 (-3.06263333561750627E-005, 1.58740994958620770E-004) (  0.0000000000000000     ,  0.0000000000000000     ) ( 7.19749222351447635E-006,-1.47942439372034207E-006)
 (-3.07632482268633493E-003, 4.86482108868446436E-003) (  0.0000000000000000     ,  0.0000000000000000     ) (-3.52687240375815572E-004,-3.89739530703527026E-004)
 ( 9.27745567503208274E-004, 1.01251340907839728E-004) (  0.0000000000000000     ,  0.0000000000000000     ) (-6.14403406375478399E-005, 8.15321299497807450E-005)
 (-4.28815657072055328E-004,-4.94648914220769276E-005) (  0.0000000000000000     ,  0.0000000000000000     ) ( 7.67729280404142574E-006, 3.98874344540029377E-006)
 (-9.63307920782564830E-003, 4.57304101588000902E-003) (  0.0000000000000000     ,  0.0000000000000000     ) ( 3.46380847799396143E-007,-6.11356570975221279E-004)
 ( 2.52648208994824073E-003, 1.55780937052510610E-003) (  0.0000000000000000     ,  0.0000000000000000     ) (-1.13744523950923068E-004, 2.62005114484193009E-005)
 (-8.09599792481071581E-004,-2.69729327378003686E-004) (  0.0000000000000000     ,  0.0000000000000000     ) ( 3.89020773544544472E-006, 7.92688442099378404E-006)
 (-2.68162629567800792E-002, 2.30148612133039250E-005) (  0.0000000000000000     ,  0.0000000000000000     ) ( 4.92350539872841650E-004,-5.64627733016757156E-004)
 ( 8.34690382120841998E-003, 6.77707644637598472E-003) (  0.0000000000000000     ,  0.0000000000000000     ) (-1.37245834697013525E-004,-5.18849790224602760E-005)
 (-2.62205438481150944E-003,-2.01065969465036992E-003) (  0.0000000000000000     ,  0.0000000000000000     ) ( 1.34575553992086210E-006, 9.40698651801185031E-006)
 (-0.11819136966728179     ,-5.87836909339566824E-002) (  0.0000000000000000     ,  0.0000000000000000     ) ( 1.16122084828202679E-003,-2.10442859394478353E-004)
 ( 4.54710977732315849E-002, 7.11558657604707406E-002) (  0.0000000000000000     ,  0.0000000000000000     ) (-2.48456912372583118E-004,-1.22677950580696884E-004)
 (-1.98738012864541798E-002,-3.38704086991870254E-002) (  0.0000000000000000     ,  0.0000000000000000     ) ( 5.69939469651506913E-005, 3.97444489058329527E-006)
 ( 6.63992797082547936E-005,-3.87973291536091412E-003) (  0.0000000000000000     ,  0.0000000000000000     ) (  0.0000000000000000     ,  0.0000000000000000     )
 (-0.79473540824070799     , 0.54257171763746159     ) (  28.876873835844489     , -28.876873835844489     ) ( 2.30400040001401589E-003, 7.75770482325758036E-005)
 ( 4.03461047641475975E-004,-2.04324828036371109E-004) (  0.0000000000000000     ,  0.0000000000000000     ) (  0.0000000000000000     ,  0.0000000000000000     )
 ( 0.12768798431592401     , 4.81394657340599441E-002) (  0.0000000000000000     ,  0.0000000000000000     ) (-1.16122084828202744E-003, 2.10442859398196462E-004)
 ( 3.73369465713522253E-002, 7.00381931460871826E-002) (  0.0000000000000000     ,  0.0000000000000000     ) (-2.48456912372583118E-004,-1.22677950580696884E-004)
 ( 2.31039176041583638E-002, 3.44816302789430901E-002) (  0.0000000000000000     ,  0.0000000000000000     ) (-5.69939469651507659E-005,-3.97444489058320549E-006)
 (-1.05891485045679721E-004,-1.27348551234205960E-004) (  0.0000000000000000     ,  0.0000000000000000     ) (-2.42929960110183791E-005,-4.25239958371561834E-006)
 (-3.11579506781071731E-005,-1.99881645156130998E-004) (  0.0000000000000000     ,  0.0000000000000000     ) (-5.32414924268064126E-007, 5.04023687649268770E-006)
 (-3.06005375405380943E-005,-6.48585615337244617E-005) (  0.0000000000000000     ,  0.0000000000000000     ) ( 4.84692177535572041E-007,-9.34141275612242076E-008)
 ( 4.12833070038467467E-005, 1.78938779803101717E-004) (  0.0000000000000000     ,  0.0000000000000000     ) (-1.49068872094138502E-005,-2.13828879373572807E-005)
 ( 1.40725565339611190E-004, 1.53170248378994264E-004) (  0.0000000000000000     ,  0.0000000000000000     ) (-3.13995180653156727E-006, 3.33509549417332625E-006)
 (-7.12851180656762196E-005, 3.95825162499105249E-005) (  0.0000000000000000     ,  0.0000000000000000     ) ( 3.36317002898034668E-007, 2.46710669067817490E-007)
 (-1.38303166038926525E-004,-3.14420093138397699E-004) (  0.0000000000000000     ,  0.0000000000000000     ) ( 3.79595296703618262E-006,-2.59846103359063813E-005)
 (-1.61305946350885447E-004, 1.63411939812662830E-004) (  0.0000000000000000     ,  0.0000000000000000     ) (-5.15649060531621710E-006,-4.59228458313606360E-007)
 ( 1.75457197611744524E-004,-3.89484996865476505E-004) (  0.0000000000000000     ,  0.0000000000000000     ) ( 1.81527325290883815E-007, 9.49369957945424122E-007)
 ( 2.71107540457865559E-004, 8.76693841303637978E-004) (  0.0000000000000000     ,  0.0000000000000000     ) ( 1.81003850937512526E-005,-1.71629263676460304E-005)
 ( 2.64614099747936457E-004, 1.17243347553995866E-004) (  0.0000000000000000     ,  0.0000000000000000     ) (-4.38744857157503524E-006,-3.77772460288685360E-006)
 (-1.32123704688656761E-003, 1.12832103584233675E-003) (  0.0000000000000000     ,  0.0000000000000000     ) (-3.88467476698110036E-007,-3.99907245425492112E-006)
 (-1.81461996928195652E-004,-3.62046506892468953E-004) (  0.0000000000000000     ,  0.0000000000000000     ) ( 2.79229369245707143E-005, 3.79640111744007121E-006)
 ( 1.42237439165012055E-004,-4.44481526408334825E-004) (  0.0000000000000000     ,  0.0000000000000000     ) ( 7.05182834935896155E-007,-5.50819346780740807E-006)
 ( 1.86246728541915698E-004,-1.06981084843978425E-004) (  0.0000000000000000     ,  0.0000000000000000     ) (-6.79349742515035123E-007, 1.36220247246043011E-008)
 (-2.18298148731147748E-004,-4.91630488753589420E-004) (  0.0000000000000000     ,  0.0000000000000000     ) ( 1.92606890563787705E-005, 2.35918515257712934E-005)
 (-2.73929311506146357E-004,-4.89885595288919412E-006) (  0.0000000000000000     ,  0.0000000000000000     ) ( 5.32025005654697047E-006,-4.28861928009052364E-006)
 ( 6.48159570894226301E-005,-3.36271868642960424E-004) (  0.0000000000000000     ,  0.0000000000000000     ) ( 3.30619244695210407E-008,-3.60082716251262276E-008)
 (-3.56437060937842150E-005, 5.86117327585480158E-004) (  0.0000000000000000     ,  0.0000000000000000     ) (-2.98064919298567237E-006, 2.83310836858896901E-005)
 ( 1.54873763610054399E-005, 7.01813007612178490E-005) (  0.0000000000000000     ,  0.0000000000000000     ) ( 5.69164493208019348E-006, 1.95584312886565755E-007)
 (-7.11129776979937381E-005, 1.62420806953920141E-004) (  0.0000000000000000     ,  0.0000000000000000     ) (-1.00523715397916034E-007,-2.79857255827165221E-007)
 ( 8.21789438887791197E-005,-3.42301034131049483E-004) (  0.0000000000000000     ,  0.0000000000000000     ) (-2.46413868946037026E-005, 2.18907905533685792E-005)
 (-1.20176498467945085E-004,-2.96299531524420699E-004) (  0.0000000000000000     ,  0.0000000000000000     ) ( 5.21504567501245036E-006, 4.27576687789229650E-006)
 ( 1.39706313743388386E-004, 5.90141061678040821E-005) (  0.0000000000000000     ,  0.0000000000000000     ) (-6.16302573050178837E-008,-4.40707394680262540E-007)
 ( 3.44607950687811164E-004, 9.09692821379581948E-005) (  0.0000000000000000     ,  0.0000000000000000     ) (-3.52633843158845677E-005,-1.15428039227914471E-006)
 (-2.98945193327060529E-004,-3.39199194748892349E-004) (  0.0000000000000000     ,  0.0000000000000000     ) ( 1.33153071457649815E-006, 6.70773969990972299E-006)
 ( 4.18799112958832148E-004, 4.78927469286607110E-004) (  0.0000000000000000     ,  0.0000000000000000     ) (-9.79496219729731006E-007, 3.18653369015333999E-007)
 ( 1.37564014808758020E-005, 1.71343641021408008E-005) (  0.0000000000000000     ,  0.0000000000000000     ) (-2.65041523885897966E-005,-2.63451353357582787E-005)
 (-1.93400751171365708E-004,-3.85493831770272765E-004) (  0.0000000000000000     ,  0.0000000000000000     ) (-3.77764144336537500E-006, 6.02877682232127597E-006)
 ( 6.68051417824738720E-005,-2.81210166253726876E-004) (  0.0000000000000000     ,  0.0000000000000000     ) ( 8.45706937500109719E-007, 8.94044328377263188E-007)
 (-1.26851008083809591E-004, 4.89254529149458356E-004) (  0.0000000000000000     ,  0.0000000000000000     ) (-2.00264645921011221E-006,-4.14961804160885803E-005)
 (-2.06681671298049763E-005,-1.50524596372046850E-004) (  0.0000000000000000     ,  0.0000000000000000     ) (-7.19749222351474655E-006, 1.47942439372028362E-006)
 (-1.76761786285376459E-004,-7.66833770381422414E-005) (  0.0000000000000000     ,  0.0000000000000000     ) ( 5.35177590167476517E-007, 4.63836121334098501E-007)
 (-3.39125078719294446E-004, 8.08933473944402782E-004) (  0.0000000000000000     ,  0.0000000000000000     ) ( 2.75907562441830475E-005,-3.62441673998390270E-005)
 ( 3.57465253958774156E-004, 5.43855721519282949E-005) (  0.0000000000000000     ,  0.0000000000000000     ) (-7.67729280404165952E-006,-3.98874344540031833E-006)
 (-3.33110878611446470E-004,-2.15435847320079863E-004) (  0.0000000000000000     ,  0.0000000000000000     ) ( 8.42363995292624810E-007, 3.14586817101552217E-007)
 (-1.82137694194280976E-003, 6.68547225516574186E-004) (  0.0000000000000000     ,  0.0000000000000000     ) ( 5.07995485570194896E-005,-1.10564077968198386E-005)
 ( 7.45327491679698530E-004, 2.22373076354753758E-004) (  0.0000000000000000     ,  0.0000000000000000     ) (-3.89020773544555906E-006,-7.92688442099379929E-006)
 (-2.38977038915622324E-004,-3.31672525016865898E-004) (  0.0000000000000000     ,  0.0000000000000000     ) ( 2.46320573726039332E-007, 3.34915934117719373E-007)
 (-6.83939877657002444E-003,-3.23604158529731999E-005) (  0.0000000000000000     ,  0.0000000000000000     ) ( 6.05509821284474313E-005, 2.27912570401089977E-005)
 ( 2.59664342071349837E-003, 1.87820649414252062E-003) (  0.0000000000000000     ,  0.0000000000000000     ) (-1.34575553992081128E-006,-9.40698651801183168E-006)
 (-1.02908637791503631E-003,-6.47049175092981690E-004) (  0.0000000000000000     ,  0.0000000000000000     ) ( 2.85756863976424101E-007,-2.32266987253365108E-007)
 (-4.24264025014338478E-002,-2.46951072802117574E-002) (  0.0000000000000000     ,  0.0000000000000000     ) ( 1.22822833408544159E-004, 5.22658993314211438E-005)
 ( 2.00225487890980311E-002, 3.36388315105743130E-002) (  0.0000000000000000     ,  0.0000000000000000     ) (-5.69939469651507659E-005,-3.97444489058320549E-006)
 (-9.64043594072614730E-003,-1.84169974037864947E-002) (  0.0000000000000000     ,  0.0000000000000000     ) ( 2.96771044894379123E-005,-1.23293204652911382E-006)
 ( 9.82253670124271089E-002, 5.74292278749355539E-002) (  0.0000000000000000     ,  0.0000000000000000     ) (-5.59003364713579623E-004,-1.53551209617555261E-005)
 ( 4.03461047641449954E-004,-2.04324828036381951E-004) (  0.0000000000000000     ,  0.0000000000000000     ) (  0.0000000000000000     ,  0.0000000000000000     )
 (-0.87042984708974103     , 0.45299533381767598     ) (  41.095471280805093     , -41.095471280805093     ) ( 1.27730814593763351E-003, 5.41577401345160836E-005)
 (-4.59475794243803665E-002,-2.26090399464245022E-002) (  0.0000000000000000     ,  0.0000000000000000     ) ( 1.22822833408546545E-004, 5.22658993314211709E-005)
 (-1.75722764686916597E-002,-3.34524140465211825E-002) (  0.0000000000000000     ,  0.0000000000000000     ) ( 5.69939469651506913E-005, 3.97444489058329527E-006)
 (-1.05172066712562323E-002,-1.86887793911033814E-002) (  0.0000000000000000     ,  0.0000000000000000     ) ( 2.96771044894379123E-005,-1.23293204652911382E-006)
 (-9.78714228174789713E-004, 5.39010594755693294E-004) (  0.0000000000000000     ,  0.0000000000000000     ) ( 1.17864887216016442E-003,-6.85635960831692398E-004)
 (-1.31970182705354344E-003, 6.96851781097431594E-004) (  0.0000000000000000     ,  0.0000000000000000     ) (-1.46285475722151572E-004,-2.39797595816121248E-004)
 (-1.70898023859022697E-004, 4.45681232279676902E-004) (  0.0000000000000000     ,  0.0000000000000000     ) (-1.98410390453131815E-005, 1.06932866175590636E-005)
 (-1.15230837774068324E-003,-1.50398048961663481E-003) (  0.0000000000000000     ,  0.0000000000000000     ) ( 1.36583001009397379E-003, 3.76621852740823915E-004)
 (-1.51011392815874885E-003,-3.77009932103135217E-005) (  0.0000000000000000     ,  0.0000000000000000     ) ( 6.19888482552975631E-005,-2.81186950552767033E-004)
 (-1.05891485020892420E-004,-1.27348551231224648E-004) (  0.0000000000000000     ,  0.0000000000000000     ) (-2.42929960110183385E-005,-4.25239958371560817E-006)
 ( 1.78491229609732834E-003,-1.69211949431851186E-003) (  0.0000000000000000     ,  0.0000000000000000     ) ( 7.46428804988656398E-004, 1.28239357783107330E-003)
 ( 6.97666225585428265E-004, 8.65962974268021362E-004) (  0.0000000000000000     ,  0.0000000000000000     ) ( 2.29671894220272052E-004,-1.62432163957116607E-004)
 (-1.18000055467288906E-005, 1.88913153394841207E-004) (  0.0000000000000000     ,  0.0000000000000000     ) (-1.49068872094138146E-005,-2.13828879373572603E-005)
 ( 2.89334255146162997E-003,-9.99656548751806607E-004) (  0.0000000000000000     ,  0.0000000000000000     ) (-3.45115459221472540E-004, 1.49150732946954517E-003)
 ( 5.96697960371705212E-005, 7.30564415265087135E-005) (  0.0000000000000000     ,  0.0000000000000000     ) ( 2.95904746295498210E-004, 6.08620468424279749E-005)
 (-1.24641195448352017E-004,-2.23196114410436714E-004) (  0.0000000000000000     ,  0.0000000000000000     ) ( 3.79595296703625546E-006,-2.59846103359063711E-005)
 ( 2.89445929898619631E-003, 1.23402876826271936E-003) (  0.0000000000000000     ,  0.0000000000000000     ) (-1.31069642483873979E-003, 8.33277347499296263E-004)
 ( 6.99211092073734634E-004,-2.09332437581444177E-004) (  0.0000000000000000     ,  0.0000000000000000     ) ( 1.77690915779922152E-004, 2.64143186196687566E-004)
 ( 1.98872592234532414E-004, 8.09067234367968945E-004) (  0.0000000000000000     ,  0.0000000000000000     ) ( 1.81003850937512153E-005,-1.71629263676459457E-005)
 ( 2.19030216119012059E-004, 3.02799478156999449E-003) (  0.0000000000000000     ,  0.0000000000000000     ) (-1.57193536690994275E-003,-3.72339990464199766E-004)
 ( 9.18620892386590388E-004,-1.80073017900510713E-004) (  0.0000000000000000     ,  0.0000000000000000     ) (-5.18236500967015229E-005, 3.26708585958612947E-004)
 (-2.55851573998965899E-005,-2.32160711322766531E-005) (  0.0000000000000000     ,  0.0000000000000000     ) ( 2.79229369245709074E-005, 3.79640111743603637E-006)
 (-2.45513022769896973E-003, 2.96075526449038687E-003) (  0.0000000000000000     ,  0.0000000000000000     ) (-9.21437224685846745E-004,-1.45574737113272228E-003)
 ( 1.23428593637404829E-003, 8.45036089424564289E-004) (  0.0000000000000000     ,  0.0000000000000000     ) (-2.73735251976033511E-004, 2.02213850164213466E-004)
 (-1.88188283156641168E-004,-4.39778107664901506E-004) (  0.0000000000000000     ,  0.0000000000000000     ) ( 1.92606890563786959E-005, 2.35918515257712731E-005)
 (-3.84225860106963014E-003, 1.57705489479477478E-003) (  0.0000000000000000     ,  0.0000000000000000     ) ( 3.47302071175228000E-004,-1.77342026295858606E-003)
 ( 4.47810709167209314E-004, 1.05440486243153428E-003) (  0.0000000000000000     ,  0.0000000000000000     ) (-3.52797177671952092E-004,-5.23724982446664713E-005)
 (-1.74421891624983389E-004, 3.81842388283457166E-004) (  0.0000000000000000     ,  0.0000000000000000     ) (-2.98064919298562028E-006, 2.83310836858897070E-005)
 (-5.09146462513282438E-003,-2.81737656145575246E-003) (  0.0000000000000000     ,  0.0000000000000000     ) ( 1.55055707945597407E-003,-1.05351660681256266E-003)
 (-9.00613264479572769E-004, 6.69770542043715339E-004) (  0.0000000000000000     ,  0.0000000000000000     ) (-2.30373832036915303E-004,-3.02928422229393698E-004)
 ( 8.61792979139547658E-005,-1.87889710292361985E-004) (  0.0000000000000000     ,  0.0000000000000000     ) (-2.46413868946036992E-005, 2.18907905533532513E-005)
 (-1.64994624831293251E-003,-6.49101567682046614E-003) (  0.0000000000000000     ,  0.0000000000000000     ) ( 1.94409520943394465E-003, 3.88810353072312936E-004)
 (-2.11114227871629211E-003, 1.69863420532289570E-004) (  0.0000000000000000     ,  0.0000000000000000     ) ( 4.30272456662993285E-005,-4.06540395978627974E-004)
 ( 4.58516493082205883E-004, 2.83862899091644194E-005) (  0.0000000000000000     ,  0.0000000000000000     ) (-3.52633843158848387E-005,-1.15428039227920951E-006)
 ( 4.64329864763768623E-003,-7.78400357772157658E-003) (  0.0000000000000000     ,  0.0000000000000000     ) ( 1.20111733871814839E-003, 1.79270765718497977E-003)
 (-2.50061486042379728E-003,-1.20328157611501231E-003) (  0.0000000000000000     ,  0.0000000000000000     ) ( 3.28794653465600407E-004,-2.81524827009198980E-004)
 ( 3.92728157298203066E-004,-3.00818360154303304E-005) (  0.0000000000000000     ,  0.0000000000000000     ) (-2.65041523885898610E-005,-2.63451353357582583E-005)
 ( 1.22874592926970685E-002,-3.30047365723427780E-003) (  0.0000000000000000     ,  0.0000000000000000     ) (-4.09638534350483820E-004, 2.31203980784868259E-003)
 (-1.37300023894086458E-003,-3.09582540287480900E-003) (  0.0000000000000000     ,  0.0000000000000000     ) ( 4.65985779119557368E-004, 3.21297719539025242E-005)
 ( 1.60158421348900195E-004, 4.42446721900260583E-004) (  0.0000000000000000     ,  0.0000000000000000     ) (-2.00264645921006689E-006,-4.14961804160884787E-005)
 ( 1.71573732388431537E-002, 8.48146033050051207E-003) (  0.0000000000000000     ,  0.0000000000000000     ) (-2.08104986341324559E-003, 1.47536615359132877E-003)
 ( 1.67227757273630652E-003,-5.04798175176162517E-003) (  0.0000000000000000     ,  0.0000000000000000     ) ( 3.52687240375813241E-004, 3.89739530703526863E-004)
 (-1.71610298966950987E-004, 1.02850647004272544E-003) (  0.0000000000000000     ,  0.0000000000000000     ) ( 2.75907562441816719E-005,-3.62441673998393116E-005)
 ( 9.23237153263918586E-003, 3.02881378230040535E-002) (  0.0000000000000000     ,  0.0000000000000000     ) (-2.81400420671174857E-003,-5.42916653908610911E-004)
 ( 8.32065088507649535E-003,-6.24976158922640069E-003) (  0.0000000000000000     ,  0.0000000000000000     ) (-3.46380847799250612E-007, 6.11356570960592247E-004)
 (-1.79878248962898673E-003, 1.18035213387295023E-003) (  0.0000000000000000     ,  0.0000000000000000     ) ( 5.07995485570125101E-005,-1.10564077968198674E-005)
 (-3.01710726254440127E-002, 6.47100830130311611E-002) (  0.0000000000000000     ,  0.0000000000000000     ) (-1.87868301351154596E-003,-2.92248560209448782E-003)
 ( 2.73028808734081391E-002,-4.53864091603777345E-003) (  0.0000000000000000     ,  0.0000000000000000     ) (-4.92350539873053503E-004, 5.64627733011557431E-004)
 (-7.55420032962049372E-003, 8.91550669462300876E-004) (  0.0000000000000000     ,  0.0000000000000000     ) ( 6.05509821284473161E-005, 2.27912570401090282E-005)
 (-0.22723214846312823     , 9.76129679108044129E-002) (  0.0000000000000000     ,  0.0000000000000000     ) ( 1.24393459784795271E-003,-4.51218720000040683E-003)
 ( 0.12768798431592401     , 4.81394657340598470E-002) (  0.0000000000000000     ,  0.0000000000000000     ) (-1.16122084828202744E-003, 2.10442859398196462E-004)
 (-4.59475794243803526E-002,-2.26090399464245438E-002) (  0.0000000000000000     ,  0.0000000000000000     ) ( 1.22822833408546545E-004, 5.22658993314211709E-005)
 (-0.54487654085530945     , 0.10149763754794418     ) (  21.493243746966318     ,  0.0000000000000000     ) ( 6.33806623393979880E-003,-4.69924738949337780E-003)
 ( 7.83344697645328714E-002,-8.30856799480153563E-003) (  0.0000000000000000     ,  0.0000000000000000     ) (  0.0000000000000000     ,  0.0000000000000000     )
 ( 6.69638941160262957E-002, 5.52358476735186482E-002) (  0.0000000000000000     ,  0.0000000000000000     ) (-5.59003364713579623E-004,-1.53551209617553940E-005)
 ( 1.31970182705764432E-003,-6.96851781079993069E-004) (  0.0000000000000000     ,  0.0000000000000000     ) ( 1.46285475722151599E-004, 2.39797595816112276E-004)
 (-3.31410705538749846E-005,-2.94548011425897337E-004) (  0.0000000000000000     ,  0.0000000000000000     ) ( 4.48028933674675362E-005,-3.15451760477741271E-005)
 ( 2.43407862647249866E-004, 1.77153214075008767E-004) (  0.0000000000000000     ,  0.0000000000000000     ) (-3.26267749537649207E-006,-3.77014502533165858E-006)
 ( 1.26130926558086064E-003, 5.87076836561123720E-004) (  0.0000000000000000     ,  0.0000000000000000     ) (-6.19888482552974140E-005, 2.81186950552753643E-004)
 (-2.47800273926327536E-004,-1.21374014828813312E-003) (  0.0000000000000000     ,  0.0000000000000000     ) ( 5.66109451453858059E-005, 1.13493348886246244E-005)
 ( 3.11579506742253566E-005, 1.99881645158998822E-004) (  0.0000000000000000     ,  0.0000000000000000     ) ( 5.32414924268280331E-007,-5.04023687649267754E-006)
 (-1.29304473434562438E-003,-1.80616962920414608E-004) (  0.0000000000000000     ,  0.0000000000000000     ) (-2.29671894220272079E-004, 1.62432163956499344E-004)
 ( 5.00112346023760790E-004,-4.54858138598089753E-005) (  0.0000000000000000     ,  0.0000000000000000     ) ( 3.41550243023792965E-005, 4.91806380091704855E-005)
 (-1.34731345299853131E-004,-1.23853119758509663E-004) (  0.0000000000000000     ,  0.0000000000000000     ) ( 3.13995180653428455E-006,-3.33509549417262152E-006)
 ( 2.39036409335867563E-004, 6.45362673089936562E-004) (  0.0000000000000000     ,  0.0000000000000000     ) (-2.95904746295498047E-004,-6.08620468424281240E-005)
 (-8.80466827771449932E-005, 8.91332904116977571E-004) (  0.0000000000000000     ,  0.0000000000000000     ) (-8.80195760056698024E-006, 6.05990566149638635E-005)
 ( 1.74144797259177992E-004,-1.89035107240629647E-004) (  0.0000000000000000     ,  0.0000000000000000     ) ( 5.15649060531682018E-006, 4.59228458313620336E-007)
 (-1.21421202332657862E-003, 5.71360794641911983E-004) (  0.0000000000000000     ,  0.0000000000000000     ) (-1.77690915779922152E-004,-2.64143186196695318E-004)
 (-1.75687326224684831E-003, 1.35560040893343095E-003) (  0.0000000000000000     ,  0.0000000000000000     ) (-4.79761618144970733E-005, 3.04991934666684504E-005)
 (-2.54921682086234629E-004,-1.19215270643377680E-005) (  0.0000000000000000     ,  0.0000000000000000     ) ( 4.38744857157517669E-006, 3.77772460288686080E-006)
 (-1.53806814794872539E-003,-1.21096484592339598E-004) (  0.0000000000000000     ,  0.0000000000000000     ) ( 5.18236500967013942E-005,-3.26708585958541281E-004)
 (-4.64736453794898404E-004, 1.06656087140803013E-004) (  0.0000000000000000     ,  0.0000000000000000     ) (-6.22850863360273208E-005,-7.79332324941471278E-006)
 (-7.14995351787038716E-005, 2.00251648434082610E-004) (  0.0000000000000000     ,  0.0000000000000000     ) (-7.05182834936297331E-007, 5.50819346780739029E-006)
 (-9.29085516159620971E-004,-1.88598584101315188E-003) (  0.0000000000000000     ,  0.0000000000000000     ) ( 2.73735251976033294E-004,-2.02213850164958638E-004)
 ( 1.91095350033807860E-004, 8.26228681288996821E-004) (  0.0000000000000000     ,  0.0000000000000000     ) (-4.60823910861901355E-005,-5.34838370254078093E-005)
 ( 2.69712407104357517E-004,-4.40859700133408594E-005) (  0.0000000000000000     ,  0.0000000000000000     ) (-5.32025005654545259E-006, 4.28861928009051517E-006)
 ( 1.12318264269411811E-003,-1.53434431181123307E-003) (  0.0000000000000000     ,  0.0000000000000000     ) ( 3.52797177671952363E-004, 5.23724982446662681E-005)
 ( 3.50860148498929284E-004, 7.44552460913459630E-004) (  0.0000000000000000     ,  0.0000000000000000     ) ( 8.30922983968473755E-007,-7.22428855784292635E-005)
 (-1.84006248055810254E-005, 5.26463876848437044E-005) (  0.0000000000000000     ,  0.0000000000000000     ) (-5.69164493208083807E-006,-1.95584312886583066E-007)
 ( 2.59860572190828004E-003,-6.28130671249594284E-004) (  0.0000000000000000     ,  0.0000000000000000     ) ( 2.30373832036914489E-004, 3.02928422229397818E-004)
 ( 1.91436017905555471E-004,-6.38121224738019493E-004) (  0.0000000000000000     ,  0.0000000000000000     ) ( 5.56488087127656248E-005,-5.04692119151233827E-005)
 ( 2.20358048960518724E-004, 2.19679314890428072E-004) (  0.0000000000000000     ,  0.0000000000000000     ) (-5.21504567501298060E-006,-4.27576687789233038E-006)
 ( 3.13639973354549323E-003, 9.67784953440631204E-004) (  0.0000000000000000     ,  0.0000000000000000     ) (-4.30272456662994369E-005, 4.06540395983284242E-004)
 ( 5.42013301984471977E-004,-7.34176356509383659E-004) (  0.0000000000000000     ,  0.0000000000000000     ) ( 7.89355391525923790E-005, 2.32024201688501241E-006)
 ( 2.64217497284656617E-004, 3.47471413356201231E-004) (  0.0000000000000000     ,  0.0000000000000000     ) (-1.33153071457673045E-006,-6.70773969990976195E-006)
 ( 1.88999271051438914E-003, 3.29361176819607023E-003) (  0.0000000000000000     ,  0.0000000000000000     ) (-3.28794653465600245E-004, 2.81524827008268572E-004)
 ( 7.65882880715005221E-004,-6.63050362057014458E-004) (  0.0000000000000000     ,  0.0000000000000000     ) ( 6.16182785956568982E-005, 6.10925094211657230E-005)
 ( 1.92600664756760535E-005, 3.06464345787731834E-004) (  0.0000000000000000     ,  0.0000000000000000     ) ( 3.77764144336572186E-006,-6.02877682232129291E-006)
 (-1.38028255586573976E-003, 4.95239253154203078E-003) (  0.0000000000000000     ,  0.0000000000000000     ) (-4.65985779119557368E-004,-3.21297719503959298E-005)
 ( 9.33775072024367017E-004,-9.84892407422149798E-005) (  0.0000000000000000     ,  0.0000000000000000     ) ( 6.80053769674022029E-006, 9.41924770157393496E-005)
 (-1.37922889945596612E-004, 1.18504367469225380E-004) (  0.0000000000000000     ,  0.0000000000000000     ) ( 7.19749222351435268E-006,-1.47942439372020061E-006)
 (-6.22201333981797257E-003, 4.56126571705402911E-003) (  0.0000000000000000     ,  0.0000000000000000     ) (-3.52687240375813621E-004,-3.89739530703526755E-004)
 ( 1.03847306265047188E-003, 9.89716757856575749E-004) (  0.0000000000000000     ,  0.0000000000000000     ) (-6.14403406375496288E-005, 8.15321299497805553E-005)
 (-4.25718772759701774E-004,-1.83440558125402251E-004) (  0.0000000000000000     ,  0.0000000000000000     ) ( 7.67729280404171204E-006, 3.98874344540030986E-006)
 (-1.29302440627915814E-002, 1.03113340548921647E-003) (  0.0000000000000000     ,  0.0000000000000000     ) ( 3.46380847799396143E-007,-6.11356570975221279E-004)
 ( 1.73156323742861993E-003, 2.67864400804149845E-003) (  0.0000000000000000     ,  0.0000000000000000     ) (-1.13744523950923068E-004, 2.62005114484193009E-005)
 (-6.53955987714219884E-004,-4.99367356593348726E-004) (  0.0000000000000000     ,  0.0000000000000000     ) ( 3.89020773544544472E-006, 7.92688442099378404E-006)
 (-2.62005706329282717E-002,-8.39892911035552449E-003) (  0.0000000000000000     ,  0.0000000000000000     ) ( 4.92350539872834819E-004,-5.64627733016494129E-004)
 ( 5.65494811440846699E-003, 7.69230462268597880E-003) (  0.0000000000000000     ,  0.0000000000000000     ) (-1.37245834697013281E-004,-5.18849790224602963E-005)
 (-2.00703816098976194E-003,-2.16085849348423729E-003) (  0.0000000000000000     ,  0.0000000000000000     ) ( 1.34575553992089217E-006, 9.40698651801184354E-006)
 (-0.10389131990896465     ,-7.31760136179089721E-002) (  0.0000000000000000     ,  0.0000000000000000     ) ( 1.16122084828202679E-003,-2.10442859394478353E-004)
 ( 3.73369465713522253E-002, 7.00381931460872381E-002) (  0.0000000000000000     ,  0.0000000000000000     ) (-2.48456912372583118E-004,-1.22677950580696884E-004)
 (-1.75722764686917117E-002,-3.34524140465211478E-002) (  0.0000000000000000     ,  0.0000000000000000     ) ( 5.69939469651506913E-005, 3.97444489058329527E-006)
 ( 7.83344697645328297E-002,-8.30856799480163624E-003) (  0.0000000000000000     ,  0.0000000000000000     ) (  0.0000000000000000     ,  0.0000000000000000     )
 (-0.83107467503092980     , 0.51372124377259765     ) (  28.876873835844489     , -28.876873835844489     ) ( 2.30400040001401589E-003, 7.75770482325758036E-005)
 ( 1.37927094730611495E-002, 1.28900735512458495E-002) (  0.0000000000000000     ,  0.0000000000000000     ) (  0.0000000000000000     ,  0.0000000000000000     )
 (-1.70898023855347442E-004, 4.45681232280448853E-004) (  0.0000000000000000     ,  0.0000000000000000     ) (-1.98410390453131679E-005, 1.06932866175590178E-005)
 (-2.43407862643759548E-004,-1.77153214073277106E-004) (  0.0000000000000000     ,  0.0000000000000000     ) ( 3.26267749537640483E-006, 3.77014502533166621E-006)
 ( 2.13886172489631565E-004, 4.27111382308180648E-004) (  0.0000000000000000     ,  0.0000000000000000     ) (-9.22323446857726285E-007, 5.43941864096439238E-008)
 (-2.65102492304141596E-004,-3.94574583368291140E-004) (  0.0000000000000000     ,  0.0000000000000000     ) (-2.42929960110183791E-005,-4.25239958371561834E-006)
 (-1.55038659688873164E-004,-3.42779215863049744E-004) (  0.0000000000000000     ,  0.0000000000000000     ) (-5.32414924268064126E-007, 5.04023687649268770E-006)
 (-3.06005375389304529E-005,-6.48585615317248134E-005) (  0.0000000000000000     ,  0.0000000000000000     ) ( 4.84692177535572041E-007,-9.34141275612242076E-008)
 (-3.04773397435125111E-005,-5.23546286816927581E-006) (  0.0000000000000000     ,  0.0000000000000000     ) (-1.49068872094138112E-005,-2.13828879373572468E-005)
 (-2.01354611419073300E-005,-6.09242800456806163E-006) (  0.0000000000000000     ,  0.0000000000000000     ) (-3.13995180653383181E-006, 3.33509549417264566E-006)
 (-7.79978526012389643E-005, 2.73269333631645642E-005) (  0.0000000000000000     ,  0.0000000000000000     ) ( 3.36317002897570599E-007, 2.46710669067808437E-007)
 (-4.63111797813151038E-005,-4.27639040519910835E-004) (  0.0000000000000000     ,  0.0000000000000000     ) ( 3.79595296703618262E-006,-2.59846103359063813E-005)
 (-9.67202005324671599E-005, 2.49489695474193951E-004) (  0.0000000000000000     ,  0.0000000000000000     ) (-5.15649060531621710E-006,-4.59228458313606360E-007)
 ( 1.57779394245333464E-004,-3.81529418741137169E-004) (  0.0000000000000000     ,  0.0000000000000000     ) ( 1.81527325290883815E-007, 9.49369957945424122E-007)
 ( 5.62138806119998231E-004, 9.13073337264804765E-004) (  0.0000000000000000     ,  0.0000000000000000     ) ( 1.81003850937512526E-005,-1.71629263676460304E-005)
 ( 2.54364312192550436E-004, 1.83961861721189477E-004) (  0.0000000000000000     ,  0.0000000000000000     ) (-4.38744857157503524E-006,-3.77772460288685360E-006)
 (-1.31479363183006491E-003, 1.08202348821355757E-003) (  0.0000000000000000     ,  0.0000000000000000     ) (-3.88467476698110036E-007,-3.99907245425492112E-006)
 (-4.49789097471415406E-006,-9.78393439343208660E-005) (  0.0000000000000000     ,  0.0000000000000000     ) ( 2.79229369245708803E-005, 3.79640111743603256E-006)
 ( 1.06283262666484035E-004,-3.58841383482865189E-004) (  0.0000000000000000     ,  0.0000000000000000     ) ( 7.05182834936258791E-007,-5.50819346780740130E-006)
 ( 1.36770278189888748E-004, 5.26011003868970847E-006) (  0.0000000000000000     ,  0.0000000000000000     ) (-6.79349742515000395E-007, 1.36220247246062615E-008)
 (-3.67809032995992848E-004,-2.10885000129607328E-004) (  0.0000000000000000     ,  0.0000000000000000     ) ( 1.92606890563786722E-005, 2.35918515257712765E-005)
 (-2.13348991740424515E-004, 3.12341371960398947E-006) (  0.0000000000000000     ,  0.0000000000000000     ) ( 5.32025005654492150E-006,-4.28861928009053719E-006)
 ( 6.20197671380370445E-005,-3.27092789756296728E-004) (  0.0000000000000000     ,  0.0000000000000000     ) ( 3.30619244695750059E-008,-3.60082716251151964E-008)
 (-3.99626794741261664E-004, 6.69927270638213945E-004) (  0.0000000000000000     ,  0.0000000000000000     ) (-2.98064919298567237E-006, 2.83310836858896901E-005)
 ( 1.11326243225917405E-004, 2.36964335830493937E-004) (  0.0000000000000000     ,  0.0000000000000000     ) ( 5.69164493208019348E-006, 1.95584312886565755E-007)
 (-5.88761511423169747E-005, 1.06459578806147073E-004) (  0.0000000000000000     ,  0.0000000000000000     ) (-1.00523715397916034E-007,-2.79857255827165221E-007)
 (-2.46988200623885629E-004,-3.82446839276907348E-004) (  0.0000000000000000     ,  0.0000000000000000     ) (-2.46413868946037026E-005, 2.18907905533685792E-005)
 (-8.27511816235033948E-005,-1.33357142183874663E-004) (  0.0000000000000000     ,  0.0000000000000000     ) ( 5.21504567501245036E-006, 4.27576687789229650E-006)
 ( 1.11308510390056565E-004, 9.57997568983380956E-005) (  0.0000000000000000     ,  0.0000000000000000     ) (-6.16302573050178837E-008,-4.40707394680262540E-007)
 ( 1.04498523655127684E-004,-3.57671813662996732E-004) (  0.0000000000000000     ,  0.0000000000000000     ) (-3.52633843158849743E-005,-1.15428039227920951E-006)
 (-3.89782979894125669E-004,-3.44605004012724613E-004) (  0.0000000000000000     ,  0.0000000000000000     ) ( 1.33153071457664384E-006, 6.70773969990973993E-006)
 ( 4.48070116235309312E-004, 4.79573484544750200E-004) (  0.0000000000000000     ,  0.0000000000000000     ) (-9.79496219730201956E-007, 3.18653369015334423E-007)
 ( 2.29127770468564359E-004,-5.76849212226225247E-004) (  0.0000000000000000     ,  0.0000000000000000     ) (-2.65041523885897966E-005,-2.63451353357582787E-005)
 (-3.68714786866486269E-004,-4.80799046427545906E-004) (  0.0000000000000000     ,  0.0000000000000000     ) (-3.77764144336537500E-006, 6.02877682232127597E-006)
 ( 1.38081286072793134E-004,-2.34331158616163230E-004) (  0.0000000000000000     ,  0.0000000000000000     ) ( 8.45706937500109719E-007, 8.94044328377263188E-007)
 ( 6.26957445310518530E-004, 8.78621136088473392E-005) (  0.0000000000000000     ,  0.0000000000000000     ) (-2.00264645921007282E-006,-4.14961804160884380E-005)
 (-1.81403036545100399E-004,-3.81701360723515860E-004) (  0.0000000000000000     ,  0.0000000000000000     ) (-7.19749222351458815E-006, 1.47942439372016419E-006)
 (-1.36135694489768980E-004,-5.63492689206052382E-005) (  0.0000000000000000     ,  0.0000000000000000     ) ( 5.35177590167116634E-007, 4.63836121334084049E-007)
 ( 8.08335456668153249E-004, 1.14868655733647157E-003) (  0.0000000000000000     ,  0.0000000000000000     ) ( 2.75907562441817566E-005,-3.62441673998390880E-005)
 ( 3.66997759497823123E-004,-2.84713202844196541E-004) (  0.0000000000000000     ,  0.0000000000000000     ) (-7.67729280404192888E-006,-3.98874344540033951E-006)
 (-3.44713874415169359E-004,-1.62468148651517504E-004) (  0.0000000000000000     ,  0.0000000000000000     ) ( 8.42363995292657526E-007, 3.14586817101558358E-007)
 (-8.35145270166239018E-004, 2.22411515538630498E-003) (  0.0000000000000000     ,  0.0000000000000000     ) ( 5.07995485570194896E-005,-1.10564077968198386E-005)
 ( 1.10893266003043263E-003,-1.44388992353494151E-004) (  0.0000000000000000     ,  0.0000000000000000     ) (-3.89020773544555906E-006,-7.92688442099379929E-006)
 (-3.18248044918739551E-004,-2.56710757608949154E-004) (  0.0000000000000000     ,  0.0000000000000000     ) ( 2.46320573726039332E-007, 3.34915934117719373E-007)
 (-7.62857519821802388E-003, 3.12470234974064447E-003) (  0.0000000000000000     ,  0.0000000000000000     ) ( 6.05509821284473500E-005, 2.27912570401090113E-005)
 ( 3.66769771236703877E-003, 1.68908549304264870E-003) (  0.0000000000000000     ,  0.0000000000000000     ) (-1.34575553992083076E-006,-9.40698651801182829E-006)
 (-1.27653228200392665E-003,-6.24488407277870041E-004) (  0.0000000000000000     ,  0.0000000000000000     ) ( 2.85756863976466293E-007,-2.32266987253376543E-007)
 (-4.87682153149272477E-002,-1.99974411071305244E-002) (  0.0000000000000000     ,  0.0000000000000000     ) ( 1.22822833408544159E-004, 5.22658993314211438E-005)
 ( 2.31039176041583465E-002, 3.44816302789430970E-002) (  0.0000000000000000     ,  0.0000000000000000     ) (-5.69939469651507659E-005,-3.97444489058320549E-006)
 (-1.05172066712562427E-002,-1.86887793911033814E-002) (  0.0000000000000000     ,  0.0000000000000000     ) ( 2.96771044894379123E-005,-1.23293204652911382E-006)
 ( 6.69638941160263512E-002, 5.52358476735186135E-002) (  0.0000000000000000     ,  0.0000000000000000     ) (-5.59003364713579623E-004,-1.53551209617555261E-005)
 ( 1.37927094730611495E-002, 1.28900735512458703E-002) (  0.0000000000000000     ,  0.0000000000000000     ) (  0.0000000000000000     ,  0.0000000000000000     )
 (-0.87542791742567561     , 0.44713227008989592     ) (  41.095471280805093     , -41.095471280805093     ) ( 1.27730814593763351E-003, 5.41577401345160836E-005)
